ISO-10303-21;
HEADER;
FILE_DESCRIPTION(('CATIA V5 STEP Exchange'),'2;1');

FILE_NAME('C:\\Users\\Dell\\Desktop\\2022-1-5\X2\516C53F863A55355\X0\750\\13\X2\4E2A4EA44ED8\X0\\\MSDD90705-0.3m\\MSDD90705-0.3m.stp','2023-02-20T09:00:19+00:00',('none'),('none'),'CATIA Version 5 Release 21 GA (IN-10)','CATIA V5 STEP AP203','none');

FILE_SCHEMA(('CONFIG_CONTROL_DESIGN'));

ENDSEC;
/* file written by CATIA V5R21 */
DATA;
#5=PRODUCT('Product1','','',(#2)) ;
#56=PRODUCT('Part1','','',(#2)) ;
#4556=PRODUCT('Part1.1','','',(#2)) ;
#1=APPLICATION_CONTEXT('configuration controlled 3D design of mechanical parts and assemblies') ;
#17=PRODUCT_DEFINITION('',' ',#6,#3) ;
#19=SECURITY_CLASSIFICATION(' ',' ',#18) ;
#18=SECURITY_CLASSIFICATION_LEVEL('unclassified') ;
#63=CARTESIAN_POINT('Axis2P3D Location',(0.,0.,-49.)) ;
#68=CARTESIAN_POINT('Line Origine',(2.75,0.,-49.)) ;
#72=CARTESIAN_POINT('Vertex',(2.75,0.,-34.)) ;
#74=CARTESIAN_POINT('Vertex',(2.75,0.,-64.)) ;
#77=CARTESIAN_POINT('Axis2P3D Location',(0.,0.,-34.)) ;
#81=CARTESIAN_POINT('Vertex',(-2.75,-1.55801207439E-015,-34.)) ;
#84=CARTESIAN_POINT('Line Origine',(-2.75,-1.55801207439E-015,-49.)) ;
#88=CARTESIAN_POINT('Vertex',(-2.75,-1.55801207439E-015,-64.)) ;
#91=CARTESIAN_POINT('Axis2P3D Location',(0.,0.,-64.)) ;
#103=CARTESIAN_POINT('Axis2P3D Location',(0.,0.,-49.)) ;
#108=CARTESIAN_POINT('Axis2P3D Location',(0.,0.,-34.)) ;
#113=CARTESIAN_POINT('Axis2P3D Location',(0.,0.,-64.)) ;
#125=CARTESIAN_POINT('Axis2P3D Location',(0.,0.,-34.)) ;
#130=CARTESIAN_POINT('Axis2P3D Location',(-4.4408920985E-016,4.4408920985E-016,-34.)) ;
#134=CARTESIAN_POINT('Vertex',(4.5,0.,-34.)) ;
#136=CARTESIAN_POINT('Vertex',(-4.5,-9.9516206907E-016,-34.)) ;
#139=CARTESIAN_POINT('Axis2P3D Location',(4.4408920985E-016,-4.4408920985E-016,-34.)) ;
#153=CARTESIAN_POINT('Axis2P3D Location',(0.,0.,-64.)) ;
#163=CARTESIAN_POINT('Axis2P3D Location',(0.,0.,-28.5)) ;
#168=CARTESIAN_POINT('Line Origine',(4.5,0.,-28.5)) ;
#172=CARTESIAN_POINT('Vertex',(4.5,1.10214571844E-015,-24.)) ;
#174=CARTESIAN_POINT('Vertex',(4.5,9.09575149574E-015,-23.5)) ;
#178=CARTESIAN_POINT('Control Point',(4.,-2.06155281281,-24.)) ;
#179=CARTESIAN_POINT('Control Point',(4.25253721828,-1.57155863616,-24.)) ;
#180=CARTESIAN_POINT('Control Point',(4.42107137996,-1.04358632231,-23.8419167522)) ;
#181=CARTESIAN_POINT('Control Point',(4.5,-0.522955452961,-23.6743184844)) ;
#182=CARTESIAN_POINT('Control Point',(4.5,-2.22044604925E-016,-23.5)) ;
#183=CARTESIAN_POINT('Vertex',(4.,-2.06155281281,-24.)) ;
#186=CARTESIAN_POINT('Axis2P3D Location',(0.,0.,-24.)) ;
#190=CARTESIAN_POINT('Vertex',(-4.,-2.06155281281,-24.)) ;
#194=CARTESIAN_POINT('Control Point',(-4.,-2.06155281281,-24.)) ;
#195=CARTESIAN_POINT('Control Point',(-4.25253721829,-1.57155863615,-24.)) ;
#196=CARTESIAN_POINT('Control Point',(-4.42107137995,-1.0435863223,-23.8419167522)) ;
#197=CARTESIAN_POINT('Control Point',(-4.5,-0.522955452971,-23.6743184844)) ;
#198=CARTESIAN_POINT('Control Point',(-4.5,-6.95887791835E-013,-23.5)) ;
#199=CARTESIAN_POINT('Vertex',(-4.5,-5.5107285922E-016,-23.5)) ;
#202=CARTESIAN_POINT('Line Origine',(-4.5,-5.5107285922E-016,-28.5)) ;
#206=CARTESIAN_POINT('Vertex',(-4.5,-5.5107285922E-016,-24.)) ;
#209=CARTESIAN_POINT('Line Origine',(-4.5,-5.5107285922E-016,-28.5)) ;
#213=CARTESIAN_POINT('Vertex',(-4.5,-1.66913294369E-015,-25.)) ;
#216=CARTESIAN_POINT('Axis2P3D Location',(0.,0.,-25.)) ;
#220=CARTESIAN_POINT('Vertex',(-0.5,-4.47213595547,-25.)) ;
#223=CARTESIAN_POINT('Line Origine',(-0.5,-4.472135955,-28.5)) ;
#227=CARTESIAN_POINT('Vertex',(-0.5,-4.47213595547,-26.5)) ;
#230=CARTESIAN_POINT('Axis2P3D Location',(0.,0.,-26.5)) ;
#234=CARTESIAN_POINT('Vertex',(-4.5,-1.66913294369E-015,-26.5)) ;
#237=CARTESIAN_POINT('Line Origine',(-4.5,-5.5107285922E-016,-28.5)) ;
#241=CARTESIAN_POINT('Vertex',(-4.5,-1.66913294369E-015,-31.)) ;
#244=CARTESIAN_POINT('Axis2P3D Location',(0.,0.,-31.)) ;
#248=CARTESIAN_POINT('Vertex',(-0.5,-4.47213595547,-31.)) ;
#251=CARTESIAN_POINT('Line Origine',(-0.5,-4.472135955,-28.5)) ;
#255=CARTESIAN_POINT('Vertex',(-0.5,-4.47213595547,-32.5)) ;
#258=CARTESIAN_POINT('Axis2P3D Location',(0.,0.,-32.5)) ;
#262=CARTESIAN_POINT('Vertex',(-4.5,-1.66913294369E-015,-32.5)) ;
#265=CARTESIAN_POINT('Line Origine',(-4.5,-5.5107285922E-016,-28.5)) ;
#270=CARTESIAN_POINT('Line Origine',(4.5,0.,-28.5)) ;
#274=CARTESIAN_POINT('Vertex',(4.5,1.11806008447E-015,-32.5)) ;
#277=CARTESIAN_POINT('Axis2P3D Location',(0.,0.,-32.5)) ;
#281=CARTESIAN_POINT('Vertex',(0.5,-4.47213595504,-32.5)) ;
#284=CARTESIAN_POINT('Line Origine',(0.5,-4.472135955,-28.5)) ;
#288=CARTESIAN_POINT('Vertex',(0.5,-4.47213595547,-31.)) ;
#291=CARTESIAN_POINT('Axis2P3D Location',(0.,0.,-31.)) ;
#295=CARTESIAN_POINT('Vertex',(4.5,1.11806008447E-015,-31.)) ;
#298=CARTESIAN_POINT('Line Origine',(4.5,0.,-28.5)) ;
#302=CARTESIAN_POINT('Vertex',(4.5,1.11806008447E-015,-26.5)) ;
#305=CARTESIAN_POINT('Axis2P3D Location',(0.,0.,-26.5)) ;
#309=CARTESIAN_POINT('Vertex',(0.5,-4.47213595504,-26.5)) ;
#312=CARTESIAN_POINT('Line Origine',(0.5,-4.472135955,-28.5)) ;
#316=CARTESIAN_POINT('Vertex',(0.5,-4.47213595547,-25.)) ;
#319=CARTESIAN_POINT('Axis2P3D Location',(0.,0.,-25.)) ;
#323=CARTESIAN_POINT('Vertex',(4.5,1.11806008447E-015,-25.)) ;
#326=CARTESIAN_POINT('Line Origine',(4.5,0.,-28.5)) ;
#357=CARTESIAN_POINT('Axis2P3D Location',(0.,0.,-28.)) ;
#361=CARTESIAN_POINT('Vertex',(-4.47213595547,-0.5,-28.)) ;
#363=CARTESIAN_POINT('Vertex',(4.47213595547,-0.5,-28.)) ;
#366=CARTESIAN_POINT('Line Origine',(4.472135955,-0.5,-28.5)) ;
#370=CARTESIAN_POINT('Vertex',(4.47213595547,-0.5,-29.5)) ;
#373=CARTESIAN_POINT('Axis2P3D Location',(0.,0.,-29.5)) ;
#377=CARTESIAN_POINT('Vertex',(-4.4721359552,-0.5,-29.5)) ;
#380=CARTESIAN_POINT('Line Origine',(-4.472135955,-0.5,-28.5)) ;
#392=CARTESIAN_POINT('Axis2P3D Location',(0.,0.,-28.5)) ;
#398=CARTESIAN_POINT('Control Point',(4.,2.06155281281,-24.)) ;
#399=CARTESIAN_POINT('Control Point',(4.25253721828,1.57155863616,-24.)) ;
#400=CARTESIAN_POINT('Control Point',(4.42107137995,1.04358632231,-23.8419167522)) ;
#401=CARTESIAN_POINT('Control Point',(4.5,0.522955452966,-23.6743184844)) ;
#402=CARTESIAN_POINT('Control Point',(4.5,8.881784197E-015,-23.5)) ;
#403=CARTESIAN_POINT('Vertex',(4.,2.06155281281,-24.)) ;
#406=CARTESIAN_POINT('Axis2P3D Location',(0.,0.,-25.)) ;
#410=CARTESIAN_POINT('Vertex',(0.5,4.47213595547,-25.)) ;
#413=CARTESIAN_POINT('Line Origine',(0.5,4.472135955,-28.5)) ;
#417=CARTESIAN_POINT('Vertex',(0.5,4.47213595547,-26.5)) ;
#420=CARTESIAN_POINT('Axis2P3D Location',(0.,0.,-26.5)) ;
#425=CARTESIAN_POINT('Axis2P3D Location',(0.,0.,-31.)) ;
#429=CARTESIAN_POINT('Vertex',(0.5,4.47213595547,-31.)) ;
#432=CARTESIAN_POINT('Line Origine',(0.5,4.472135955,-28.5)) ;
#436=CARTESIAN_POINT('Vertex',(0.5,4.47213595547,-32.5)) ;
#439=CARTESIAN_POINT('Axis2P3D Location',(0.,0.,-32.5)) ;
#444=CARTESIAN_POINT('Axis2P3D Location',(0.,0.,-32.5)) ;
#448=CARTESIAN_POINT('Vertex',(-0.5,4.47213595589,-32.5)) ;
#451=CARTESIAN_POINT('Line Origine',(-0.5,4.472135955,-28.5)) ;
#455=CARTESIAN_POINT('Vertex',(-0.5,4.47213595547,-31.)) ;
#458=CARTESIAN_POINT('Axis2P3D Location',(0.,0.,-31.)) ;
#463=CARTESIAN_POINT('Axis2P3D Location',(0.,0.,-26.5)) ;
#467=CARTESIAN_POINT('Vertex',(-0.5,4.47213595589,-26.5)) ;
#470=CARTESIAN_POINT('Line Origine',(-0.5,4.472135955,-28.5)) ;
#474=CARTESIAN_POINT('Vertex',(-0.5,4.47213595547,-25.)) ;
#477=CARTESIAN_POINT('Axis2P3D Location',(0.,0.,-25.)) ;
#483=CARTESIAN_POINT('Control Point',(-4.,2.06155281281,-24.)) ;
#484=CARTESIAN_POINT('Control Point',(-4.25253721829,1.57155863615,-24.)) ;
#485=CARTESIAN_POINT('Control Point',(-4.42107137995,1.0435863223,-23.8419167522)) ;
#486=CARTESIAN_POINT('Control Point',(-4.5,0.522955452972,-23.6743184844)) ;
#487=CARTESIAN_POINT('Control Point',(-4.5,4.54969395491E-013,-23.5)) ;
#488=CARTESIAN_POINT('Vertex',(-4.,2.06155281281,-24.)) ;
#491=CARTESIAN_POINT('Axis2P3D Location',(0.,0.,-24.)) ;
#522=CARTESIAN_POINT('Axis2P3D Location',(0.,0.,-28.)) ;
#526=CARTESIAN_POINT('Vertex',(4.47213595547,0.5,-28.)) ;
#528=CARTESIAN_POINT('Vertex',(-4.47213595547,0.5,-28.)) ;
#531=CARTESIAN_POINT('Line Origine',(-4.472135955,0.5,-28.5)) ;
#535=CARTESIAN_POINT('Vertex',(-4.47213595547,0.5,-29.5)) ;
#538=CARTESIAN_POINT('Axis2P3D Location',(0.,0.,-29.5)) ;
#542=CARTESIAN_POINT('Vertex',(4.47213595504,0.5,-29.5)) ;
#545=CARTESIAN_POINT('Line Origine',(4.472135955,0.5,-28.5)) ;
#557=CARTESIAN_POINT('Axis2P3D Location',(4.,-8.881784197E-016,-23.5)) ;
#562=CARTESIAN_POINT('Line Origine',(4.,0.,-24.)) ;
#566=CARTESIAN_POINT('Vertex',(4.,-5.,-24.)) ;
#569=CARTESIAN_POINT('Line Origine',(4.5,0.,-23.5)) ;
#573=CARTESIAN_POINT('Vertex',(4.5,-5.,-23.5)) ;
#576=CARTESIAN_POINT('Axis2P3D Location',(4.,-5.,-23.5)) ;
#588=CARTESIAN_POINT('Axis2P3D Location',(0.,0.,-24.)) ;
#593=CARTESIAN_POINT('Line Origine',(-4.,-3.53077640664,-24.)) ;
#597=CARTESIAN_POINT('Vertex',(-4.,-5.,-24.)) ;
#600=CARTESIAN_POINT('Line Origine',(0.,-5.,-24.)) ;
#612=CARTESIAN_POINT('Axis2P3D Location',(-4.,0.,-23.5)) ;
#617=CARTESIAN_POINT('Line Origine',(-4.5,0.,-23.5)) ;
#621=CARTESIAN_POINT('Vertex',(-4.5,-5.,-23.5)) ;
#624=CARTESIAN_POINT('Axis2P3D Location',(-4.,-5.,-23.5)) ;
#636=CARTESIAN_POINT('Axis2P3D Location',(0.,0.,-25.)) ;
#641=CARTESIAN_POINT('Line Origine',(-0.5,3.5881497059,-25.)) ;
#645=CARTESIAN_POINT('Vertex',(-0.5,2.7041634566,-25.)) ;
#648=CARTESIAN_POINT('Axis2P3D Location',(-3.15279136132E-010,-2.22044604925E-016,-25.)) ;
#652=CARTESIAN_POINT('Vertex',(-2.7041634566,-0.499999999999,-25.)) ;
#655=CARTESIAN_POINT('Axis2P3D Location',(-3.15279136132E-010,-2.22044604925E-016,-25.)) ;
#659=CARTESIAN_POINT('Vertex',(-0.5,-2.7041634566,-25.)) ;
#662=CARTESIAN_POINT('Line Origine',(-0.5,-3.5881497059,-25.)) ;
#676=CARTESIAN_POINT('Axis2P3D Location',(-0.5,7.59769606074,-32.5)) ;
#681=CARTESIAN_POINT('Line Origine',(-0.5,-2.70416345591,-25.75)) ;
#685=CARTESIAN_POINT('Vertex',(-0.5,-2.7041634566,-26.5)) ;
#688=CARTESIAN_POINT('Line Origine',(-0.5,-3.58814970548,-26.5)) ;
#700=CARTESIAN_POINT('Axis2P3D Location',(0.,0.,-26.5)) ;
#705=CARTESIAN_POINT('Axis2P3D Location',(-3.15279136132E-010,-2.22044604925E-016,-26.5)) ;
#709=CARTESIAN_POINT('Vertex',(-2.7041634566,-0.499999999999,-26.5)) ;
#712=CARTESIAN_POINT('Axis2P3D Location',(-3.15279136132E-010,-2.22044604925E-016,-26.5)) ;
#716=CARTESIAN_POINT('Vertex',(-0.5,2.7041634566,-26.5)) ;
#719=CARTESIAN_POINT('Line Origine',(-0.5,3.5881497059,-26.5)) ;
#733=CARTESIAN_POINT('Axis2P3D Location',(0.,0.,-31.)) ;
#738=CARTESIAN_POINT('Line Origine',(-0.5,3.5881497059,-31.)) ;
#742=CARTESIAN_POINT('Vertex',(-0.5,2.7041634566,-31.)) ;
#745=CARTESIAN_POINT('Axis2P3D Location',(-3.15279136132E-010,-2.22044604925E-016,-31.)) ;
#749=CARTESIAN_POINT('Vertex',(-2.7041634566,-0.499999999999,-31.)) ;
#752=CARTESIAN_POINT('Axis2P3D Location',(-3.15279136132E-010,-2.22044604925E-016,-31.)) ;
#756=CARTESIAN_POINT('Vertex',(-0.5,-2.7041634566,-31.)) ;
#759=CARTESIAN_POINT('Line Origine',(-0.5,-3.5881497059,-31.)) ;
#773=CARTESIAN_POINT('Line Origine',(-0.5,-2.70416345591,-31.75)) ;
#777=CARTESIAN_POINT('Vertex',(-0.5,-2.7041634566,-32.5)) ;
#780=CARTESIAN_POINT('Line Origine',(-0.5,-3.58814970548,-32.5)) ;
#792=CARTESIAN_POINT('Axis2P3D Location',(0.,0.,-32.5)) ;
#797=CARTESIAN_POINT('Axis2P3D Location',(-3.15279136132E-010,-2.22044604925E-016,-32.5)) ;
#801=CARTESIAN_POINT('Vertex',(-2.7041634566,-0.499999999999,-32.5)) ;
#804=CARTESIAN_POINT('Axis2P3D Location',(-3.15279136132E-010,-2.22044604925E-016,-32.5)) ;
#808=CARTESIAN_POINT('Vertex',(-0.5,2.7041634566,-32.5)) ;
#811=CARTESIAN_POINT('Line Origine',(-0.5,3.5881497059,-32.5)) ;
#825=CARTESIAN_POINT('Line Origine',(0.5,3.5881497059,-32.5)) ;
#829=CARTESIAN_POINT('Vertex',(0.5,2.7041634566,-32.5)) ;
#832=CARTESIAN_POINT('Axis2P3D Location',(3.15279136132E-010,2.22044604925E-016,-32.5)) ;
#836=CARTESIAN_POINT('Vertex',(0.499999999999,-2.7041634566,-32.5)) ;
#839=CARTESIAN_POINT('Line Origine',(0.5,-3.5881497059,-32.5)) ;
#852=CARTESIAN_POINT('Axis2P3D Location',(0.5,7.59769606074,-32.5)) ;
#857=CARTESIAN_POINT('Line Origine',(0.5,-2.70416345591,-31.75)) ;
#861=CARTESIAN_POINT('Vertex',(0.5,-2.7041634566,-31.)) ;
#864=CARTESIAN_POINT('Line Origine',(0.5,-3.58814970548,-31.)) ;
#876=CARTESIAN_POINT('Axis2P3D Location',(3.15279136132E-010,2.22044604925E-016,-31.)) ;
#880=CARTESIAN_POINT('Vertex',(0.5,2.7041634566,-31.)) ;
#883=CARTESIAN_POINT('Line Origine',(0.5,3.5881497059,-31.)) ;
#896=CARTESIAN_POINT('Line Origine',(0.5,3.5881497059,-26.5)) ;
#900=CARTESIAN_POINT('Vertex',(0.5,2.7041634566,-26.5)) ;
#903=CARTESIAN_POINT('Axis2P3D Location',(3.15279136132E-010,2.22044604925E-016,-26.5)) ;
#907=CARTESIAN_POINT('Vertex',(0.499999999999,-2.7041634566,-26.5)) ;
#910=CARTESIAN_POINT('Line Origine',(0.5,-3.5881497059,-26.5)) ;
#923=CARTESIAN_POINT('Line Origine',(0.5,-2.70416345591,-25.75)) ;
#927=CARTESIAN_POINT('Vertex',(0.5,-2.7041634566,-25.)) ;
#930=CARTESIAN_POINT('Line Origine',(0.5,-3.58814970548,-25.)) ;
#942=CARTESIAN_POINT('Axis2P3D Location',(3.15279136132E-010,2.22044604925E-016,-25.)) ;
#946=CARTESIAN_POINT('Vertex',(0.5,2.7041634566,-25.)) ;
#949=CARTESIAN_POINT('Line Origine',(0.5,3.5881497059,-25.)) ;
#962=CARTESIAN_POINT('Axis2P3D Location',(0.,0.,-28.)) ;
#967=CARTESIAN_POINT('Line Origine',(-3.5881497059,-0.5,-28.)) ;
#971=CARTESIAN_POINT('Vertex',(-2.7041634566,-0.5,-28.)) ;
#974=CARTESIAN_POINT('Axis2P3D Location',(2.22044604925E-016,-3.15279136132E-010,-28.)) ;
#978=CARTESIAN_POINT('Vertex',(2.7041634566,-0.5,-28.)) ;
#981=CARTESIAN_POINT('Line Origine',(3.5881497059,-0.5,-28.)) ;
#993=CARTESIAN_POINT('Axis2P3D Location',(2.7041634566,-0.5,-29.5)) ;
#998=CARTESIAN_POINT('Line Origine',(2.7041634566,-0.5,-28.75)) ;
#1002=CARTESIAN_POINT('Vertex',(2.7041634566,-0.5,-29.5)) ;
#1005=CARTESIAN_POINT('Line Origine',(3.58814970617,-0.5,-29.5)) ;
#1017=CARTESIAN_POINT('Axis2P3D Location',(0.,0.,-29.5)) ;
#1022=CARTESIAN_POINT('Axis2P3D Location',(2.22044604925E-016,-3.15279136132E-010,-29.5)) ;
#1026=CARTESIAN_POINT('Vertex',(-2.7041634566,-0.499999999999,-29.5)) ;
#1029=CARTESIAN_POINT('Line Origine',(-3.5881497059,-0.5,-29.5)) ;
#1041=CARTESIAN_POINT('Line Origine',(-2.70416345607,-0.5,-28.75)) ;
#1053=CARTESIAN_POINT('Axis2P3D Location',(4.,0.,-23.5)) ;
#1058=CARTESIAN_POINT('Line Origine',(4.5,0.,-23.5)) ;
#1062=CARTESIAN_POINT('Vertex',(4.5,5.,-23.5)) ;
#1065=CARTESIAN_POINT('Line Origine',(4.,0.,-24.)) ;
#1069=CARTESIAN_POINT('Vertex',(4.,5.,-24.)) ;
#1072=CARTESIAN_POINT('Axis2P3D Location',(4.,5.,-23.5)) ;
#1084=CARTESIAN_POINT('Line Origine',(0.5,2.70416345676,-25.75)) ;
#1096=CARTESIAN_POINT('Line Origine',(0.5,2.70416345676,-31.75)) ;
#1108=CARTESIAN_POINT('Line Origine',(-0.5,2.70416345676,-31.75)) ;
#1120=CARTESIAN_POINT('Line Origine',(-0.5,2.70416345676,-25.75)) ;
#1132=CARTESIAN_POINT('Axis2P3D Location',(-4.,0.,-23.5)) ;
#1137=CARTESIAN_POINT('Line Origine',(-4.,0.,-24.)) ;
#1141=CARTESIAN_POINT('Vertex',(-4.,5.,-24.)) ;
#1144=CARTESIAN_POINT('Line Origine',(-4.5,0.,-23.5)) ;
#1148=CARTESIAN_POINT('Vertex',(-4.5,5.,-23.5)) ;
#1151=CARTESIAN_POINT('Axis2P3D Location',(-4.,5.,-23.5)) ;
#1163=CARTESIAN_POINT('Line Origine',(0.,5.,-24.)) ;
#1175=CARTESIAN_POINT('Line Origine',(3.5881497059,0.5,-28.)) ;
#1179=CARTESIAN_POINT('Vertex',(2.7041634566,0.5,-28.)) ;
#1182=CARTESIAN_POINT('Axis2P3D Location',(-2.22044604925E-016,3.15279136132E-010,-28.)) ;
#1186=CARTESIAN_POINT('Vertex',(-2.7041634566,0.5,-28.)) ;
#1189=CARTESIAN_POINT('Line Origine',(-3.5881497059,0.5,-28.)) ;
#1201=CARTESIAN_POINT('Axis2P3D Location',(-7.59769606074,0.5,-29.5)) ;
#1206=CARTESIAN_POINT('Line Origine',(-2.70416345676,0.5,-28.75)) ;
#1210=CARTESIAN_POINT('Vertex',(-2.7041634566,0.5,-29.5)) ;
#1213=CARTESIAN_POINT('Line Origine',(-3.58814970633,0.5,-29.5)) ;
#1225=CARTESIAN_POINT('Axis2P3D Location',(-2.22044604925E-016,3.15279136132E-010,-29.5)) ;
#1229=CARTESIAN_POINT('Vertex',(2.7041634566,0.499999999999,-29.5)) ;
#1232=CARTESIAN_POINT('Line Origine',(3.5881497059,0.5,-29.5)) ;
#1244=CARTESIAN_POINT('Line Origine',(2.70416345591,0.5,-28.75)) ;
#1256=CARTESIAN_POINT('Axis2P3D Location',(4.5,-8.,0.)) ;
#1261=CARTESIAN_POINT('Line Origine',(4.5,0.,-0.5)) ;
#1265=CARTESIAN_POINT('Vertex',(4.5,7.5,-0.5)) ;
#1267=CARTESIAN_POINT('Vertex',(4.5,-7.5,-0.5)) ;
#1270=CARTESIAN_POINT('Line Origine',(4.5,-7.5,-8.02098005451)) ;
#1274=CARTESIAN_POINT('Vertex',(4.5,-7.5,-15.5419601085)) ;
#1277=CARTESIAN_POINT('Axis2P3D Location',(4.5,-7.99999999884,-18.4999999996)) ;
#1281=CARTESIAN_POINT('Vertex',(4.5,-5.,-18.5)) ;
#1284=CARTESIAN_POINT('Line Origine',(4.5,-5.,-21.)) ;
#1289=CARTESIAN_POINT('Line Origine',(4.5,5.,-21.)) ;
#1293=CARTESIAN_POINT('Vertex',(4.5,5.,-18.5)) ;
#1296=CARTESIAN_POINT('Axis2P3D Location',(4.5,7.99999999884,-18.4999999996)) ;
#1300=CARTESIAN_POINT('Vertex',(4.5,7.5,-15.5419601085)) ;
#1303=CARTESIAN_POINT('Line Origine',(4.5,7.5,-8.02098005451)) ;
#1320=CARTESIAN_POINT('Axis2P3D Location',(4.,-5.,-23.5)) ;
#1326=CARTESIAN_POINT('Control Point',(4.5,-5.,-23.5)) ;
#1327=CARTESIAN_POINT('Control Point',(4.5,-5.16950477291,-23.5)) ;
#1328=CARTESIAN_POINT('Control Point',(4.42948618166,-5.34411988416,-23.4998334844)) ;
#1329=CARTESIAN_POINT('Control Point',(4.27468995696,-5.45668632901,-23.5001783836)) ;
#1330=CARTESIAN_POINT('Control Point',(4.13840006753,-5.5,-23.5)) ;
#1331=CARTESIAN_POINT('Control Point',(4.,-5.5,-23.5)) ;
#1332=CARTESIAN_POINT('Vertex',(4.,-5.5,-23.5)) ;
#1335=CARTESIAN_POINT('Axis2P3D Location',(4.,-5.,-23.5)) ;
#1346=CARTESIAN_POINT('Axis2P3D Location',(4.4408920985E-016,-5.,-23.5)) ;
#1351=CARTESIAN_POINT('Line Origine',(0.,-5.5,-23.5)) ;
#1355=CARTESIAN_POINT('Vertex',(-4.,-5.5,-23.5)) ;
#1358=CARTESIAN_POINT('Axis2P3D Location',(-4.,-5.,-23.5)) ;
#1370=CARTESIAN_POINT('Axis2P3D Location',(-4.5,8.,0.)) ;
#1375=CARTESIAN_POINT('Line Origine',(-4.5,-7.5,-8.02098005451)) ;
#1379=CARTESIAN_POINT('Vertex',(-4.5,-7.5,-0.5)) ;
#1381=CARTESIAN_POINT('Vertex',(-4.5,-7.50000000001,-15.5419601085)) ;
#1384=CARTESIAN_POINT('Line Origine',(-4.5,0.,-0.5)) ;
#1388=CARTESIAN_POINT('Vertex',(-4.5,7.5,-0.5)) ;
#1391=CARTESIAN_POINT('Line Origine',(-4.5,7.5,-8.02098005451)) ;
#1395=CARTESIAN_POINT('Vertex',(-4.5,7.49999999999,-15.5419601085)) ;
#1398=CARTESIAN_POINT('Axis2P3D Location',(-4.5,7.99999999884,-18.4999999996)) ;
#1402=CARTESIAN_POINT('Vertex',(-4.5,5.87867965644,-16.3786796564)) ;
#1405=CARTESIAN_POINT('Axis2P3D Location',(-4.5,7.99999999884,-18.4999999996)) ;
#1409=CARTESIAN_POINT('Vertex',(-4.5,5.,-18.5)) ;
#1412=CARTESIAN_POINT('Line Origine',(-4.5,5.,-21.)) ;
#1417=CARTESIAN_POINT('Line Origine',(-4.5,-5.,-21.)) ;
#1421=CARTESIAN_POINT('Vertex',(-4.5,-5.,-18.5)) ;
#1424=CARTESIAN_POINT('Axis2P3D Location',(-4.5,-7.99999999884,-18.4999999996)) ;
#1441=CARTESIAN_POINT('Line Origine',(-4.5,4.89785313606,-7.78351163864)) ;
#1445=CARTESIAN_POINT('Vertex',(-4.5,4.89785313606,-2.63051099702)) ;
#1447=CARTESIAN_POINT('Vertex',(-4.49999999963,4.89785313606,-12.9365122795)) ;
#1450=CARTESIAN_POINT('Axis2P3D Location',(-4.5,4.69785313543,-2.6305109984)) ;
#1454=CARTESIAN_POINT('Vertex',(-4.5,4.69785313681,-2.43051099777)) ;
#1457=CARTESIAN_POINT('Line Origine',(-4.5,0.,-2.43051099777)) ;
#1461=CARTESIAN_POINT('Vertex',(-4.49999999963,-4.69785313606,-2.43051099777)) ;
#1464=CARTESIAN_POINT('Axis2P3D Location',(-4.5,-4.69785313543,-2.6305109984)) ;
#1468=CARTESIAN_POINT('Vertex',(-4.5,-4.89785313606,-2.63051099702)) ;
#1471=CARTESIAN_POINT('Line Origine',(-4.5,-4.89785313606,-7.78351163864)) ;
#1475=CARTESIAN_POINT('Vertex',(-4.49999999963,-4.89785313606,-12.9365122795)) ;
#1478=CARTESIAN_POINT('Axis2P3D Location',(-4.5,-4.69785313543,-12.9365122789)) ;
#1482=CARTESIAN_POINT('Vertex',(-4.5,-4.69785313681,-13.1365122795)) ;
#1485=CARTESIAN_POINT('Line Origine',(-4.5,0.,-13.1365122795)) ;
#1489=CARTESIAN_POINT('Vertex',(-4.49999999963,4.69785313606,-13.1365122795)) ;
#1492=CARTESIAN_POINT('Axis2P3D Location',(-4.5,4.69785313543,-12.9365122789)) ;
#1508=CARTESIAN_POINT('Axis2P3D Location',(-4.,-5.,-23.5)) ;
#1514=CARTESIAN_POINT('Control Point',(-4.,-5.5,-23.5)) ;
#1515=CARTESIAN_POINT('Control Point',(-4.13835071813,-5.5,-23.5)) ;
#1516=CARTESIAN_POINT('Control Point',(-4.2734162174,-5.45659189698,-23.4999937115)) ;
#1517=CARTESIAN_POINT('Control Point',(-4.42901115903,-5.34594217007,-23.5000179594)) ;
#1518=CARTESIAN_POINT('Control Point',(-4.5,-5.16944433248,-23.5)) ;
#1519=CARTESIAN_POINT('Control Point',(-4.5,-5.,-23.5)) ;
#1527=CARTESIAN_POINT('Axis2P3D Location',(0.,0.,-31.75)) ;
#1532=CARTESIAN_POINT('Line Origine',(-2.7041634566,-0.499999999999,-31.75)) ;
#1544=CARTESIAN_POINT('Axis2P3D Location',(0.,0.,-31.75)) ;
#1556=CARTESIAN_POINT('Line Origine',(-2.7041634566,-0.499999999999,-31.75)) ;
#1575=CARTESIAN_POINT('Axis2P3D Location',(0.,0.,-31.75)) ;
#1601=CARTESIAN_POINT('Axis2P3D Location',(4.,5.,-23.5)) ;
#1606=CARTESIAN_POINT('Axis2P3D Location',(4.,5.,-23.5)) ;
#1610=CARTESIAN_POINT('Vertex',(4.,5.5,-23.5)) ;
#1614=CARTESIAN_POINT('Control Point',(4.,5.5,-23.5)) ;
#1615=CARTESIAN_POINT('Control Point',(4.13835071813,5.5,-23.5)) ;
#1616=CARTESIAN_POINT('Control Point',(4.27341621741,5.45659189698,-23.4999937115)) ;
#1617=CARTESIAN_POINT('Control Point',(4.42901115903,5.34594217006,-23.5000179594)) ;
#1618=CARTESIAN_POINT('Control Point',(4.5,5.16944433248,-23.5)) ;
#1619=CARTESIAN_POINT('Control Point',(4.5,5.,-23.5)) ;
#1627=CARTESIAN_POINT('Axis2P3D Location',(-4.,5.,-23.5)) ;
#1633=CARTESIAN_POINT('Control Point',(-4.5,5.,-23.5)) ;
#1634=CARTESIAN_POINT('Control Point',(-4.5,5.16950477291,-23.5)) ;
#1635=CARTESIAN_POINT('Control Point',(-4.42948618166,5.34411988416,-23.4998334844)) ;
#1636=CARTESIAN_POINT('Control Point',(-4.27468995696,5.45668632901,-23.5001783836)) ;
#1637=CARTESIAN_POINT('Control Point',(-4.13840006753,5.5,-23.5)) ;
#1638=CARTESIAN_POINT('Control Point',(-4.,5.5,-23.5)) ;
#1639=CARTESIAN_POINT('Vertex',(-4.,5.5,-23.5)) ;
#1642=CARTESIAN_POINT('Axis2P3D Location',(-4.,5.,-23.5)) ;
#1653=CARTESIAN_POINT('Axis2P3D Location',(4.4408920985E-016,5.,-23.5)) ;
#1658=CARTESIAN_POINT('Line Origine',(0.,5.5,-23.5)) ;
#1677=CARTESIAN_POINT('Axis2P3D Location',(4.,-0.25,-0.5)) ;
#1682=CARTESIAN_POINT('Axis2P3D Location',(4.,7.5,-0.5)) ;
#1686=CARTESIAN_POINT('Vertex',(4.,7.5,0.)) ;
#1689=CARTESIAN_POINT('Line Origine',(4.,-0.25,0.)) ;
#1693=CARTESIAN_POINT('Vertex',(4.,-7.5,0.)) ;
#1696=CARTESIAN_POINT('Axis2P3D Location',(4.,-7.5,-0.5)) ;
#1708=CARTESIAN_POINT('Axis2P3D Location',(4.,-7.5,-12.)) ;
#1713=CARTESIAN_POINT('Line Origine',(4.,-8.,-12.)) ;
#1717=CARTESIAN_POINT('Vertex',(4.,-8.,-0.5)) ;
#1719=CARTESIAN_POINT('Vertex',(4.00000000086,-8.,-15.5419601085)) ;
#1722=CARTESIAN_POINT('Axis2P3D Location',(4.,-7.5,-15.541960109)) ;
#1727=CARTESIAN_POINT('Axis2P3D Location',(4.,-7.5,-0.5)) ;
#1731=CARTESIAN_POINT('Vertex',(4.48296291314,-7.62940952255,-0.5)) ;
#1734=CARTESIAN_POINT('Axis2P3D Location',(4.,-7.5,-0.5)) ;
#1747=CARTESIAN_POINT('Axis2P3D Location',(4.,-8.,-18.5)) ;
#1752=CARTESIAN_POINT('Axis2P3D Location',(4.,-7.5,-15.5419601085)) ;
#1756=CARTESIAN_POINT('Vertex',(4.,-7.58333333334,-16.034966757)) ;
#1759=CARTESIAN_POINT('Axis2P3D Location',(4.,-8.,-18.5)) ;
#1763=CARTESIAN_POINT('Vertex',(4.,-5.5,-18.5)) ;
#1766=CARTESIAN_POINT('Axis2P3D Location',(4.,-5.,-18.5)) ;
#1778=CARTESIAN_POINT('Axis2P3D Location',(4.,-5.,-12.)) ;
#1783=CARTESIAN_POINT('Line Origine',(4.,-5.5,-12.)) ;
#1795=CARTESIAN_POINT('Axis2P3D Location',(4.,5.,-12.)) ;
#1800=CARTESIAN_POINT('Line Origine',(4.,5.5,-12.)) ;
#1804=CARTESIAN_POINT('Vertex',(4.,5.5,-18.5)) ;
#1807=CARTESIAN_POINT('Axis2P3D Location',(4.,5.,-18.5)) ;
#1819=CARTESIAN_POINT('Axis2P3D Location',(4.,8.,-18.5)) ;
#1824=CARTESIAN_POINT('Axis2P3D Location',(4.,8.,-18.5)) ;
#1828=CARTESIAN_POINT('Vertex',(4.,8.,-16.)) ;
#1832=CARTESIAN_POINT('Control Point',(4.,8.,-16.)) ;
#1833=CARTESIAN_POINT('Control Point',(4.1888429796,8.,-16.)) ;
#1834=CARTESIAN_POINT('Control Point',(4.37045737622,7.90046877685,-15.9000888845)) ;
#1835=CARTESIAN_POINT('Control Point',(4.44112978836,7.78182668074,-15.7855924864)) ;
#1836=CARTESIAN_POINT('Control Point',(4.49999999999,7.6442313015,-15.6638576434)) ;
#1837=CARTESIAN_POINT('Control Point',(4.5,7.5,-15.5419601085)) ;
#1846=CARTESIAN_POINT('Axis2P3D Location',(4.,7.5,-12.)) ;
#1851=CARTESIAN_POINT('Line Origine',(4.,8.,-12.)) ;
#1855=CARTESIAN_POINT('Vertex',(4.,8.,-0.5)) ;
#1858=CARTESIAN_POINT('Axis2P3D Location',(4.,7.5,-0.5)) ;
#1870=CARTESIAN_POINT('Axis2P3D Location',(-4.5,-5.5,-16.)) ;
#1875=CARTESIAN_POINT('Line Origine',(0.,-5.5,-18.5)) ;
#1879=CARTESIAN_POINT('Vertex',(-4.,-5.5,-18.5)) ;
#1882=CARTESIAN_POINT('Line Origine',(-4.,-5.5,-21.)) ;
#1894=CARTESIAN_POINT('Axis2P3D Location',(-4.,-7.5,-11.75)) ;
#1899=CARTESIAN_POINT('Axis2P3D Location',(-4.,-7.5,-15.541960109)) ;
#1903=CARTESIAN_POINT('Vertex',(-4.,-8.,-15.5419601085)) ;
#1906=CARTESIAN_POINT('Line Origine',(-4.,-8.,-11.75)) ;
#1910=CARTESIAN_POINT('Vertex',(-4.,-8.,-0.5)) ;
#1913=CARTESIAN_POINT('Axis2P3D Location',(-4.,-7.5,-0.5)) ;
#1925=CARTESIAN_POINT('Axis2P3D Location',(-4.,0.,-0.5)) ;
#1930=CARTESIAN_POINT('Line Origine',(-4.,0.,0.)) ;
#1934=CARTESIAN_POINT('Vertex',(-4.,7.5,0.)) ;
#1936=CARTESIAN_POINT('Vertex',(-4.,-7.5,1.68711831204E-032)) ;
#1939=CARTESIAN_POINT('Axis2P3D Location',(-4.,7.5,-0.5)) ;
#1944=CARTESIAN_POINT('Axis2P3D Location',(-4.,-7.5,-0.5)) ;
#1956=CARTESIAN_POINT('Axis2P3D Location',(-4.,7.5,-12.)) ;
#1961=CARTESIAN_POINT('Line Origine',(-4.,8.,-12.)) ;
#1965=CARTESIAN_POINT('Vertex',(-4.,8.,-16.)) ;
#1967=CARTESIAN_POINT('Vertex',(-4.,8.,-0.5)) ;
#1971=CARTESIAN_POINT('Control Point',(-4.5,7.5,-15.541960109)) ;
#1972=CARTESIAN_POINT('Control Point',(-4.5,7.64276364055,-15.662617319)) ;
#1973=CARTESIAN_POINT('Control Point',(-4.44389111875,7.77871826303,-15.7837389593)) ;
#1974=CARTESIAN_POINT('Control Point',(-4.36804638834,7.90432803943,-15.9028421738)) ;
#1975=CARTESIAN_POINT('Control Point',(-4.18692142939,8.,-16.)) ;
#1976=CARTESIAN_POINT('Control Point',(-4.,8.,-16.)) ;
#1978=CARTESIAN_POINT('Axis2P3D Location',(-4.,7.5,-0.5)) ;
#1982=CARTESIAN_POINT('Vertex',(-4.48296291314,7.62940952255,-0.5)) ;
#1985=CARTESIAN_POINT('Axis2P3D Location',(-4.,7.5,-0.5)) ;
#1998=CARTESIAN_POINT('Axis2P3D Location',(-4.,8.,-18.5)) ;
#2003=CARTESIAN_POINT('Axis2P3D Location',(-4.,5.87867965644,-16.3786796564)) ;
#2007=CARTESIAN_POINT('Vertex',(-4.,6.23223304703,-16.732233047)) ;
#2010=CARTESIAN_POINT('Axis2P3D Location',(-4.,8.,-18.5)) ;
#2022=CARTESIAN_POINT('Axis2P3D Location',(-4.,8.,-18.5)) ;
#2027=CARTESIAN_POINT('Axis2P3D Location',(-4.,8.,-18.5)) ;
#2031=CARTESIAN_POINT('Vertex',(-4.,5.5,-18.5)) ;
#2034=CARTESIAN_POINT('Axis2P3D Location',(-4.,5.,-18.5)) ;
#2046=CARTESIAN_POINT('Axis2P3D Location',(-4.,5.,-12.)) ;
#2051=CARTESIAN_POINT('Line Origine',(-4.,5.5,-12.)) ;
#2063=CARTESIAN_POINT('Axis2P3D Location',(-4.,-5.,-12.)) ;
#2068=CARTESIAN_POINT('Axis2P3D Location',(-4.,-5.,-18.5)) ;
#2080=CARTESIAN_POINT('Axis2P3D Location',(-4.,-8.,-18.5)) ;
#2085=CARTESIAN_POINT('Axis2P3D Location',(-4.,-8.,-18.5)) ;
#2089=CARTESIAN_POINT('Vertex',(-4.,-7.58333333334,-16.034966757)) ;
#2092=CARTESIAN_POINT('Axis2P3D Location',(-4.,-7.5,-15.5419601084)) ;
#2096=CARTESIAN_POINT('Vertex',(-4.34853919662,-7.55974957658,-15.8954433705)) ;
#2099=CARTESIAN_POINT('Axis2P3D Location',(-4.,-7.5,-15.5419601084)) ;
#2112=CARTESIAN_POINT('Axis2P3D Location',(-4.5,4.89785313606,-13.1365122795)) ;
#2117=CARTESIAN_POINT('Line Origine',(-4.40000000037,4.89785313606,-12.9365122802)) ;
#2121=CARTESIAN_POINT('Vertex',(-4.30000000037,4.89785313606,-12.9365122795)) ;
#2124=CARTESIAN_POINT('Line Origine',(-4.30000000075,4.89785313606,-7.78351163863)) ;
#2128=CARTESIAN_POINT('Vertex',(-4.3,4.89785313606,-2.63051099703)) ;
#2131=CARTESIAN_POINT('Line Origine',(-4.40000000037,4.89785313606,-2.63051099702)) ;
#2143=CARTESIAN_POINT('Axis2P3D Location',(-4.4,4.69785313606,-2.63051099777)) ;
#2148=CARTESIAN_POINT('Axis2P3D Location',(-4.30000000037,4.69785313606,-2.63051099777)) ;
#2152=CARTESIAN_POINT('Vertex',(-4.3,4.69785313681,-2.43051099777)) ;
#2155=CARTESIAN_POINT('Line Origine',(-4.40000000037,4.69785313606,-2.43051099777)) ;
#2167=CARTESIAN_POINT('Axis2P3D Location',(-4.5,4.89785313606,-2.43051099777)) ;
#2172=CARTESIAN_POINT('Line Origine',(-4.40000000037,-4.69785313681,-2.43051099777)) ;
#2176=CARTESIAN_POINT('Vertex',(-4.3,-4.69785313681,-2.43051099777)) ;
#2179=CARTESIAN_POINT('Line Origine',(-4.30000000075,-2.62190269495E-012,-2.43051099777)) ;
#2191=CARTESIAN_POINT('Axis2P3D Location',(-4.4,-4.69785313606,-2.63051099777)) ;
#2196=CARTESIAN_POINT('Axis2P3D Location',(-4.30000000037,-4.69785313606,-2.63051099777)) ;
#2200=CARTESIAN_POINT('Vertex',(-4.3,-4.89785313606,-2.63051099703)) ;
#2203=CARTESIAN_POINT('Line Origine',(-4.40000000037,-4.89785313606,-2.63051099777)) ;
#2215=CARTESIAN_POINT('Axis2P3D Location',(-4.5,-4.89785313606,-2.43051099777)) ;
#2220=CARTESIAN_POINT('Line Origine',(-4.40000000037,-4.89785313606,-12.9365122803)) ;
#2224=CARTESIAN_POINT('Vertex',(-4.3,-4.89785313606,-12.9365122803)) ;
#2227=CARTESIAN_POINT('Line Origine',(-4.30000000075,-4.89785313606,-7.78351163864)) ;
#2239=CARTESIAN_POINT('Axis2P3D Location',(-4.4,-4.69785313606,-12.9365122795)) ;
#2244=CARTESIAN_POINT('Axis2P3D Location',(-4.30000000037,-4.69785313606,-12.9365122795)) ;
#2248=CARTESIAN_POINT('Vertex',(-4.3,-4.69785313681,-13.1365122795)) ;
#2251=CARTESIAN_POINT('Line Origine',(-4.40000000037,-4.69785313606,-13.1365122795)) ;
#2263=CARTESIAN_POINT('Axis2P3D Location',(-4.5,-4.89785313606,-13.1365122795)) ;
#2268=CARTESIAN_POINT('Line Origine',(-4.40000000037,4.69785313681,-13.1365122795)) ;
#2272=CARTESIAN_POINT('Vertex',(-4.30000000037,4.69785313606,-13.1365122795)) ;
#2275=CARTESIAN_POINT('Line Origine',(-4.30000000075,2.62190269495E-012,-13.1365122795)) ;
#2287=CARTESIAN_POINT('Axis2P3D Location',(-4.4,4.69785313606,-12.9365122795)) ;
#2292=CARTESIAN_POINT('Axis2P3D Location',(-4.30000000037,4.69785313606,-12.9365122795)) ;
#2304=CARTESIAN_POINT('Axis2P3D Location',(4.5,5.5,-16.)) ;
#2309=CARTESIAN_POINT('Line Origine',(0.,5.5,-18.5)) ;
#2321=CARTESIAN_POINT('Axis2P3D Location',(4.,7.5,-0.5)) ;
#2327=CARTESIAN_POINT('Control Point',(4.,7.5,2.77555756156E-017)) ;
#2328=CARTESIAN_POINT('Control Point',(4.,7.63835071813,7.62329652529E-017)) ;
#2329=CARTESIAN_POINT('Control Point',(3.99999371147,7.77341621741,-0.0434081030209)) ;
#2330=CARTESIAN_POINT('Control Point',(4.00001795943,7.92901115903,-0.154057829937)) ;
#2331=CARTESIAN_POINT('Control Point',(4.,8.,-0.330555667518)) ;
#2332=CARTESIAN_POINT('Control Point',(4.,8.,-0.5)) ;
#2340=CARTESIAN_POINT('Axis2P3D Location',(0.,0.,0.)) ;
#2345=CARTESIAN_POINT('Line Origine',(0.,7.5,0.)) ;
#2350=CARTESIAN_POINT('Line Origine',(0.,-7.5,0.)) ;
#2361=CARTESIAN_POINT('Axis2P3D Location',(-1.99999999842,-5.49999999842,0.)) ;
#2365=CARTESIAN_POINT('Vertex',(-2.5,-5.5,0.)) ;
#2367=CARTESIAN_POINT('Vertex',(-2.,-6.,0.)) ;
#2370=CARTESIAN_POINT('Line Origine',(-2.5,0.,0.)) ;
#2374=CARTESIAN_POINT('Vertex',(-2.5,5.5,0.)) ;
#2377=CARTESIAN_POINT('Axis2P3D Location',(-1.99999999842,5.49999999842,0.)) ;
#2381=CARTESIAN_POINT('Vertex',(-2.,6.,0.)) ;
#2384=CARTESIAN_POINT('Line Origine',(0.,6.,0.)) ;
#2388=CARTESIAN_POINT('Vertex',(2.,6.,0.)) ;
#2391=CARTESIAN_POINT('Axis2P3D Location',(1.99999999842,5.49999999842,0.)) ;
#2395=CARTESIAN_POINT('Vertex',(2.5,5.5,0.)) ;
#2398=CARTESIAN_POINT('Line Origine',(2.5,0.,0.)) ;
#2402=CARTESIAN_POINT('Vertex',(2.5,-5.5,0.)) ;
#2405=CARTESIAN_POINT('Axis2P3D Location',(1.99999999842,-5.49999999842,0.)) ;
#2409=CARTESIAN_POINT('Vertex',(2.,-6.,0.)) ;
#2412=CARTESIAN_POINT('Line Origine',(0.,-6.,0.)) ;
#2428=CARTESIAN_POINT('Axis2P3D Location',(4.,-7.5,-0.5)) ;
#2433=CARTESIAN_POINT('Axis2P3D Location',(4.,-7.5,-0.5)) ;
#2444=CARTESIAN_POINT('Axis2P3D Location',(-4.5,-8.,0.)) ;
#2449=CARTESIAN_POINT('Line Origine',(0.,-8.,-0.5)) ;
#2454=CARTESIAN_POINT('Line Origine',(0.,-8.,-15.541960109)) ;
#2466=CARTESIAN_POINT('Axis2P3D Location',(4.,-7.5,-15.5419601085)) ;
#2471=CARTESIAN_POINT('Axis2P3D Location',(4.,-7.5,-15.5419601085)) ;
#2475=CARTESIAN_POINT('Vertex',(4.00000000086,-7.66934460779,-16.0124092596)) ;
#2478=CARTESIAN_POINT('Axis2P3D Location',(4.,-7.5,-15.5419601085)) ;
#2489=CARTESIAN_POINT('Axis2P3D Location',(4.,-7.5,-0.5)) ;
#2494=CARTESIAN_POINT('Axis2P3D Location',(4.,-7.5,-0.5)) ;
#2505=CARTESIAN_POINT('Axis2P3D Location',(4.,-7.5,-15.5419601085)) ;
#2510=CARTESIAN_POINT('Axis2P3D Location',(4.,-7.5,-15.5419601085)) ;
#2521=CARTESIAN_POINT('Axis2P3D Location',(0.,-8.,-18.5)) ;
#2526=CARTESIAN_POINT('Line Origine',(0.,-7.58333333334,-16.034966757)) ;
#2538=CARTESIAN_POINT('Axis2P3D Location',(8.881784197E-016,8.,-18.5)) ;
#2543=CARTESIAN_POINT('Line Origine',(0.,8.,-16.)) ;
#2556=CARTESIAN_POINT('Axis2P3D Location',(4.5,8.,0.)) ;
#2561=CARTESIAN_POINT('Line Origine',(0.,8.,-0.5)) ;
#2573=CARTESIAN_POINT('Axis2P3D Location',(-4.,-7.5,-15.5419601085)) ;
#2578=CARTESIAN_POINT('Axis2P3D Location',(-4.,-7.5,-15.5419601085)) ;
#2589=CARTESIAN_POINT('Axis2P3D Location',(-4.,-7.5,-0.5)) ;
#2594=CARTESIAN_POINT('Axis2P3D Location',(-4.,-7.5,-0.5)) ;
#2605=CARTESIAN_POINT('Axis2P3D Location',(-4.,7.5,-0.5)) ;
#2610=CARTESIAN_POINT('Axis2P3D Location',(-4.,7.5,-0.5)) ;
#2621=CARTESIAN_POINT('Axis2P3D Location',(-4.,7.5,-0.5)) ;
#2626=CARTESIAN_POINT('Axis2P3D Location',(-4.,7.5,-0.5)) ;
#2637=CARTESIAN_POINT('Axis2P3D Location',(-4.,-7.5,-15.5419601085)) ;
#2642=CARTESIAN_POINT('Axis2P3D Location',(-4.,-7.5,-15.5419601085)) ;
#2653=CARTESIAN_POINT('Axis2P3D Location',(-4.3,0.,0.)) ;
#2669=CARTESIAN_POINT('Axis2P3D Location',(1.33226762955E-015,7.5,-0.5)) ;
#2681=CARTESIAN_POINT('Axis2P3D Location',(0.25,-7.5,-0.5)) ;
#2693=CARTESIAN_POINT('Axis2P3D Location',(-2.,-5.5,6.)) ;
#2698=CARTESIAN_POINT('Axis2P3D Location',(-2.,-5.5,12.)) ;
#2702=CARTESIAN_POINT('Vertex',(-2.,-6.,12.)) ;
#2704=CARTESIAN_POINT('Vertex',(-2.5,-5.5,12.)) ;
#2707=CARTESIAN_POINT('Line Origine',(-2.5,-5.5,6.)) ;
#2712=CARTESIAN_POINT('Line Origine',(-2.,-6.,6.)) ;
#2724=CARTESIAN_POINT('Axis2P3D Location',(-2.5,-6.,0.)) ;
#2729=CARTESIAN_POINT('Line Origine',(-2.5,0.,12.)) ;
#2733=CARTESIAN_POINT('Vertex',(-2.5,5.5,12.)) ;
#2736=CARTESIAN_POINT('Line Origine',(-2.5,5.5,6.)) ;
#2748=CARTESIAN_POINT('Control Point',(-2.5,1.6842457056,6.91887321509)) ;
#2749=CARTESIAN_POINT('Control Point',(-2.5,1.6842457056,6.93133716453)) ;
#2750=CARTESIAN_POINT('Control Point',(-2.5,1.68618758089,6.9438004274)) ;
#2751=CARTESIAN_POINT('Control Point',(-2.5,1.69026236132,6.95634268459)) ;
#2752=CARTESIAN_POINT('Control Point',(-2.5,1.70177339963,6.97879370076)) ;
#2753=CARTESIAN_POINT('Control Point',(-2.5,1.71956686425,6.9966768725)) ;
#2754=CARTESIAN_POINT('Control Point',(-2.5,1.73023558534,7.004428677)) ;
#2755=CARTESIAN_POINT('Control Point',(-2.5,1.74715193868,7.01299412376)) ;
#2756=CARTESIAN_POINT('Control Point',(-2.5,1.76542252036,7.01738666484)) ;
#2757=CARTESIAN_POINT('Control Point',(-2.5,1.77170494123,7.01838175725)) ;
#2758=CARTESIAN_POINT('Control Point',(-2.5,1.77797541011,7.01887321472)) ;
#2759=CARTESIAN_POINT('Control Point',(-2.5,1.78424570523,7.01887321472)) ;
#2760=CARTESIAN_POINT('Vertex',(-2.5,1.6842457056,6.91887321509)) ;
#2762=CARTESIAN_POINT('Vertex',(-2.50000000037,1.7842457056,7.01887321472)) ;
#2765=CARTESIAN_POINT('Line Origine',(-2.5,1.6842457056,6.13388037682)) ;
#2769=CARTESIAN_POINT('Vertex',(-2.5,1.6842457056,5.34888753854)) ;
#2773=CARTESIAN_POINT('Control Point',(-2.5,1.78424570523,5.24888753891)) ;
#2774=CARTESIAN_POINT('Control Point',(-2.5,1.7717817558,5.24888753891)) ;
#2775=CARTESIAN_POINT('Control Point',(-2.5,1.75931849292,5.25082941419)) ;
#2776=CARTESIAN_POINT('Control Point',(-2.5,1.74677623574,5.25490419463)) ;
#2777=CARTESIAN_POINT('Control Point',(-2.5,1.72432521957,5.26641523293)) ;
#2778=CARTESIAN_POINT('Control Point',(-2.5,1.70644204782,5.28420869756)) ;
#2779=CARTESIAN_POINT('Control Point',(-2.5,1.69869024333,5.29487741864)) ;
#2780=CARTESIAN_POINT('Control Point',(-2.5,1.69012479656,5.31179377199)) ;
#2781=CARTESIAN_POINT('Control Point',(-2.5,1.68573225549,5.33006435367)) ;
#2782=CARTESIAN_POINT('Control Point',(-2.5,1.68473716307,5.33634677454)) ;
#2783=CARTESIAN_POINT('Control Point',(-2.5,1.6842457056,5.34261724342)) ;
#2784=CARTESIAN_POINT('Control Point',(-2.5,1.6842457056,5.34888753854)) ;
#2785=CARTESIAN_POINT('Vertex',(-2.5,1.7842457056,5.24888753891)) ;
#2788=CARTESIAN_POINT('Line Origine',(-2.5,2.66503673792,5.24888753891)) ;
#2792=CARTESIAN_POINT('Vertex',(-2.5,3.54582777061,5.24888753891)) ;
#2796=CARTESIAN_POINT('Control Point',(-2.5,3.64582777023,5.34888753854)) ;
#2797=CARTESIAN_POINT('Control Point',(-2.5,3.64582777023,5.33642358911)) ;
#2798=CARTESIAN_POINT('Control Point',(-2.5,3.64388589495,5.32396032623)) ;
#2799=CARTESIAN_POINT('Control Point',(-2.5,3.63981111451,5.31141806904)) ;
#2800=CARTESIAN_POINT('Control Point',(-2.5,3.62830007621,5.28896705287)) ;
#2801=CARTESIAN_POINT('Control Point',(-2.5,3.61050661159,5.27108388113)) ;
#2802=CARTESIAN_POINT('Control Point',(-2.5,3.5998378905,5.26333207663)) ;
#2803=CARTESIAN_POINT('Control Point',(-2.5,3.58292153716,5.25476662987)) ;
#2804=CARTESIAN_POINT('Control Point',(-2.5,3.56465095548,5.25037408879)) ;
#2805=CARTESIAN_POINT('Control Point',(-2.5,3.5583685346,5.24937899638)) ;
#2806=CARTESIAN_POINT('Control Point',(-2.5,3.55209806573,5.24888753891)) ;
#2807=CARTESIAN_POINT('Control Point',(-2.5,3.54582777061,5.24888753891)) ;
#2808=CARTESIAN_POINT('Vertex',(-2.5,3.64582777023,5.34888753891)) ;
#2811=CARTESIAN_POINT('Line Origine',(-2.5,3.64582777023,6.13388037682)) ;
#2815=CARTESIAN_POINT('Vertex',(-2.5,3.64582777023,6.91887321509)) ;
#2819=CARTESIAN_POINT('Control Point',(-2.5,3.54582777061,7.01887321472)) ;
#2820=CARTESIAN_POINT('Control Point',(-2.5,3.55829172004,7.01887321472)) ;
#2821=CARTESIAN_POINT('Control Point',(-2.5,3.57075498291,7.01693133944)) ;
#2822=CARTESIAN_POINT('Control Point',(-2.5,3.5832972401,7.012856559)) ;
#2823=CARTESIAN_POINT('Control Point',(-2.5,3.60574825627,7.0013455207)) ;
#2824=CARTESIAN_POINT('Control Point',(-2.5,3.62363142801,6.98355205608)) ;
#2825=CARTESIAN_POINT('Control Point',(-2.5,3.63138323251,6.97288333499)) ;
#2826=CARTESIAN_POINT('Control Point',(-2.5,3.63994867927,6.95596698164)) ;
#2827=CARTESIAN_POINT('Control Point',(-2.5,3.64434122035,6.93769639997)) ;
#2828=CARTESIAN_POINT('Control Point',(-2.5,3.64533631276,6.93141397909)) ;
#2829=CARTESIAN_POINT('Control Point',(-2.5,3.64582777023,6.92514351021)) ;
#2830=CARTESIAN_POINT('Control Point',(-2.5,3.64582777023,6.91887321509)) ;
#2831=CARTESIAN_POINT('Vertex',(-2.5,3.54582777061,7.01887321472)) ;
#2834=CARTESIAN_POINT('Line Origine',(-2.5,2.66503673792,7.01887321472)) ;
#2849=CARTESIAN_POINT('Line Origine',(-2.5,-3.64582777023,6.13388037682)) ;
#2853=CARTESIAN_POINT('Vertex',(-2.5,-3.64582777023,5.34888753891)) ;
#2855=CARTESIAN_POINT('Vertex',(-2.5,-3.64582777023,6.91887321509)) ;
#2859=CARTESIAN_POINT('Control Point',(-2.5,-3.54582777061,5.24888753891)) ;
#2860=CARTESIAN_POINT('Control Point',(-2.5,-3.55829172004,5.24888753891)) ;
#2861=CARTESIAN_POINT('Control Point',(-2.5,-3.57075498291,5.25082941419)) ;
#2862=CARTESIAN_POINT('Control Point',(-2.5,-3.5832972401,5.25490419463)) ;
#2863=CARTESIAN_POINT('Control Point',(-2.5,-3.60574825627,5.26641523293)) ;
#2864=CARTESIAN_POINT('Control Point',(-2.5,-3.62363142801,5.28420869756)) ;
#2865=CARTESIAN_POINT('Control Point',(-2.5,-3.63138323251,5.29487741864)) ;
#2866=CARTESIAN_POINT('Control Point',(-2.5,-3.63994867927,5.31179377199)) ;
#2867=CARTESIAN_POINT('Control Point',(-2.5,-3.64434122035,5.33006435367)) ;
#2868=CARTESIAN_POINT('Control Point',(-2.5,-3.64533631276,5.33634677454)) ;
#2869=CARTESIAN_POINT('Control Point',(-2.5,-3.64582777023,5.34261724342)) ;
#2870=CARTESIAN_POINT('Control Point',(-2.5,-3.64582777023,5.34888753854)) ;
#2871=CARTESIAN_POINT('Vertex',(-2.5,-3.54582777023,5.24888753891)) ;
#2874=CARTESIAN_POINT('Line Origine',(-2.5,-2.66503673792,5.24888753891)) ;
#2878=CARTESIAN_POINT('Vertex',(-2.5,-1.78424570523,5.24888753891)) ;
#2882=CARTESIAN_POINT('Control Point',(-2.5,-1.6842457056,5.34888753854)) ;
#2883=CARTESIAN_POINT('Control Point',(-2.5,-1.6842457056,5.33642358911)) ;
#2884=CARTESIAN_POINT('Control Point',(-2.5,-1.68618758089,5.32396032623)) ;
#2885=CARTESIAN_POINT('Control Point',(-2.5,-1.69026236132,5.31141806904)) ;
#2886=CARTESIAN_POINT('Control Point',(-2.5,-1.70177339963,5.28896705287)) ;
#2887=CARTESIAN_POINT('Control Point',(-2.5,-1.71956686425,5.27108388113)) ;
#2888=CARTESIAN_POINT('Control Point',(-2.5,-1.73023558534,5.26333207663)) ;
#2889=CARTESIAN_POINT('Control Point',(-2.5,-1.74715193868,5.25476662987)) ;
#2890=CARTESIAN_POINT('Control Point',(-2.5,-1.76542252036,5.25037408879)) ;
#2891=CARTESIAN_POINT('Control Point',(-2.5,-1.77170494123,5.24937899638)) ;
#2892=CARTESIAN_POINT('Control Point',(-2.5,-1.77797541011,5.24888753891)) ;
#2893=CARTESIAN_POINT('Control Point',(-2.5,-1.78424570523,5.24888753891)) ;
#2894=CARTESIAN_POINT('Vertex',(-2.5,-1.6842457056,5.34888753891)) ;
#2897=CARTESIAN_POINT('Line Origine',(-2.5,-1.6842457056,6.13388037682)) ;
#2901=CARTESIAN_POINT('Vertex',(-2.5,-1.6842457056,6.91887321509)) ;
#2905=CARTESIAN_POINT('Control Point',(-2.5,-1.78424570523,7.01887321472)) ;
#2906=CARTESIAN_POINT('Control Point',(-2.5,-1.7717817558,7.01887321472)) ;
#2907=CARTESIAN_POINT('Control Point',(-2.5,-1.75931849292,7.01693133944)) ;
#2908=CARTESIAN_POINT('Control Point',(-2.5,-1.74677623574,7.012856559)) ;
#2909=CARTESIAN_POINT('Control Point',(-2.5,-1.72432521957,7.0013455207)) ;
#2910=CARTESIAN_POINT('Control Point',(-2.5,-1.70644204782,6.98355205608)) ;
#2911=CARTESIAN_POINT('Control Point',(-2.5,-1.69869024333,6.97288333499)) ;
#2912=CARTESIAN_POINT('Control Point',(-2.5,-1.69012479656,6.95596698164)) ;
#2913=CARTESIAN_POINT('Control Point',(-2.5,-1.68573225549,6.93769639997)) ;
#2914=CARTESIAN_POINT('Control Point',(-2.5,-1.68473716307,6.93141397909)) ;
#2915=CARTESIAN_POINT('Control Point',(-2.5,-1.6842457056,6.92514351021)) ;
#2916=CARTESIAN_POINT('Control Point',(-2.5,-1.6842457056,6.91887321509)) ;
#2917=CARTESIAN_POINT('Vertex',(-2.50000000037,-1.7842457056,7.01887321472)) ;
#2920=CARTESIAN_POINT('Line Origine',(-2.5,-2.66503673792,7.01887321472)) ;
#2924=CARTESIAN_POINT('Vertex',(-2.50000000037,-3.54582777023,7.01887321472)) ;
#2928=CARTESIAN_POINT('Control Point',(-2.5,-3.64582777023,6.91887321509)) ;
#2929=CARTESIAN_POINT('Control Point',(-2.5,-3.64582777023,6.93133716453)) ;
#2930=CARTESIAN_POINT('Control Point',(-2.5,-3.64388589495,6.9438004274)) ;
#2931=CARTESIAN_POINT('Control Point',(-2.5,-3.63981111451,6.95634268459)) ;
#2932=CARTESIAN_POINT('Control Point',(-2.5,-3.62830007621,6.97879370076)) ;
#2933=CARTESIAN_POINT('Control Point',(-2.5,-3.61050661159,6.9966768725)) ;
#2934=CARTESIAN_POINT('Control Point',(-2.5,-3.5998378905,7.004428677)) ;
#2935=CARTESIAN_POINT('Control Point',(-2.5,-3.58292153716,7.01299412376)) ;
#2936=CARTESIAN_POINT('Control Point',(-2.5,-3.56465095548,7.01738666484)) ;
#2937=CARTESIAN_POINT('Control Point',(-2.5,-3.5583685346,7.01838175725)) ;
#2938=CARTESIAN_POINT('Control Point',(-2.5,-3.55209806573,7.01887321472)) ;
#2939=CARTESIAN_POINT('Control Point',(-2.5,-3.54582777061,7.01887321472)) ;
#2952=CARTESIAN_POINT('Axis2P3D Location',(-2.,5.5,6.)) ;
#2957=CARTESIAN_POINT('Axis2P3D Location',(-2.,5.5,12.)) ;
#2961=CARTESIAN_POINT('Vertex',(-2.,6.,12.)) ;
#2964=CARTESIAN_POINT('Line Origine',(-2.,6.,6.)) ;
#2976=CARTESIAN_POINT('Axis2P3D Location',(-2.5,6.,0.)) ;
#2981=CARTESIAN_POINT('Line Origine',(0.,6.,12.)) ;
#2985=CARTESIAN_POINT('Vertex',(2.,6.,12.)) ;
#2988=CARTESIAN_POINT('Line Origine',(2.,6.,6.)) ;
#3000=CARTESIAN_POINT('Axis2P3D Location',(2.,5.5,6.)) ;
#3005=CARTESIAN_POINT('Axis2P3D Location',(2.,5.5,12.)) ;
#3009=CARTESIAN_POINT('Vertex',(2.5,5.5,12.)) ;
#3012=CARTESIAN_POINT('Line Origine',(2.5,5.5,6.)) ;
#3024=CARTESIAN_POINT('Axis2P3D Location',(2.5,6.,0.)) ;
#3029=CARTESIAN_POINT('Line Origine',(2.5,-5.5,6.)) ;
#3033=CARTESIAN_POINT('Vertex',(2.5,-5.5,12.)) ;
#3036=CARTESIAN_POINT('Line Origine',(2.5,0.,12.)) ;
#3047=CARTESIAN_POINT('Line Origine',(2.5,-1.6842457056,6.13388037682)) ;
#3051=CARTESIAN_POINT('Vertex',(2.5,-1.6842457056,5.34888753854)) ;
#3053=CARTESIAN_POINT('Vertex',(2.49999999963,-1.6842457056,6.91887321472)) ;
#3056=CARTESIAN_POINT('Axis2P3D Location',(2.5,-1.78424570592,5.34888753923)) ;
#3060=CARTESIAN_POINT('Vertex',(2.5,-1.78424570523,5.24888753891)) ;
#3063=CARTESIAN_POINT('Line Origine',(2.5,-2.66503673792,5.24888753891)) ;
#3067=CARTESIAN_POINT('Vertex',(2.5,-3.54582777061,5.24888753891)) ;
#3070=CARTESIAN_POINT('Axis2P3D Location',(2.5,-3.54582776992,5.34888753923)) ;
#3074=CARTESIAN_POINT('Vertex',(2.5,-3.64582777023,5.34888753854)) ;
#3077=CARTESIAN_POINT('Line Origine',(2.5,-3.64582777023,6.13388037682)) ;
#3081=CARTESIAN_POINT('Vertex',(2.5,-3.64582777023,6.91887321509)) ;
#3084=CARTESIAN_POINT('Axis2P3D Location',(2.5,-3.54582776992,6.91887321441)) ;
#3088=CARTESIAN_POINT('Vertex',(2.5,-3.5458277706,7.01887321472)) ;
#3091=CARTESIAN_POINT('Line Origine',(2.5,-2.66503673792,7.01887321472)) ;
#3095=CARTESIAN_POINT('Vertex',(2.49999999963,-1.7842457056,7.01887321472)) ;
#3098=CARTESIAN_POINT('Axis2P3D Location',(2.5,-1.78424570592,6.91887321441)) ;
#3113=CARTESIAN_POINT('Line Origine',(2.5,1.6842457056,6.13388037682)) ;
#3117=CARTESIAN_POINT('Vertex',(2.5,1.6842457056,6.91887321509)) ;
#3119=CARTESIAN_POINT('Vertex',(2.5,1.6842457056,5.34888753854)) ;
#3122=CARTESIAN_POINT('Axis2P3D Location',(2.5,1.78424570592,6.91887321441)) ;
#3126=CARTESIAN_POINT('Vertex',(2.5,1.78424570523,7.01887321472)) ;
#3129=CARTESIAN_POINT('Line Origine',(2.5,2.66503673792,7.01887321472)) ;
#3133=CARTESIAN_POINT('Vertex',(2.5,3.54582777061,7.01887321472)) ;
#3136=CARTESIAN_POINT('Axis2P3D Location',(2.5,3.54582776992,6.91887321441)) ;
#3140=CARTESIAN_POINT('Vertex',(2.5,3.64582777023,6.91887321509)) ;
#3143=CARTESIAN_POINT('Line Origine',(2.5,3.64582777023,6.13388037682)) ;
#3147=CARTESIAN_POINT('Vertex',(2.5,3.64582777023,5.34888753854)) ;
#3150=CARTESIAN_POINT('Axis2P3D Location',(2.5,3.54582776992,5.34888753923)) ;
#3154=CARTESIAN_POINT('Vertex',(2.5,3.54582777061,5.24888753891)) ;
#3157=CARTESIAN_POINT('Line Origine',(2.5,2.66503673792,5.24888753891)) ;
#3161=CARTESIAN_POINT('Vertex',(2.5,1.78424570523,5.24888753891)) ;
#3164=CARTESIAN_POINT('Axis2P3D Location',(2.5,1.78424570592,5.34888753923)) ;
#3179=CARTESIAN_POINT('Line Origine',(2.5,1.6842457056,2.93807268143)) ;
#3183=CARTESIAN_POINT('Vertex',(2.5,1.6842457056,2.54640994035)) ;
#3185=CARTESIAN_POINT('Vertex',(2.5,1.6842457056,3.32973542251)) ;
#3188=CARTESIAN_POINT('Axis2P3D Location',(2.5,1.58424570529,2.54640994104)) ;
#3192=CARTESIAN_POINT('Vertex',(2.5,1.58424570598,2.44640994072)) ;
#3195=CARTESIAN_POINT('Line Origine',(2.5,0.,2.44640994072)) ;
#3199=CARTESIAN_POINT('Vertex',(2.5,-1.58424570598,2.44640994072)) ;
#3202=CARTESIAN_POINT('Axis2P3D Location',(2.5,-1.58424570529,2.54640994104)) ;
#3206=CARTESIAN_POINT('Vertex',(2.5,-1.6842457056,2.54640994035)) ;
#3209=CARTESIAN_POINT('Line Origine',(2.5,-1.6842457056,2.93807268143)) ;
#3213=CARTESIAN_POINT('Vertex',(2.5,-1.6842457056,3.32973542251)) ;
#3216=CARTESIAN_POINT('Axis2P3D Location',(2.5,-1.58424570529,3.32973542182)) ;
#3220=CARTESIAN_POINT('Vertex',(2.5,-1.58424570598,3.42973542213)) ;
#3223=CARTESIAN_POINT('Line Origine',(2.5,0.,3.42973542213)) ;
#3227=CARTESIAN_POINT('Vertex',(2.5,1.58424570598,3.42973542213)) ;
#3230=CARTESIAN_POINT('Axis2P3D Location',(2.5,1.58424570529,3.32973542182)) ;
#3246=CARTESIAN_POINT('Axis2P3D Location',(2.,-5.5,6.)) ;
#3251=CARTESIAN_POINT('Axis2P3D Location',(2.,-5.5,12.)) ;
#3255=CARTESIAN_POINT('Vertex',(2.,-6.,12.)) ;
#3258=CARTESIAN_POINT('Line Origine',(2.,-6.,6.)) ;
#3270=CARTESIAN_POINT('Axis2P3D Location',(2.5,-6.,0.)) ;
#3275=CARTESIAN_POINT('Line Origine',(0.,-6.,12.)) ;
#3287=CARTESIAN_POINT('Axis2P3D Location',(-0.000703492269176,-7.5,-15.5419601085)) ;
#3300=CARTESIAN_POINT('Axis2P3D Location',(0.,0.,12.)) ;
#3316=CARTESIAN_POINT('Control Point',(2.08166817117E-017,5.19999999925,12.)) ;
#3317=CARTESIAN_POINT('Control Point',(0.,5.26283016693,12.)) ;
#3318=CARTESIAN_POINT('Control Point',(0.00986907489156,5.32565963675,12.)) ;
#3319=CARTESIAN_POINT('Control Point',(0.0296140496405,5.38642981878,12.)) ;
#3320=CARTESIAN_POINT('Control Point',(0.0875076628447,5.49969408717,12.)) ;
#3321=CARTESIAN_POINT('Control Point',(0.177336632015,5.58975251095,12.)) ;
#3322=CARTESIAN_POINT('Control Point',(0.229030471666,5.62731081624,12.)) ;
#3323=CARTESIAN_POINT('Control Point',(0.314032051454,5.6704844371,12.)) ;
#3324=CARTESIAN_POINT('Control Point',(0.405884732258,5.69256746285,12.)) ;
#3325=CARTESIAN_POINT('Control Point',(0.43729687388,5.69754271162,12.)) ;
#3326=CARTESIAN_POINT('Control Point',(0.468648523818,5.69999999925,12.)) ;
#3327=CARTESIAN_POINT('Control Point',(0.5,5.69999999925,12.)) ;
#3328=CARTESIAN_POINT('Vertex',(0.,5.2,12.)) ;
#3330=CARTESIAN_POINT('Vertex',(0.5,5.7,12.)) ;
#3333=CARTESIAN_POINT('Line Origine',(1.15000000037,5.69999999925,12.)) ;
#3337=CARTESIAN_POINT('Vertex',(1.80000000075,5.7,12.)) ;
#3340=CARTESIAN_POINT('Axis2P3D Location',(1.80000000234,5.20000000085,12.)) ;
#3344=CARTESIAN_POINT('Vertex',(2.3,5.2,12.)) ;
#3347=CARTESIAN_POINT('Line Origine',(2.30000000075,0.,12.)) ;
#3351=CARTESIAN_POINT('Vertex',(2.3,-5.20000000037,12.)) ;
#3354=CARTESIAN_POINT('Axis2P3D Location',(1.80000000234,-5.20000000085,12.)) ;
#3358=CARTESIAN_POINT('Vertex',(1.80000000075,-5.69999999925,12.)) ;
#3361=CARTESIAN_POINT('Line Origine',(1.15000000037,-5.69999999925,12.)) ;
#3365=CARTESIAN_POINT('Vertex',(0.5,-5.69999999925,12.)) ;
#3368=CARTESIAN_POINT('Axis2P3D Location',(0.499999998401,-5.20000000085,12.)) ;
#3372=CARTESIAN_POINT('Vertex',(0.,-5.2,12.)) ;
#3375=CARTESIAN_POINT('Line Origine',(0.,0.,12.)) ;
#3391=CARTESIAN_POINT('Axis2P3D Location',(2.4,1.7842457056,6.91887321472)) ;
#3396=CARTESIAN_POINT('Line Origine',(2.40000000037,1.6842457056,6.91887321472)) ;
#3400=CARTESIAN_POINT('Vertex',(-2.,1.6842457056,6.91887321509)) ;
#3403=CARTESIAN_POINT('Line Origine',(2.40000000037,1.7842457056,7.01887321472)) ;
#3407=CARTESIAN_POINT('Vertex',(-2.00000000037,1.7842457056,7.01887321472)) ;
#3410=CARTESIAN_POINT('Axis2P3D Location',(-2.00000000037,1.7842457056,6.91887321472)) ;
#3422=CARTESIAN_POINT('Axis2P3D Location',(2.5,1.6842457056,5.24888753891)) ;
#3427=CARTESIAN_POINT('Line Origine',(-2.25,1.6842457056,5.34888753854)) ;
#3431=CARTESIAN_POINT('Vertex',(-2.,1.6842457056,5.34888753854)) ;
#3434=CARTESIAN_POINT('Line Origine',(-2.,1.6842457056,6.13388037682)) ;
#3446=CARTESIAN_POINT('Axis2P3D Location',(-2.25,1.7842457056,5.34888753891)) ;
#3451=CARTESIAN_POINT('Line Origine',(-2.25,1.7842457056,5.24888753891)) ;
#3455=CARTESIAN_POINT('Vertex',(-2.,1.7842457056,5.24888753891)) ;
#3458=CARTESIAN_POINT('Axis2P3D Location',(-2.,1.7842457056,5.34888753891)) ;
#3470=CARTESIAN_POINT('Axis2P3D Location',(2.5,-1.6842457056,5.24888753891)) ;
#3475=CARTESIAN_POINT('Line Origine',(-2.25,3.54582777061,5.24888753891)) ;
#3479=CARTESIAN_POINT('Vertex',(-2.,3.54582777061,5.24888753891)) ;
#3482=CARTESIAN_POINT('Line Origine',(-2.,2.66503673792,5.24888753891)) ;
#3494=CARTESIAN_POINT('Axis2P3D Location',(-2.25,3.54582777023,5.34888753891)) ;
#3499=CARTESIAN_POINT('Line Origine',(-2.25,3.64582777023,5.34888753891)) ;
#3503=CARTESIAN_POINT('Vertex',(-2.,3.64582777023,5.34888753891)) ;
#3506=CARTESIAN_POINT('Axis2P3D Location',(-2.,3.54582777023,5.34888753891)) ;
#3518=CARTESIAN_POINT('Axis2P3D Location',(2.5,3.64582777023,7.01887321472)) ;
#3523=CARTESIAN_POINT('Line Origine',(-2.25,3.64582777023,6.91887321509)) ;
#3527=CARTESIAN_POINT('Vertex',(-2.,3.64582777023,6.91887321509)) ;
#3530=CARTESIAN_POINT('Line Origine',(-2.,3.64582777023,6.13388037681)) ;
#3542=CARTESIAN_POINT('Axis2P3D Location',(2.4,3.54582777023,6.91887321472)) ;
#3547=CARTESIAN_POINT('Line Origine',(2.40000000037,3.54582777023,7.01887321472)) ;
#3551=CARTESIAN_POINT('Vertex',(-2.,3.54582777061,7.01887321472)) ;
#3554=CARTESIAN_POINT('Axis2P3D Location',(-2.00000000037,3.54582777023,6.91887321472)) ;
#3566=CARTESIAN_POINT('Axis2P3D Location',(2.5,-3.64582777023,7.01887321472)) ;
#3571=CARTESIAN_POINT('Line Origine',(-2.,2.66503673792,7.01887321472)) ;
#3583=CARTESIAN_POINT('Axis2P3D Location',(2.5,-3.64582777023,7.01887321472)) ;
#3588=CARTESIAN_POINT('Line Origine',(-2.25,-3.64582777023,5.34888753854)) ;
#3592=CARTESIAN_POINT('Vertex',(-2.,-3.64582777023,5.34888753891)) ;
#3595=CARTESIAN_POINT('Line Origine',(-2.25,-3.64582777023,6.91887321509)) ;
#3599=CARTESIAN_POINT('Vertex',(-2.,-3.64582777023,6.91887321509)) ;
#3602=CARTESIAN_POINT('Line Origine',(-2.,-3.64582777023,6.13388037681)) ;
#3614=CARTESIAN_POINT('Axis2P3D Location',(-2.25,-3.54582777023,5.34888753891)) ;
#3619=CARTESIAN_POINT('Line Origine',(-2.25,-3.54582777023,5.24888753891)) ;
#3623=CARTESIAN_POINT('Vertex',(-2.,-3.54582777023,5.24888753891)) ;
#3626=CARTESIAN_POINT('Axis2P3D Location',(-2.,-3.54582777023,5.34888753891)) ;
#3638=CARTESIAN_POINT('Line Origine',(-2.25,-1.78424570523,5.24888753891)) ;
#3642=CARTESIAN_POINT('Vertex',(-2.,-1.78424570523,5.24888753891)) ;
#3645=CARTESIAN_POINT('Line Origine',(-2.,-2.66503673791,5.24888753891)) ;
#3657=CARTESIAN_POINT('Axis2P3D Location',(-2.25,-1.7842457056,5.34888753891)) ;
#3662=CARTESIAN_POINT('Line Origine',(-2.25,-1.6842457056,5.34888753891)) ;
#3666=CARTESIAN_POINT('Vertex',(-2.,-1.6842457056,5.34888753891)) ;
#3669=CARTESIAN_POINT('Axis2P3D Location',(-2.,-1.7842457056,5.34888753891)) ;
#3681=CARTESIAN_POINT('Axis2P3D Location',(2.5,-1.6842457056,5.24888753891)) ;
#3686=CARTESIAN_POINT('Line Origine',(-2.25,-1.6842457056,6.91887321509)) ;
#3690=CARTESIAN_POINT('Vertex',(-2.,-1.6842457056,6.91887321509)) ;
#3693=CARTESIAN_POINT('Line Origine',(-2.,-1.6842457056,6.13388037682)) ;
#3705=CARTESIAN_POINT('Axis2P3D Location',(2.4,-1.7842457056,6.91887321472)) ;
#3710=CARTESIAN_POINT('Line Origine',(2.40000000037,-1.7842457056,7.01887321472)) ;
#3714=CARTESIAN_POINT('Vertex',(-2.,-1.78424570523,7.01887321472)) ;
#3717=CARTESIAN_POINT('Axis2P3D Location',(-2.00000000037,-1.7842457056,6.91887321472)) ;
#3729=CARTESIAN_POINT('Line Origine',(-2.25,-3.5458277706,7.01887321472)) ;
#3733=CARTESIAN_POINT('Vertex',(-2.,-3.54582777061,7.01887321472)) ;
#3736=CARTESIAN_POINT('Line Origine',(-2.,-2.66503673792,7.01887321472)) ;
#3748=CARTESIAN_POINT('Axis2P3D Location',(2.4,-3.54582777023,6.91887321472)) ;
#3753=CARTESIAN_POINT('Axis2P3D Location',(-2.00000000037,-3.54582777023,6.91887321472)) ;
#3765=CARTESIAN_POINT('Line Origine',(2.30000000075,-1.6842457056,6.13388037682)) ;
#3769=CARTESIAN_POINT('Vertex',(2.30000000075,-1.6842457056,5.34888753854)) ;
#3771=CARTESIAN_POINT('Vertex',(2.30000000037,-1.6842457056,6.91887321472)) ;
#3774=CARTESIAN_POINT('Line Origine',(2.40000000037,-1.6842457056,5.34888753854)) ;
#3779=CARTESIAN_POINT('Line Origine',(2.40000000037,-1.6842457056,6.91887321509)) ;
#3791=CARTESIAN_POINT('Axis2P3D Location',(2.4,-1.7842457056,5.34888753891)) ;
#3796=CARTESIAN_POINT('Axis2P3D Location',(2.30000000037,-1.7842457056,5.34888753891)) ;
#3800=CARTESIAN_POINT('Vertex',(2.3,-1.78424570635,5.24888753891)) ;
#3803=CARTESIAN_POINT('Line Origine',(2.40000000037,-1.7842457056,5.24888753891)) ;
#3815=CARTESIAN_POINT('Line Origine',(2.40000000037,-3.5458277706,5.24888753891)) ;
#3819=CARTESIAN_POINT('Vertex',(2.3,-3.54582776986,5.24888753891)) ;
#3822=CARTESIAN_POINT('Line Origine',(2.30000000075,-2.66503673791,5.24888753891)) ;
#3834=CARTESIAN_POINT('Axis2P3D Location',(2.4,-3.54582777023,5.34888753891)) ;
#3839=CARTESIAN_POINT('Axis2P3D Location',(2.30000000037,-3.54582777023,5.34888753891)) ;
#3843=CARTESIAN_POINT('Vertex',(2.3,-3.64582776949,5.34888753854)) ;
#3846=CARTESIAN_POINT('Line Origine',(2.40000000037,-3.64582777023,5.34888753891)) ;
#3858=CARTESIAN_POINT('Line Origine',(2.30000000075,-3.64582777023,6.13388037681)) ;
#3862=CARTESIAN_POINT('Vertex',(2.3,-3.64582776949,6.91887321509)) ;
#3865=CARTESIAN_POINT('Line Origine',(2.40000000037,-3.64582777023,6.91887321509)) ;
#3877=CARTESIAN_POINT('Axis2P3D Location',(2.30000000037,-3.54582777023,6.91887321472)) ;
#3881=CARTESIAN_POINT('Vertex',(2.30000000075,-3.5458277706,7.01887321472)) ;
#3884=CARTESIAN_POINT('Line Origine',(2.40000000037,-3.54582777023,7.01887321472)) ;
#3896=CARTESIAN_POINT('Line Origine',(2.40000000037,-1.78424570523,7.01887321472)) ;
#3900=CARTESIAN_POINT('Vertex',(2.30000000037,-1.7842457056,7.01887321472)) ;
#3903=CARTESIAN_POINT('Line Origine',(2.30000000075,-2.66503673792,7.01887321472)) ;
#3915=CARTESIAN_POINT('Axis2P3D Location',(2.30000000037,-1.7842457056,6.91887321472)) ;
#3927=CARTESIAN_POINT('Line Origine',(2.40000000037,1.6842457056,5.34888753854)) ;
#3931=CARTESIAN_POINT('Vertex',(2.3,1.68424570635,5.34888753854)) ;
#3934=CARTESIAN_POINT('Line Origine',(2.30000000075,1.6842457056,6.13388037682)) ;
#3938=CARTESIAN_POINT('Vertex',(2.3,1.68424570635,6.91887321509)) ;
#3941=CARTESIAN_POINT('Line Origine',(2.40000000037,1.6842457056,6.91887321509)) ;
#3953=CARTESIAN_POINT('Axis2P3D Location',(2.30000000037,1.7842457056,6.91887321472)) ;
#3957=CARTESIAN_POINT('Vertex',(2.3,1.78424570598,7.01887321472)) ;
#3960=CARTESIAN_POINT('Line Origine',(2.40000000037,1.7842457056,7.01887321472)) ;
#3972=CARTESIAN_POINT('Line Origine',(2.40000000037,3.54582777061,7.01887321472)) ;
#3976=CARTESIAN_POINT('Vertex',(2.3,3.54582776949,7.01887321472)) ;
#3979=CARTESIAN_POINT('Line Origine',(2.30000000075,2.66503673792,7.01887321472)) ;
#3991=CARTESIAN_POINT('Axis2P3D Location',(2.30000000037,3.54582777023,6.91887321472)) ;
#3995=CARTESIAN_POINT('Vertex',(2.3,3.64582777098,6.91887321509)) ;
#3998=CARTESIAN_POINT('Line Origine',(2.40000000037,3.64582777023,6.91887321472)) ;
#4010=CARTESIAN_POINT('Line Origine',(2.30000000075,3.64582777023,6.13388037681)) ;
#4014=CARTESIAN_POINT('Vertex',(2.3,3.64582777098,5.34888753854)) ;
#4017=CARTESIAN_POINT('Line Origine',(2.40000000037,3.64582777023,5.34888753854)) ;
#4029=CARTESIAN_POINT('Axis2P3D Location',(2.4,3.54582777023,5.34888753891)) ;
#4034=CARTESIAN_POINT('Axis2P3D Location',(2.30000000037,3.54582777023,5.34888753891)) ;
#4038=CARTESIAN_POINT('Vertex',(2.3,3.54582776949,5.24888753891)) ;
#4041=CARTESIAN_POINT('Line Origine',(2.40000000037,3.54582777023,5.24888753891)) ;
#4053=CARTESIAN_POINT('Line Origine',(2.40000000037,1.78424570524,5.24888753891)) ;
#4057=CARTESIAN_POINT('Vertex',(2.3,1.78424570598,5.24888753891)) ;
#4060=CARTESIAN_POINT('Line Origine',(2.30000000075,2.66503673792,5.24888753891)) ;
#4072=CARTESIAN_POINT('Axis2P3D Location',(2.4,1.7842457056,5.34888753891)) ;
#4077=CARTESIAN_POINT('Axis2P3D Location',(2.30000000037,1.7842457056,5.34888753891)) ;
#4089=CARTESIAN_POINT('Line Origine',(2.30000000075,1.6842457056,2.93807268143)) ;
#4093=CARTESIAN_POINT('Vertex',(2.3,1.68424570635,2.54640994035)) ;
#4095=CARTESIAN_POINT('Vertex',(2.3,1.68424570635,3.32973542251)) ;
#4098=CARTESIAN_POINT('Line Origine',(2.40000000037,1.6842457056,2.54640994035)) ;
#4103=CARTESIAN_POINT('Line Origine',(2.40000000037,1.6842457056,3.32973542251)) ;
#4115=CARTESIAN_POINT('Axis2P3D Location',(2.4,1.5842457056,2.54640994072)) ;
#4120=CARTESIAN_POINT('Axis2P3D Location',(2.30000000037,1.5842457056,2.54640994072)) ;
#4124=CARTESIAN_POINT('Vertex',(2.3,1.58424570486,2.44640994072)) ;
#4127=CARTESIAN_POINT('Line Origine',(2.40000000037,1.5842457056,2.44640994072)) ;
#4139=CARTESIAN_POINT('Axis2P3D Location',(2.5,1.6842457056,2.44640994072)) ;
#4144=CARTESIAN_POINT('Line Origine',(2.30000000075,-4.55324666859E-012,2.44640994072)) ;
#4148=CARTESIAN_POINT('Vertex',(2.3,-1.58424570523,2.44640994072)) ;
#4151=CARTESIAN_POINT('Line Origine',(2.40000000037,-1.58424570598,2.44640994072)) ;
#4163=CARTESIAN_POINT('Axis2P3D Location',(2.4,-1.5842457056,2.54640994072)) ;
#4168=CARTESIAN_POINT('Axis2P3D Location',(2.30000000037,-1.5842457056,2.54640994072)) ;
#4172=CARTESIAN_POINT('Vertex',(2.3,-1.68424570486,2.54640994035)) ;
#4175=CARTESIAN_POINT('Line Origine',(2.40000000037,-1.6842457056,2.54640994072)) ;
#4187=CARTESIAN_POINT('Line Origine',(2.30000000075,-1.6842457056,2.93807268143)) ;
#4191=CARTESIAN_POINT('Vertex',(2.3,-1.68424570486,3.32973542251)) ;
#4194=CARTESIAN_POINT('Line Origine',(2.40000000037,-1.6842457056,3.32973542251)) ;
#4206=CARTESIAN_POINT('Axis2P3D Location',(2.4,-1.5842457056,3.32973542213)) ;
#4211=CARTESIAN_POINT('Axis2P3D Location',(2.30000000037,-1.5842457056,3.32973542213)) ;
#4215=CARTESIAN_POINT('Vertex',(2.3,-1.58424570523,3.42973542213)) ;
#4218=CARTESIAN_POINT('Line Origine',(2.40000000037,-1.5842457056,3.42973542213)) ;
#4230=CARTESIAN_POINT('Axis2P3D Location',(2.5,-1.6842457056,3.42973542213)) ;
#4235=CARTESIAN_POINT('Line Origine',(2.40000000037,1.58424570598,3.42973542213)) ;
#4239=CARTESIAN_POINT('Vertex',(2.3,1.58424570486,3.42973542213)) ;
#4242=CARTESIAN_POINT('Line Origine',(2.30000000075,4.55324666859E-012,3.42973542213)) ;
#4254=CARTESIAN_POINT('Axis2P3D Location',(2.4,1.5842457056,3.32973542213)) ;
#4259=CARTESIAN_POINT('Axis2P3D Location',(2.30000000037,1.5842457056,3.32973542213)) ;
#4271=CARTESIAN_POINT('Axis2P3D Location',(0.5,5.2,6.5)) ;
#4276=CARTESIAN_POINT('Line Origine',(0.,5.2,6.5)) ;
#4280=CARTESIAN_POINT('Vertex',(0.,5.2,1.)) ;
#4283=CARTESIAN_POINT('Axis2P3D Location',(0.5,5.2,1.)) ;
#4287=CARTESIAN_POINT('Vertex',(0.5,5.7,1.)) ;
#4290=CARTESIAN_POINT('Line Origine',(0.5,5.7,6.5)) ;
#4302=CARTESIAN_POINT('Axis2P3D Location',(-1.33226762955E-015,5.7,12.)) ;
#4307=CARTESIAN_POINT('Line Origine',(1.15000000037,5.7,1.)) ;
#4311=CARTESIAN_POINT('Vertex',(1.80000000075,5.69999999925,1.)) ;
#4314=CARTESIAN_POINT('Line Origine',(1.80000000075,5.7,6.5)) ;
#4326=CARTESIAN_POINT('Axis2P3D Location',(1.8,5.2,6.5)) ;
#4331=CARTESIAN_POINT('Axis2P3D Location',(1.8,5.2,1.)) ;
#4335=CARTESIAN_POINT('Vertex',(2.3,5.2,1.)) ;
#4338=CARTESIAN_POINT('Line Origine',(2.3,5.2,6.5)) ;
#4350=CARTESIAN_POINT('Axis2P3D Location',(2.3,5.7,12.)) ;
#4355=CARTESIAN_POINT('Line Origine',(2.3,-1.86264337287E-010,1.)) ;
#4359=CARTESIAN_POINT('Vertex',(2.3,-5.20000000037,1.)) ;
#4362=CARTESIAN_POINT('Line Origine',(2.3,-5.20000000037,6.5)) ;
#4404=CARTESIAN_POINT('Axis2P3D Location',(1.8,-5.2,6.5)) ;
#4409=CARTESIAN_POINT('Axis2P3D Location',(1.8,-5.2,1.)) ;
#4413=CARTESIAN_POINT('Vertex',(1.80000000075,-5.69999999925,1.)) ;
#4416=CARTESIAN_POINT('Line Origine',(1.8,-5.7,6.5)) ;
#4428=CARTESIAN_POINT('Axis2P3D Location',(2.3,-5.7,12.)) ;
#4433=CARTESIAN_POINT('Line Origine',(0.499999999255,-5.7,6.5)) ;
#4437=CARTESIAN_POINT('Vertex',(0.5,-5.69999999925,1.)) ;
#4440=CARTESIAN_POINT('Line Origine',(1.14999999963,-5.7,1.)) ;
#4452=CARTESIAN_POINT('Axis2P3D Location',(0.5,-5.2,6.5)) ;
#4457=CARTESIAN_POINT('Axis2P3D Location',(0.5,-5.2,1.)) ;
#4461=CARTESIAN_POINT('Vertex',(0.,-5.19999999925,1.)) ;
#4464=CARTESIAN_POINT('Line Origine',(0.,-5.2,6.5)) ;
#4476=CARTESIAN_POINT('Axis2P3D Location',(0.,-5.7,12.)) ;
#4481=CARTESIAN_POINT('Line Origine',(0.,1.86264337287E-010,1.)) ;
#4493=CARTESIAN_POINT('Axis2P3D Location',(-2.,0.,0.)) ;
#4520=CARTESIAN_POINT('Axis2P3D Location',(0.,0.,1.)) ;
#4546=CARTESIAN_POINT('NONE',(0.,0.,0.)) ;
#4547=CARTESIAN_POINT('NONE',(0.,0.,0.)) ;
#4563=CARTESIAN_POINT('Axis2P3D Location',(-50.,20.,0.)) ;
#4568=CARTESIAN_POINT('Axis2P3D Location',(-50.,0.,0.)) ;
#4572=CARTESIAN_POINT('Vertex',(-52.75,-3.36766747301E-016,3.36766747301E-016)) ;
#4574=CARTESIAN_POINT('Vertex',(-47.25,3.36766747301E-016,1.22124532709E-015)) ;
#4577=CARTESIAN_POINT('Line Origine',(-47.25,20.,1.22124532709E-015)) ;
#4581=CARTESIAN_POINT('Vertex',(-47.25,40.,1.22124532709E-015)) ;
#4584=CARTESIAN_POINT('Axis2P3D Location',(-50.,40.,0.)) ;
#4588=CARTESIAN_POINT('Vertex',(-52.75,40.,3.36766747301E-016)) ;
#4591=CARTESIAN_POINT('Line Origine',(-52.75,20.,3.36766747301E-016)) ;
#4603=CARTESIAN_POINT('Axis2P3D Location',(0.,0.,0.)) ;
#4608=CARTESIAN_POINT('Axis2P3D Location',(50.,-6.12323399574E-015,0.)) ;
#4612=CARTESIAN_POINT('Vertex',(52.75,-6.45979851641E-015,0.)) ;
#4614=CARTESIAN_POINT('Vertex',(47.25,-5.78626502181E-015,1.55801207439E-015)) ;
#4617=CARTESIAN_POINT('Axis2P3D Location',(0.,0.,1.55802319685E-015)) ;
#4622=CARTESIAN_POINT('Axis2P3D Location',(0.,0.,0.)) ;
#4634=CARTESIAN_POINT('Axis2P3D Location',(-50.,20.,0.)) ;
#4639=CARTESIAN_POINT('Axis2P3D Location',(-50.,-1.42108547152E-014,0.)) ;
#4644=CARTESIAN_POINT('Axis2P3D Location',(-50.,40.,0.)) ;
#4656=CARTESIAN_POINT('Axis2P3D Location',(0.,40.,0.)) ;
#4666=CARTESIAN_POINT('Axis2P3D Location',(50.,20.,0.)) ;
#4671=CARTESIAN_POINT('Axis2P3D Location',(50.,40.,0.)) ;
#4675=CARTESIAN_POINT('Vertex',(52.75,40.,-8.84478579787E-016)) ;
#4677=CARTESIAN_POINT('Vertex',(47.25,40.,-6.73533494602E-016)) ;
#4680=CARTESIAN_POINT('Line Origine',(47.25,20.,-6.73533494602E-016)) ;
#4685=CARTESIAN_POINT('Line Origine',(52.75,20.,2.23154556899E-015)) ;
#4697=CARTESIAN_POINT('Axis2P3D Location',(0.,0.,0.)) ;
#4702=CARTESIAN_POINT('Axis2P3D Location',(50.,-6.12323399574E-015,0.)) ;
#4714=CARTESIAN_POINT('Axis2P3D Location',(0.,40.,0.)) ;
#4720=CARTESIAN_POINT('Control Point',(52.75,40.,2.22044604925E-016)) ;
#4721=CARTESIAN_POINT('Control Point',(52.75,40.,-0.324954567734)) ;
#4722=CARTESIAN_POINT('Control Point',(52.7020020586,40.,-0.649908518382)) ;
#4723=CARTESIAN_POINT('Control Point',(52.6059786427,40.,-0.965439341851)) ;
#4724=CARTESIAN_POINT('Control Point',(52.3236628344,40.,-1.55864797496)) ;
#4725=CARTESIAN_POINT('Control Point',(51.8819043251,40.,-2.04490398688)) ;
#4726=CARTESIAN_POINT('Control Point',(51.6263904159,40.,-2.25345335581)) ;
#4727=CARTESIAN_POINT('Control Point',(51.0614829319,40.,-2.58883110014)) ;
#4728=CARTESIAN_POINT('Control Point',(50.4237413338,40.,-2.74656867529)) ;
#4729=CARTESIAN_POINT('Control Point',(50.0953696785,40.,-2.77742730514)) ;
#4730=CARTESIAN_POINT('Control Point',(49.439404081,40.,-2.74126333924)) ;
#4731=CARTESIAN_POINT('Control Point',(48.8219075792,40.,-2.51700108348)) ;
#4732=CARTESIAN_POINT('Control Point',(48.5320135709,40.,-2.35970626428)) ;
#4733=CARTESIAN_POINT('Control Point',(48.0073969459,40.,-1.96426208734)) ;
#4734=CARTESIAN_POINT('Control Point',(47.6195095657,40.,-1.43403678397)) ;
#4735=CARTESIAN_POINT('Control Point',(47.4663826274,40.,-1.14191979527)) ;
#4736=CARTESIAN_POINT('Control Point',(47.3245509909,40.,-0.733240046891)) ;
#4737=CARTESIAN_POINT('Control Point',(47.2645071733,40.,-0.309052636803)) ;
#4738=CARTESIAN_POINT('Control Point',(47.254821611,40.,-0.205985927372)) ;
#4739=CARTESIAN_POINT('Control Point',(47.25,40.,-0.102992932692)) ;
#4740=CARTESIAN_POINT('Control Point',(47.25,40.,5.55111512313E-017)) ;
#4747=CARTESIAN_POINT('Axis2P3D Location',(50.,20.,0.)) ;
#4769=CARTESIAN_POINT('NONE',(0.,0.,0.)) ;
#4770=CARTESIAN_POINT('NONE',(-6.12303176911E-015,-50.,-104.)) ;
#4784=CARTESIAN_POINT('NONE',(0.,0.,0.)) ;
#4785=CARTESIAN_POINT('NONE',(0.,-100.,0.)) ;
#64=DIRECTION('Axis2P3D Direction',(0.,0.,-1.)) ;
#65=DIRECTION('Axis2P3D XDirection',(1.,0.,0.)) ;
#69=DIRECTION('Vector Direction',(0.,0.,-1.)) ;
#78=DIRECTION('Axis2P3D Direction',(0.,0.,-1.)) ;
#85=DIRECTION('Vector Direction',(0.,0.,-1.)) ;
#92=DIRECTION('Axis2P3D Direction',(0.,0.,-1.)) ;
#104=DIRECTION('Axis2P3D Direction',(0.,0.,-1.)) ;
#105=DIRECTION('Axis2P3D XDirection',(-1.,-5.66549845232E-016,0.)) ;
#109=DIRECTION('Axis2P3D Direction',(0.,0.,-1.)) ;
#114=DIRECTION('Axis2P3D Direction',(0.,0.,-1.)) ;
#126=DIRECTION('Axis2P3D Direction',(0.,0.,-1.)) ;
#127=DIRECTION('Axis2P3D XDirection',(1.,0.,0.)) ;
#131=DIRECTION('Axis2P3D Direction',(0.,0.,-1.)) ;
#140=DIRECTION('Axis2P3D Direction',(0.,0.,-1.)) ;
#154=DIRECTION('Axis2P3D Direction',(0.,0.,-1.)) ;
#155=DIRECTION('Axis2P3D XDirection',(1.,0.,0.)) ;
#164=DIRECTION('Axis2P3D Direction',(0.,0.,-1.)) ;
#165=DIRECTION('Axis2P3D XDirection',(1.,0.,0.)) ;
#169=DIRECTION('Vector Direction',(0.,0.,-1.)) ;
#187=DIRECTION('Axis2P3D Direction',(0.,0.,-1.)) ;
#203=DIRECTION('Vector Direction',(0.,0.,-1.)) ;
#210=DIRECTION('Vector Direction',(0.,0.,-1.)) ;
#217=DIRECTION('Axis2P3D Direction',(0.,0.,-1.)) ;
#224=DIRECTION('Vector Direction',(0.,0.,-1.)) ;
#231=DIRECTION('Axis2P3D Direction',(0.,0.,-1.)) ;
#238=DIRECTION('Vector Direction',(0.,0.,-1.)) ;
#245=DIRECTION('Axis2P3D Direction',(0.,0.,-1.)) ;
#252=DIRECTION('Vector Direction',(0.,0.,-1.)) ;
#259=DIRECTION('Axis2P3D Direction',(0.,0.,-1.)) ;
#266=DIRECTION('Vector Direction',(0.,0.,-1.)) ;
#271=DIRECTION('Vector Direction',(0.,0.,-1.)) ;
#278=DIRECTION('Axis2P3D Direction',(0.,0.,-1.)) ;
#285=DIRECTION('Vector Direction',(0.,0.,-1.)) ;
#292=DIRECTION('Axis2P3D Direction',(0.,0.,-1.)) ;
#299=DIRECTION('Vector Direction',(0.,0.,-1.)) ;
#306=DIRECTION('Axis2P3D Direction',(0.,0.,-1.)) ;
#313=DIRECTION('Vector Direction',(0.,0.,-1.)) ;
#320=DIRECTION('Axis2P3D Direction',(0.,0.,-1.)) ;
#327=DIRECTION('Vector Direction',(0.,0.,-1.)) ;
#358=DIRECTION('Axis2P3D Direction',(0.,0.,-1.)) ;
#367=DIRECTION('Vector Direction',(0.,0.,-1.)) ;
#374=DIRECTION('Axis2P3D Direction',(0.,0.,-1.)) ;
#381=DIRECTION('Vector Direction',(0.,0.,-1.)) ;
#393=DIRECTION('Axis2P3D Direction',(0.,0.,-1.)) ;
#394=DIRECTION('Axis2P3D XDirection',(-1.,-1.22460635382E-016,0.)) ;
#407=DIRECTION('Axis2P3D Direction',(0.,0.,-1.)) ;
#414=DIRECTION('Vector Direction',(0.,0.,-1.)) ;
#421=DIRECTION('Axis2P3D Direction',(0.,0.,-1.)) ;
#426=DIRECTION('Axis2P3D Direction',(0.,0.,-1.)) ;
#433=DIRECTION('Vector Direction',(0.,0.,-1.)) ;
#440=DIRECTION('Axis2P3D Direction',(0.,0.,-1.)) ;
#445=DIRECTION('Axis2P3D Direction',(0.,0.,-1.)) ;
#452=DIRECTION('Vector Direction',(0.,0.,-1.)) ;
#459=DIRECTION('Axis2P3D Direction',(0.,0.,-1.)) ;
#464=DIRECTION('Axis2P3D Direction',(0.,0.,-1.)) ;
#471=DIRECTION('Vector Direction',(0.,0.,-1.)) ;
#478=DIRECTION('Axis2P3D Direction',(0.,0.,-1.)) ;
#492=DIRECTION('Axis2P3D Direction',(0.,0.,-1.)) ;
#523=DIRECTION('Axis2P3D Direction',(0.,0.,-1.)) ;
#532=DIRECTION('Vector Direction',(0.,0.,-1.)) ;
#539=DIRECTION('Axis2P3D Direction',(0.,0.,-1.)) ;
#546=DIRECTION('Vector Direction',(0.,0.,-1.)) ;
#558=DIRECTION('Axis2P3D Direction',(-0.,1.,0.)) ;
#559=DIRECTION('Axis2P3D XDirection',(1.,0.,0.)) ;
#563=DIRECTION('Vector Direction',(0.,1.,0.)) ;
#570=DIRECTION('Vector Direction',(0.,1.,0.)) ;
#577=DIRECTION('Axis2P3D Direction',(-0.,1.,0.)) ;
#589=DIRECTION('Axis2P3D Direction',(0.,0.,-1.)) ;
#590=DIRECTION('Axis2P3D XDirection',(1.,0.,0.)) ;
#594=DIRECTION('Vector Direction',(0.,-1.,0.)) ;
#601=DIRECTION('Vector Direction',(1.,0.,0.)) ;
#613=DIRECTION('Axis2P3D Direction',(0.,-1.,0.)) ;
#614=DIRECTION('Axis2P3D XDirection',(-1.,0.,0.)) ;
#618=DIRECTION('Vector Direction',(0.,-1.,0.)) ;
#625=DIRECTION('Axis2P3D Direction',(0.,-1.,0.)) ;
#637=DIRECTION('Axis2P3D Direction',(-0.,0.,1.)) ;
#638=DIRECTION('Axis2P3D XDirection',(1.,0.,0.)) ;
#642=DIRECTION('Vector Direction',(0.,-1.,0.)) ;
#649=DIRECTION('Axis2P3D Direction',(-0.,0.,1.)) ;
#656=DIRECTION('Axis2P3D Direction',(-0.,0.,1.)) ;
#663=DIRECTION('Vector Direction',(0.,-1.,0.)) ;
#677=DIRECTION('Axis2P3D Direction',(-1.,0.,0.)) ;
#678=DIRECTION('Axis2P3D XDirection',(0.,-1.,0.)) ;
#682=DIRECTION('Vector Direction',(0.,0.,1.)) ;
#689=DIRECTION('Vector Direction',(0.,-1.,0.)) ;
#701=DIRECTION('Axis2P3D Direction',(-0.,0.,1.)) ;
#702=DIRECTION('Axis2P3D XDirection',(1.,0.,0.)) ;
#706=DIRECTION('Axis2P3D Direction',(-0.,0.,1.)) ;
#713=DIRECTION('Axis2P3D Direction',(-0.,0.,1.)) ;
#720=DIRECTION('Vector Direction',(0.,-1.,0.)) ;
#734=DIRECTION('Axis2P3D Direction',(-0.,0.,1.)) ;
#735=DIRECTION('Axis2P3D XDirection',(1.,0.,0.)) ;
#739=DIRECTION('Vector Direction',(0.,-1.,0.)) ;
#746=DIRECTION('Axis2P3D Direction',(-0.,0.,1.)) ;
#753=DIRECTION('Axis2P3D Direction',(-0.,0.,1.)) ;
#760=DIRECTION('Vector Direction',(0.,-1.,0.)) ;
#774=DIRECTION('Vector Direction',(0.,0.,1.)) ;
#781=DIRECTION('Vector Direction',(0.,-1.,0.)) ;
#793=DIRECTION('Axis2P3D Direction',(-0.,0.,1.)) ;
#794=DIRECTION('Axis2P3D XDirection',(1.,0.,0.)) ;
#798=DIRECTION('Axis2P3D Direction',(-0.,0.,1.)) ;
#805=DIRECTION('Axis2P3D Direction',(-0.,0.,1.)) ;
#812=DIRECTION('Vector Direction',(0.,-1.,0.)) ;
#826=DIRECTION('Vector Direction',(0.,-1.,0.)) ;
#833=DIRECTION('Axis2P3D Direction',(-0.,0.,1.)) ;
#840=DIRECTION('Vector Direction',(0.,-1.,0.)) ;
#853=DIRECTION('Axis2P3D Direction',(-1.,0.,0.)) ;
#854=DIRECTION('Axis2P3D XDirection',(0.,-1.,0.)) ;
#858=DIRECTION('Vector Direction',(0.,0.,1.)) ;
#865=DIRECTION('Vector Direction',(0.,-1.,0.)) ;
#877=DIRECTION('Axis2P3D Direction',(-0.,0.,1.)) ;
#884=DIRECTION('Vector Direction',(0.,-1.,0.)) ;
#897=DIRECTION('Vector Direction',(0.,-1.,0.)) ;
#904=DIRECTION('Axis2P3D Direction',(-0.,0.,1.)) ;
#911=DIRECTION('Vector Direction',(0.,-1.,0.)) ;
#924=DIRECTION('Vector Direction',(0.,0.,1.)) ;
#931=DIRECTION('Vector Direction',(0.,-1.,0.)) ;
#943=DIRECTION('Axis2P3D Direction',(-0.,0.,1.)) ;
#950=DIRECTION('Vector Direction',(0.,-1.,0.)) ;
#963=DIRECTION('Axis2P3D Direction',(-0.,0.,1.)) ;
#964=DIRECTION('Axis2P3D XDirection',(1.,0.,0.)) ;
#968=DIRECTION('Vector Direction',(1.,0.,0.)) ;
#975=DIRECTION('Axis2P3D Direction',(-0.,0.,1.)) ;
#982=DIRECTION('Vector Direction',(1.,0.,0.)) ;
#994=DIRECTION('Axis2P3D Direction',(0.,-1.,0.)) ;
#995=DIRECTION('Axis2P3D XDirection',(1.,0.,0.)) ;
#999=DIRECTION('Vector Direction',(0.,0.,1.)) ;
#1006=DIRECTION('Vector Direction',(1.,0.,0.)) ;
#1018=DIRECTION('Axis2P3D Direction',(-0.,0.,1.)) ;
#1019=DIRECTION('Axis2P3D XDirection',(1.,0.,0.)) ;
#1023=DIRECTION('Axis2P3D Direction',(-0.,0.,1.)) ;
#1030=DIRECTION('Vector Direction',(1.,0.,0.)) ;
#1042=DIRECTION('Vector Direction',(0.,0.,1.)) ;
#1054=DIRECTION('Axis2P3D Direction',(-0.,1.,0.)) ;
#1055=DIRECTION('Axis2P3D XDirection',(1.,0.,1.83690953073E-016)) ;
#1059=DIRECTION('Vector Direction',(0.,1.,0.)) ;
#1066=DIRECTION('Vector Direction',(0.,1.,0.)) ;
#1073=DIRECTION('Axis2P3D Direction',(-0.,1.,0.)) ;
#1085=DIRECTION('Vector Direction',(0.,0.,1.)) ;
#1097=DIRECTION('Vector Direction',(0.,0.,1.)) ;
#1109=DIRECTION('Vector Direction',(0.,0.,1.)) ;
#1121=DIRECTION('Vector Direction',(0.,0.,1.)) ;
#1133=DIRECTION('Axis2P3D Direction',(0.,-1.,0.)) ;
#1134=DIRECTION('Axis2P3D XDirection',(-1.,0.,0.)) ;
#1138=DIRECTION('Vector Direction',(0.,-1.,0.)) ;
#1145=DIRECTION('Vector Direction',(0.,-1.,0.)) ;
#1152=DIRECTION('Axis2P3D Direction',(0.,-1.,0.)) ;
#1164=DIRECTION('Vector Direction',(-1.,0.,0.)) ;
#1176=DIRECTION('Vector Direction',(1.,0.,0.)) ;
#1183=DIRECTION('Axis2P3D Direction',(-0.,0.,1.)) ;
#1190=DIRECTION('Vector Direction',(1.,0.,0.)) ;
#1202=DIRECTION('Axis2P3D Direction',(0.,-1.,0.)) ;
#1203=DIRECTION('Axis2P3D XDirection',(1.,0.,0.)) ;
#1207=DIRECTION('Vector Direction',(0.,0.,1.)) ;
#1214=DIRECTION('Vector Direction',(1.,0.,0.)) ;
#1226=DIRECTION('Axis2P3D Direction',(-0.,0.,1.)) ;
#1233=DIRECTION('Vector Direction',(1.,0.,0.)) ;
#1245=DIRECTION('Vector Direction',(0.,0.,1.)) ;
#1257=DIRECTION('Axis2P3D Direction',(-1.,0.,0.)) ;
#1258=DIRECTION('Axis2P3D XDirection',(0.,1.,0.)) ;
#1262=DIRECTION('Vector Direction',(0.,1.,0.)) ;
#1271=DIRECTION('Vector Direction',(0.,0.,-1.)) ;
#1278=DIRECTION('Axis2P3D Direction',(-1.,0.,0.)) ;
#1285=DIRECTION('Vector Direction',(0.,0.,-1.)) ;
#1290=DIRECTION('Vector Direction',(0.,0.,-1.)) ;
#1297=DIRECTION('Axis2P3D Direction',(-1.,0.,0.)) ;
#1304=DIRECTION('Vector Direction',(0.,0.,-1.)) ;
#1321=DIRECTION('Axis2P3D Direction',(0.,0.707106781187,-0.707106781187)) ;
#1322=DIRECTION('Axis2P3D XDirection',(1.,0.,0.)) ;
#1336=DIRECTION('Axis2P3D Direction',(1.,4.32963728536E-017,4.32963728536E-017)) ;
#1347=DIRECTION('Axis2P3D Direction',(1.,0.,0.)) ;
#1348=DIRECTION('Axis2P3D XDirection',(0.,-1.,0.)) ;
#1352=DIRECTION('Vector Direction',(1.,0.,0.)) ;
#1359=DIRECTION('Axis2P3D Direction',(1.,0.,0.)) ;
#1371=DIRECTION('Axis2P3D Direction',(1.,0.,0.)) ;
#1372=DIRECTION('Axis2P3D XDirection',(0.,-1.,0.)) ;
#1376=DIRECTION('Vector Direction',(0.,0.,-1.)) ;
#1385=DIRECTION('Vector Direction',(0.,-1.,0.)) ;
#1392=DIRECTION('Vector Direction',(0.,0.,-1.)) ;
#1399=DIRECTION('Axis2P3D Direction',(1.,0.,0.)) ;
#1406=DIRECTION('Axis2P3D Direction',(1.,0.,0.)) ;
#1413=DIRECTION('Vector Direction',(0.,0.,-1.)) ;
#1418=DIRECTION('Vector Direction',(0.,0.,-1.)) ;
#1425=DIRECTION('Axis2P3D Direction',(1.,0.,0.)) ;
#1442=DIRECTION('Vector Direction',(0.,0.,1.)) ;
#1451=DIRECTION('Axis2P3D Direction',(1.,0.,0.)) ;
#1458=DIRECTION('Vector Direction',(0.,-1.,0.)) ;
#1465=DIRECTION('Axis2P3D Direction',(1.,0.,0.)) ;
#1472=DIRECTION('Vector Direction',(0.,0.,-1.)) ;
#1479=DIRECTION('Axis2P3D Direction',(1.,0.,0.)) ;
#1486=DIRECTION('Vector Direction',(0.,1.,0.)) ;
#1493=DIRECTION('Axis2P3D Direction',(1.,0.,0.)) ;
#1509=DIRECTION('Axis2P3D Direction',(0.,0.707106781187,-0.707106781187)) ;
#1510=DIRECTION('Axis2P3D XDirection',(0.,-0.707106781187,-0.707106781187)) ;
#1528=DIRECTION('Axis2P3D Direction',(-0.,0.,1.)) ;
#1529=DIRECTION('Axis2P3D XDirection',(0.983332166036,0.181818181818,0.)) ;
#1533=DIRECTION('Vector Direction',(0.,0.,1.)) ;
#1545=DIRECTION('Axis2P3D Direction',(-0.,0.,1.)) ;
#1546=DIRECTION('Axis2P3D XDirection',(-0.983332166036,-0.181818181818,-0.)) ;
#1557=DIRECTION('Vector Direction',(0.,0.,1.)) ;
#1576=DIRECTION('Axis2P3D Direction',(-0.,0.,1.)) ;
#1577=DIRECTION('Axis2P3D XDirection',(0.181818181818,-0.983332166036,0.)) ;
#1602=DIRECTION('Axis2P3D Direction',(0.,-0.707106781187,-0.707106781187)) ;
#1603=DIRECTION('Axis2P3D XDirection',(0.,0.707106781187,-0.707106781187)) ;
#1607=DIRECTION('Axis2P3D Direction',(-1.,0.,-0.)) ;
#1628=DIRECTION('Axis2P3D Direction',(-0.,-0.707106781187,-0.707106781187)) ;
#1629=DIRECTION('Axis2P3D XDirection',(-1.,0.,0.)) ;
#1643=DIRECTION('Axis2P3D Direction',(-1.,-4.32963728536E-017,4.32963728536E-017)) ;
#1654=DIRECTION('Axis2P3D Direction',(-1.,0.,0.)) ;
#1655=DIRECTION('Axis2P3D XDirection',(0.,1.,0.)) ;
#1659=DIRECTION('Vector Direction',(-1.,0.,0.)) ;
#1678=DIRECTION('Axis2P3D Direction',(0.,1.,0.)) ;
#1679=DIRECTION('Axis2P3D XDirection',(0.,0.,1.)) ;
#1683=DIRECTION('Axis2P3D Direction',(0.,1.,0.)) ;
#1690=DIRECTION('Vector Direction',(0.,1.,0.)) ;
#1697=DIRECTION('Axis2P3D Direction',(0.,1.,0.)) ;
#1709=DIRECTION('Axis2P3D Direction',(0.,0.,-1.)) ;
#1710=DIRECTION('Axis2P3D XDirection',(1.,1.83690953073E-016,0.)) ;
#1714=DIRECTION('Vector Direction',(0.,0.,-1.)) ;
#1723=DIRECTION('Axis2P3D Direction',(0.,0.,-1.)) ;
#1728=DIRECTION('Axis2P3D Direction',(0.,0.,-1.)) ;
#1735=DIRECTION('Axis2P3D Direction',(0.,0.,-1.)) ;
#1748=DIRECTION('Axis2P3D Direction',(-1.,0.,-0.)) ;
#1749=DIRECTION('Axis2P3D XDirection',(0.,0.166666666667,0.986013297183)) ;
#1753=DIRECTION('Axis2P3D Direction',(-0.,-0.986013297183,0.166666666667)) ;
#1760=DIRECTION('Axis2P3D Direction',(-1.,0.,0.)) ;
#1767=DIRECTION('Axis2P3D Direction',(0.,2.77555756156E-017,1.)) ;
#1779=DIRECTION('Axis2P3D Direction',(0.,0.,-1.)) ;
#1780=DIRECTION('Axis2P3D XDirection',(1.,1.83690953073E-016,0.)) ;
#1784=DIRECTION('Vector Direction',(0.,0.,-1.)) ;
#1796=DIRECTION('Axis2P3D Direction',(0.,0.,-1.)) ;
#1797=DIRECTION('Axis2P3D XDirection',(0.,1.,0.)) ;
#1801=DIRECTION('Vector Direction',(0.,0.,-1.)) ;
#1808=DIRECTION('Axis2P3D Direction',(0.,0.,-1.)) ;
#1820=DIRECTION('Axis2P3D Direction',(-1.,-0.,0.)) ;
#1821=DIRECTION('Axis2P3D XDirection',(0.,-1.,0.)) ;
#1825=DIRECTION('Axis2P3D Direction',(-1.,0.,0.)) ;
#1847=DIRECTION('Axis2P3D Direction',(0.,0.,-1.)) ;
#1848=DIRECTION('Axis2P3D XDirection',(0.,1.,0.)) ;
#1852=DIRECTION('Vector Direction',(0.,0.,-1.)) ;
#1859=DIRECTION('Axis2P3D Direction',(0.,0.,-1.)) ;
#1871=DIRECTION('Axis2P3D Direction',(-0.,1.,0.)) ;
#1872=DIRECTION('Axis2P3D XDirection',(1.,0.,0.)) ;
#1876=DIRECTION('Vector Direction',(1.,0.,0.)) ;
#1883=DIRECTION('Vector Direction',(0.,0.,-1.)) ;
#1895=DIRECTION('Axis2P3D Direction',(0.,0.,-1.)) ;
#1896=DIRECTION('Axis2P3D XDirection',(1.83690953073E-016,-1.,-0.)) ;
#1900=DIRECTION('Axis2P3D Direction',(0.,0.,-1.)) ;
#1907=DIRECTION('Vector Direction',(0.,0.,-1.)) ;
#1914=DIRECTION('Axis2P3D Direction',(0.,0.,-1.)) ;
#1926=DIRECTION('Axis2P3D Direction',(0.,-1.,0.)) ;
#1927=DIRECTION('Axis2P3D XDirection',(1.83690953073E-016,0.,1.)) ;
#1931=DIRECTION('Vector Direction',(0.,-1.,0.)) ;
#1940=DIRECTION('Axis2P3D Direction',(0.,-1.,0.)) ;
#1945=DIRECTION('Axis2P3D Direction',(0.,-1.,0.)) ;
#1957=DIRECTION('Axis2P3D Direction',(0.,0.,-1.)) ;
#1958=DIRECTION('Axis2P3D XDirection',(-1.,0.,0.)) ;
#1962=DIRECTION('Vector Direction',(0.,0.,-1.)) ;
#1979=DIRECTION('Axis2P3D Direction',(0.,0.,-1.)) ;
#1986=DIRECTION('Axis2P3D Direction',(0.,0.,-1.)) ;
#1999=DIRECTION('Axis2P3D Direction',(1.,-0.,0.)) ;
#2000=DIRECTION('Axis2P3D XDirection',(0.,0.707106781187,-0.707106781187)) ;
#2004=DIRECTION('Axis2P3D Direction',(0.,0.707106781187,0.707106781187)) ;
#2011=DIRECTION('Axis2P3D Direction',(1.,-0.,0.)) ;
#2023=DIRECTION('Axis2P3D Direction',(1.,-0.,0.)) ;
#2024=DIRECTION('Axis2P3D XDirection',(0.,-0.707106781187,0.707106781187)) ;
#2028=DIRECTION('Axis2P3D Direction',(1.,-0.,0.)) ;
#2035=DIRECTION('Axis2P3D Direction',(0.,5.55111512313E-016,1.)) ;
#2047=DIRECTION('Axis2P3D Direction',(0.,0.,-1.)) ;
#2048=DIRECTION('Axis2P3D XDirection',(-1.,0.,0.)) ;
#2052=DIRECTION('Vector Direction',(0.,0.,-1.)) ;
#2064=DIRECTION('Axis2P3D Direction',(0.,0.,-1.)) ;
#2065=DIRECTION('Axis2P3D XDirection',(1.83690953073E-016,-1.,-0.)) ;
#2069=DIRECTION('Axis2P3D Direction',(0.,0.,-1.)) ;
#2081=DIRECTION('Axis2P3D Direction',(1.,-0.,0.)) ;
#2082=DIRECTION('Axis2P3D XDirection',(0.,1.,0.)) ;
#2086=DIRECTION('Axis2P3D Direction',(1.,-0.,0.)) ;
#2093=DIRECTION('Axis2P3D Direction',(0.,0.986013297184,-0.166666666665)) ;
#2100=DIRECTION('Axis2P3D Direction',(0.,0.986013297184,-0.166666666665)) ;
#2113=DIRECTION('Axis2P3D Direction',(0.,1.,0.)) ;
#2114=DIRECTION('Axis2P3D XDirection',(0.,0.,1.)) ;
#2118=DIRECTION('Vector Direction',(1.,0.,0.)) ;
#2125=DIRECTION('Vector Direction',(0.,0.,1.)) ;
#2132=DIRECTION('Vector Direction',(1.,0.,0.)) ;
#2144=DIRECTION('Axis2P3D Direction',(1.,0.,0.)) ;
#2145=DIRECTION('Axis2P3D XDirection',(0.,1.,0.)) ;
#2149=DIRECTION('Axis2P3D Direction',(1.,0.,0.)) ;
#2156=DIRECTION('Vector Direction',(1.,0.,0.)) ;
#2168=DIRECTION('Axis2P3D Direction',(-0.,0.,1.)) ;
#2169=DIRECTION('Axis2P3D XDirection',(0.,-1.,0.)) ;
#2173=DIRECTION('Vector Direction',(1.,0.,0.)) ;
#2180=DIRECTION('Vector Direction',(0.,-1.,0.)) ;
#2192=DIRECTION('Axis2P3D Direction',(1.,0.,-0.)) ;
#2193=DIRECTION('Axis2P3D XDirection',(0.,0.,1.)) ;
#2197=DIRECTION('Axis2P3D Direction',(1.,0.,-0.)) ;
#2204=DIRECTION('Vector Direction',(1.,0.,0.)) ;
#2216=DIRECTION('Axis2P3D Direction',(0.,-1.,0.)) ;
#2217=DIRECTION('Axis2P3D XDirection',(0.,-0.,-1.)) ;
#2221=DIRECTION('Vector Direction',(1.,0.,0.)) ;
#2228=DIRECTION('Vector Direction',(0.,0.,-1.)) ;
#2240=DIRECTION('Axis2P3D Direction',(1.,0.,0.)) ;
#2241=DIRECTION('Axis2P3D XDirection',(0.,-1.,0.)) ;
#2245=DIRECTION('Axis2P3D Direction',(1.,0.,0.)) ;
#2252=DIRECTION('Vector Direction',(1.,0.,0.)) ;
#2264=DIRECTION('Axis2P3D Direction',(0.,0.,-1.)) ;
#2265=DIRECTION('Axis2P3D XDirection',(0.,1.,0.)) ;
#2269=DIRECTION('Vector Direction',(1.,0.,0.)) ;
#2276=DIRECTION('Vector Direction',(0.,1.,0.)) ;
#2288=DIRECTION('Axis2P3D Direction',(1.,0.,0.)) ;
#2289=DIRECTION('Axis2P3D XDirection',(0.,0.,-1.)) ;
#2293=DIRECTION('Axis2P3D Direction',(1.,0.,0.)) ;
#2305=DIRECTION('Axis2P3D Direction',(0.,-1.,0.)) ;
#2306=DIRECTION('Axis2P3D XDirection',(-1.,-0.,0.)) ;
#2310=DIRECTION('Vector Direction',(-1.,0.,0.)) ;
#2322=DIRECTION('Axis2P3D Direction',(-0.707106781187,0.,0.707106781187)) ;
#2323=DIRECTION('Axis2P3D XDirection',(0.707106781187,0.,0.707106781187)) ;
#2341=DIRECTION('Axis2P3D Direction',(0.,0.,1.)) ;
#2342=DIRECTION('Axis2P3D XDirection',(1.,0.,0.)) ;
#2346=DIRECTION('Vector Direction',(-1.,0.,0.)) ;
#2351=DIRECTION('Vector Direction',(1.,0.,0.)) ;
#2362=DIRECTION('Axis2P3D Direction',(0.,0.,1.)) ;
#2371=DIRECTION('Vector Direction',(0.,1.,0.)) ;
#2378=DIRECTION('Axis2P3D Direction',(0.,0.,1.)) ;
#2385=DIRECTION('Vector Direction',(1.,0.,0.)) ;
#2392=DIRECTION('Axis2P3D Direction',(0.,0.,1.)) ;
#2399=DIRECTION('Vector Direction',(0.,-1.,0.)) ;
#2406=DIRECTION('Axis2P3D Direction',(0.,0.,1.)) ;
#2413=DIRECTION('Vector Direction',(-1.,0.,0.)) ;
#2429=DIRECTION('Axis2P3D Direction',(0.,0.,1.)) ;
#2430=DIRECTION('Axis2P3D XDirection',(0.965925826289,-0.258819045103,0.)) ;
#2434=DIRECTION('Axis2P3D Direction',(-0.258819045103,-0.965925826289,0.)) ;
#2445=DIRECTION('Axis2P3D Direction',(-0.,1.,0.)) ;
#2446=DIRECTION('Axis2P3D XDirection',(1.,0.,0.)) ;
#2450=DIRECTION('Vector Direction',(1.,0.,0.)) ;
#2455=DIRECTION('Vector Direction',(-1.,0.,0.)) ;
#2467=DIRECTION('Axis2P3D Direction',(1.,0.,0.)) ;
#2468=DIRECTION('Axis2P3D XDirection',(0.,-0.940898302288,0.338689215582)) ;
#2472=DIRECTION('Axis2P3D Direction',(0.,-0.940898302288,0.338689215582)) ;
#2479=DIRECTION('Axis2P3D Direction',(1.,0.,0.)) ;
#2490=DIRECTION('Axis2P3D Direction',(0.,0.,1.)) ;
#2491=DIRECTION('Axis2P3D XDirection',(-0.258819045103,-0.965925826289,0.)) ;
#2495=DIRECTION('Axis2P3D Direction',(-1.,1.11022302463E-016,0.)) ;
#2506=DIRECTION('Axis2P3D Direction',(1.,0.,0.)) ;
#2507=DIRECTION('Axis2P3D XDirection',(0.,-0.338689215582,-0.940898302288)) ;
#2511=DIRECTION('Axis2P3D Direction',(1.,0.,0.)) ;
#2522=DIRECTION('Axis2P3D Direction',(1.,-0.,0.)) ;
#2523=DIRECTION('Axis2P3D XDirection',(0.,1.,-1.83690953073E-016)) ;
#2527=DIRECTION('Vector Direction',(1.,0.,0.)) ;
#2539=DIRECTION('Axis2P3D Direction',(-1.,-0.,0.)) ;
#2540=DIRECTION('Axis2P3D XDirection',(0.,-1.,-1.83690953073E-016)) ;
#2544=DIRECTION('Vector Direction',(-1.,0.,0.)) ;
#2557=DIRECTION('Axis2P3D Direction',(0.,-1.,0.)) ;
#2558=DIRECTION('Axis2P3D XDirection',(-1.,-0.,0.)) ;
#2562=DIRECTION('Vector Direction',(-1.,0.,0.)) ;
#2574=DIRECTION('Axis2P3D Direction',(5.02415490161E-016,-1.,3.05732532479E-015)) ;
#2575=DIRECTION('Axis2P3D XDirection',(-0.712068994916,1.7763568394E-015,0.702109497499)) ;
#2579=DIRECTION('Axis2P3D Direction',(-0.712068994916,2.49439401578E-015,0.702109497499)) ;
#2590=DIRECTION('Axis2P3D Direction',(0.,-0.707106781187,-0.707106781187)) ;
#2591=DIRECTION('Axis2P3D XDirection',(0.,-0.707106781187,0.707106781187)) ;
#2595=DIRECTION('Axis2P3D Direction',(1.,0.,0.)) ;
#2606=DIRECTION('Axis2P3D Direction',(0.,-0.,1.)) ;
#2607=DIRECTION('Axis2P3D XDirection',(-0.965925826289,0.258819045103,0.)) ;
#2611=DIRECTION('Axis2P3D Direction',(0.258819045103,0.965925826289,-0.)) ;
#2622=DIRECTION('Axis2P3D Direction',(0.,-0.,1.)) ;
#2623=DIRECTION('Axis2P3D XDirection',(0.258819045103,0.965925826289,0.)) ;
#2627=DIRECTION('Axis2P3D Direction',(1.,-1.11022302463E-016,0.)) ;
#2638=DIRECTION('Axis2P3D Direction',(5.02415490161E-016,-1.,3.05732532479E-015)) ;
#2639=DIRECTION('Axis2P3D XDirection',(-0.702109497499,-1.7763568394E-015,-0.712068994916)) ;
#2643=DIRECTION('Axis2P3D Direction',(-1.,-5.91645678916E-031,-1.66533453694E-016)) ;
#2654=DIRECTION('Axis2P3D Direction',(-1.,0.,0.)) ;
#2655=DIRECTION('Axis2P3D XDirection',(0.,-1.,0.)) ;
#2670=DIRECTION('Axis2P3D Direction',(-1.,0.,0.)) ;
#2671=DIRECTION('Axis2P3D XDirection',(0.,-1.83690953073E-016,1.)) ;
#2682=DIRECTION('Axis2P3D Direction',(1.,0.,-0.)) ;
#2683=DIRECTION('Axis2P3D XDirection',(0.,0.,1.)) ;
#2694=DIRECTION('Axis2P3D Direction',(0.,0.,1.)) ;
#2695=DIRECTION('Axis2P3D XDirection',(-1.,1.83690953073E-016,0.)) ;
#2699=DIRECTION('Axis2P3D Direction',(0.,0.,1.)) ;
#2708=DIRECTION('Vector Direction',(0.,0.,1.)) ;
#2713=DIRECTION('Vector Direction',(0.,0.,1.)) ;
#2725=DIRECTION('Axis2P3D Direction',(1.,0.,0.)) ;
#2726=DIRECTION('Axis2P3D XDirection',(0.,1.,0.)) ;
#2730=DIRECTION('Vector Direction',(0.,1.,0.)) ;
#2737=DIRECTION('Vector Direction',(0.,0.,1.)) ;
#2766=DIRECTION('Vector Direction',(0.,0.,-1.)) ;
#2789=DIRECTION('Vector Direction',(0.,1.,0.)) ;
#2812=DIRECTION('Vector Direction',(0.,0.,1.)) ;
#2835=DIRECTION('Vector Direction',(0.,-1.,0.)) ;
#2850=DIRECTION('Vector Direction',(0.,0.,1.)) ;
#2875=DIRECTION('Vector Direction',(0.,-1.,0.)) ;
#2898=DIRECTION('Vector Direction',(0.,0.,-1.)) ;
#2921=DIRECTION('Vector Direction',(0.,1.,0.)) ;
#2953=DIRECTION('Axis2P3D Direction',(0.,-0.,1.)) ;
#2954=DIRECTION('Axis2P3D XDirection',(1.83690953073E-016,1.,0.)) ;
#2958=DIRECTION('Axis2P3D Direction',(0.,-0.,1.)) ;
#2965=DIRECTION('Vector Direction',(0.,0.,1.)) ;
#2977=DIRECTION('Axis2P3D Direction',(0.,-1.,0.)) ;
#2978=DIRECTION('Axis2P3D XDirection',(1.,0.,0.)) ;
#2982=DIRECTION('Vector Direction',(1.,0.,0.)) ;
#2989=DIRECTION('Vector Direction',(0.,0.,1.)) ;
#3001=DIRECTION('Axis2P3D Direction',(-0.,0.,1.)) ;
#3002=DIRECTION('Axis2P3D XDirection',(1.,-1.83690953073E-016,0.)) ;
#3006=DIRECTION('Axis2P3D Direction',(-0.,0.,1.)) ;
#3013=DIRECTION('Vector Direction',(0.,0.,1.)) ;
#3025=DIRECTION('Axis2P3D Direction',(-1.,0.,0.)) ;
#3026=DIRECTION('Axis2P3D XDirection',(0.,-1.,0.)) ;
#3030=DIRECTION('Vector Direction',(0.,0.,1.)) ;
#3037=DIRECTION('Vector Direction',(0.,-1.,0.)) ;
#3048=DIRECTION('Vector Direction',(0.,0.,1.)) ;
#3057=DIRECTION('Axis2P3D Direction',(-1.,0.,0.)) ;
#3064=DIRECTION('Vector Direction',(0.,-1.,0.)) ;
#3071=DIRECTION('Axis2P3D Direction',(-1.,0.,0.)) ;
#3078=DIRECTION('Vector Direction',(0.,0.,-1.)) ;
#3085=DIRECTION('Axis2P3D Direction',(-1.,0.,0.)) ;
#3092=DIRECTION('Vector Direction',(0.,1.,0.)) ;
#3099=DIRECTION('Axis2P3D Direction',(-1.,0.,0.)) ;
#3114=DIRECTION('Vector Direction',(0.,0.,1.)) ;
#3123=DIRECTION('Axis2P3D Direction',(-1.,0.,0.)) ;
#3130=DIRECTION('Vector Direction',(0.,-1.,0.)) ;
#3137=DIRECTION('Axis2P3D Direction',(-1.,0.,0.)) ;
#3144=DIRECTION('Vector Direction',(0.,0.,-1.)) ;
#3151=DIRECTION('Axis2P3D Direction',(-1.,0.,0.)) ;
#3158=DIRECTION('Vector Direction',(0.,1.,0.)) ;
#3165=DIRECTION('Axis2P3D Direction',(-1.,0.,0.)) ;
#3180=DIRECTION('Vector Direction',(0.,0.,-1.)) ;
#3189=DIRECTION('Axis2P3D Direction',(-1.,0.,0.)) ;
#3196=DIRECTION('Vector Direction',(0.,-1.,0.)) ;
#3203=DIRECTION('Axis2P3D Direction',(-1.,0.,0.)) ;
#3210=DIRECTION('Vector Direction',(0.,0.,1.)) ;
#3217=DIRECTION('Axis2P3D Direction',(-1.,0.,0.)) ;
#3224=DIRECTION('Vector Direction',(0.,1.,0.)) ;
#3231=DIRECTION('Axis2P3D Direction',(-1.,0.,0.)) ;
#3247=DIRECTION('Axis2P3D Direction',(0.,0.,1.)) ;
#3248=DIRECTION('Axis2P3D XDirection',(-1.83690953073E-016,-1.,0.)) ;
#3252=DIRECTION('Axis2P3D Direction',(0.,0.,1.)) ;
#3259=DIRECTION('Vector Direction',(0.,0.,1.)) ;
#3271=DIRECTION('Axis2P3D Direction',(0.,1.,-0.)) ;
#3272=DIRECTION('Axis2P3D XDirection',(-1.,0.,0.)) ;
#3276=DIRECTION('Vector Direction',(-1.,0.,0.)) ;
#3288=DIRECTION('Axis2P3D Direction',(-1.,-0.,0.)) ;
#3289=DIRECTION('Axis2P3D XDirection',(0.,-0.166666666667,-0.986013297183)) ;
#3301=DIRECTION('Axis2P3D Direction',(0.,0.,1.)) ;
#3302=DIRECTION('Axis2P3D XDirection',(1.,0.,0.)) ;
#3334=DIRECTION('Vector Direction',(1.,0.,0.)) ;
#3341=DIRECTION('Axis2P3D Direction',(0.,0.,1.)) ;
#3348=DIRECTION('Vector Direction',(0.,-1.,0.)) ;
#3355=DIRECTION('Axis2P3D Direction',(0.,0.,1.)) ;
#3362=DIRECTION('Vector Direction',(-1.,0.,0.)) ;
#3369=DIRECTION('Axis2P3D Direction',(0.,0.,1.)) ;
#3376=DIRECTION('Vector Direction',(0.,1.,0.)) ;
#3392=DIRECTION('Axis2P3D Direction',(-1.,0.,0.)) ;
#3393=DIRECTION('Axis2P3D XDirection',(0.,-1.,0.)) ;
#3397=DIRECTION('Vector Direction',(-1.,0.,0.)) ;
#3404=DIRECTION('Vector Direction',(-1.,0.,0.)) ;
#3411=DIRECTION('Axis2P3D Direction',(-1.,0.,0.)) ;
#3423=DIRECTION('Axis2P3D Direction',(0.,-1.,0.)) ;
#3424=DIRECTION('Axis2P3D XDirection',(0.,0.,1.)) ;
#3428=DIRECTION('Vector Direction',(1.,0.,0.)) ;
#3435=DIRECTION('Vector Direction',(0.,0.,-1.)) ;
#3447=DIRECTION('Axis2P3D Direction',(-1.,0.,-0.)) ;
#3448=DIRECTION('Axis2P3D XDirection',(0.,1.83690953073E-016,-1.)) ;
#3452=DIRECTION('Vector Direction',(-1.,0.,0.)) ;
#3459=DIRECTION('Axis2P3D Direction',(-1.,0.,-0.)) ;
#3471=DIRECTION('Axis2P3D Direction',(-0.,-0.,-1.)) ;
#3472=DIRECTION('Axis2P3D XDirection',(0.,-1.,0.)) ;
#3476=DIRECTION('Vector Direction',(1.,0.,0.)) ;
#3483=DIRECTION('Vector Direction',(0.,1.,0.)) ;
#3495=DIRECTION('Axis2P3D Direction',(-1.,0.,0.)) ;
#3496=DIRECTION('Axis2P3D XDirection',(0.,1.,1.22460635382E-016)) ;
#3500=DIRECTION('Vector Direction',(-1.,0.,0.)) ;
#3507=DIRECTION('Axis2P3D Direction',(-1.,0.,0.)) ;
#3519=DIRECTION('Axis2P3D Direction',(0.,1.,0.)) ;
#3520=DIRECTION('Axis2P3D XDirection',(0.,0.,-1.)) ;
#3524=DIRECTION('Vector Direction',(1.,0.,0.)) ;
#3531=DIRECTION('Vector Direction',(0.,0.,1.)) ;
#3543=DIRECTION('Axis2P3D Direction',(-1.,0.,0.)) ;
#3544=DIRECTION('Axis2P3D XDirection',(0.,0.,1.)) ;
#3548=DIRECTION('Vector Direction',(-1.,0.,0.)) ;
#3555=DIRECTION('Axis2P3D Direction',(-1.,0.,0.)) ;
#3567=DIRECTION('Axis2P3D Direction',(0.,-0.,1.)) ;
#3568=DIRECTION('Axis2P3D XDirection',(0.,1.,0.)) ;
#3572=DIRECTION('Vector Direction',(0.,-1.,0.)) ;
#3584=DIRECTION('Axis2P3D Direction',(0.,1.,0.)) ;
#3585=DIRECTION('Axis2P3D XDirection',(0.,0.,-1.)) ;
#3589=DIRECTION('Vector Direction',(-1.,0.,0.)) ;
#3596=DIRECTION('Vector Direction',(1.,0.,0.)) ;
#3603=DIRECTION('Vector Direction',(0.,0.,1.)) ;
#3615=DIRECTION('Axis2P3D Direction',(-1.,0.,-0.)) ;
#3616=DIRECTION('Axis2P3D XDirection',(0.,1.83690953073E-016,-1.)) ;
#3620=DIRECTION('Vector Direction',(-1.,0.,0.)) ;
#3627=DIRECTION('Axis2P3D Direction',(-1.,0.,-0.)) ;
#3639=DIRECTION('Vector Direction',(1.,0.,0.)) ;
#3646=DIRECTION('Vector Direction',(0.,-1.,0.)) ;
#3658=DIRECTION('Axis2P3D Direction',(-1.,0.,0.)) ;
#3659=DIRECTION('Axis2P3D XDirection',(0.,1.,1.22460635382E-016)) ;
#3663=DIRECTION('Vector Direction',(-1.,0.,0.)) ;
#3670=DIRECTION('Axis2P3D Direction',(-1.,0.,0.)) ;
#3682=DIRECTION('Axis2P3D Direction',(0.,-1.,0.)) ;
#3683=DIRECTION('Axis2P3D XDirection',(0.,0.,1.)) ;
#3687=DIRECTION('Vector Direction',(1.,0.,0.)) ;
#3694=DIRECTION('Vector Direction',(0.,0.,-1.)) ;
#3706=DIRECTION('Axis2P3D Direction',(-1.,0.,0.)) ;
#3707=DIRECTION('Axis2P3D XDirection',(0.,0.,1.)) ;
#3711=DIRECTION('Vector Direction',(-1.,0.,0.)) ;
#3718=DIRECTION('Axis2P3D Direction',(-1.,0.,0.)) ;
#3730=DIRECTION('Vector Direction',(-1.,0.,0.)) ;
#3737=DIRECTION('Vector Direction',(0.,1.,0.)) ;
#3749=DIRECTION('Axis2P3D Direction',(-1.,0.,0.)) ;
#3750=DIRECTION('Axis2P3D XDirection',(0.,-1.,0.)) ;
#3754=DIRECTION('Axis2P3D Direction',(-1.,0.,0.)) ;
#3766=DIRECTION('Vector Direction',(0.,0.,1.)) ;
#3775=DIRECTION('Vector Direction',(-1.,0.,0.)) ;
#3780=DIRECTION('Vector Direction',(-1.,0.,0.)) ;
#3792=DIRECTION('Axis2P3D Direction',(-1.,0.,0.)) ;
#3793=DIRECTION('Axis2P3D XDirection',(0.,1.,0.)) ;
#3797=DIRECTION('Axis2P3D Direction',(-1.,0.,0.)) ;
#3804=DIRECTION('Vector Direction',(-1.,0.,0.)) ;
#3816=DIRECTION('Vector Direction',(-1.,0.,0.)) ;
#3823=DIRECTION('Vector Direction',(0.,-1.,0.)) ;
#3835=DIRECTION('Axis2P3D Direction',(-1.,0.,0.)) ;
#3836=DIRECTION('Axis2P3D XDirection',(0.,0.,-1.)) ;
#3840=DIRECTION('Axis2P3D Direction',(-1.,0.,0.)) ;
#3847=DIRECTION('Vector Direction',(-1.,0.,0.)) ;
#3859=DIRECTION('Vector Direction',(0.,0.,-1.)) ;
#3866=DIRECTION('Vector Direction',(-1.,0.,0.)) ;
#3878=DIRECTION('Axis2P3D Direction',(-1.,0.,0.)) ;
#3885=DIRECTION('Vector Direction',(-1.,0.,0.)) ;
#3897=DIRECTION('Vector Direction',(-1.,0.,0.)) ;
#3904=DIRECTION('Vector Direction',(0.,1.,0.)) ;
#3916=DIRECTION('Axis2P3D Direction',(-1.,0.,0.)) ;
#3928=DIRECTION('Vector Direction',(-1.,0.,0.)) ;
#3935=DIRECTION('Vector Direction',(0.,0.,1.)) ;
#3942=DIRECTION('Vector Direction',(-1.,0.,0.)) ;
#3954=DIRECTION('Axis2P3D Direction',(-1.,0.,0.)) ;
#3961=DIRECTION('Vector Direction',(-1.,0.,0.)) ;
#3973=DIRECTION('Vector Direction',(-1.,0.,0.)) ;
#3980=DIRECTION('Vector Direction',(0.,1.,0.)) ;
#3992=DIRECTION('Axis2P3D Direction',(-1.,0.,0.)) ;
#3999=DIRECTION('Vector Direction',(-1.,0.,0.)) ;
#4011=DIRECTION('Vector Direction',(0.,0.,-1.)) ;
#4018=DIRECTION('Vector Direction',(-1.,0.,0.)) ;
#4030=DIRECTION('Axis2P3D Direction',(-1.,0.,0.)) ;
#4031=DIRECTION('Axis2P3D XDirection',(0.,1.,0.)) ;
#4035=DIRECTION('Axis2P3D Direction',(-1.,0.,0.)) ;
#4042=DIRECTION('Vector Direction',(-1.,0.,0.)) ;
#4054=DIRECTION('Vector Direction',(-1.,0.,0.)) ;
#4061=DIRECTION('Vector Direction',(0.,-1.,0.)) ;
#4073=DIRECTION('Axis2P3D Direction',(-1.,0.,0.)) ;
#4074=DIRECTION('Axis2P3D XDirection',(0.,0.,-1.)) ;
#4078=DIRECTION('Axis2P3D Direction',(-1.,0.,0.)) ;
#4090=DIRECTION('Vector Direction',(0.,0.,1.)) ;
#4099=DIRECTION('Vector Direction',(-1.,0.,0.)) ;
#4104=DIRECTION('Vector Direction',(-1.,0.,0.)) ;
#4116=DIRECTION('Axis2P3D Direction',(-1.,0.,0.)) ;
#4117=DIRECTION('Axis2P3D XDirection',(0.,1.,0.)) ;
#4121=DIRECTION('Axis2P3D Direction',(-1.,0.,0.)) ;
#4128=DIRECTION('Vector Direction',(-1.,0.,0.)) ;
#4140=DIRECTION('Axis2P3D Direction',(-0.,-0.,-1.)) ;
#4141=DIRECTION('Axis2P3D XDirection',(0.,-1.,0.)) ;
#4145=DIRECTION('Vector Direction',(0.,-1.,0.)) ;
#4152=DIRECTION('Vector Direction',(-1.,0.,0.)) ;
#4164=DIRECTION('Axis2P3D Direction',(-1.,0.,0.)) ;
#4165=DIRECTION('Axis2P3D XDirection',(0.,0.,-1.)) ;
#4169=DIRECTION('Axis2P3D Direction',(-1.,0.,0.)) ;
#4176=DIRECTION('Vector Direction',(-1.,0.,0.)) ;
#4188=DIRECTION('Vector Direction',(0.,0.,1.)) ;
#4195=DIRECTION('Vector Direction',(-1.,0.,0.)) ;
#4207=DIRECTION('Axis2P3D Direction',(-1.,0.,0.)) ;
#4208=DIRECTION('Axis2P3D XDirection',(0.,-1.,0.)) ;
#4212=DIRECTION('Axis2P3D Direction',(-1.,0.,0.)) ;
#4219=DIRECTION('Vector Direction',(-1.,0.,0.)) ;
#4231=DIRECTION('Axis2P3D Direction',(0.,-0.,1.)) ;
#4232=DIRECTION('Axis2P3D XDirection',(0.,1.,0.)) ;
#4236=DIRECTION('Vector Direction',(-1.,0.,0.)) ;
#4243=DIRECTION('Vector Direction',(0.,1.,0.)) ;
#4255=DIRECTION('Axis2P3D Direction',(-1.,0.,0.)) ;
#4256=DIRECTION('Axis2P3D XDirection',(0.,0.,1.)) ;
#4260=DIRECTION('Axis2P3D Direction',(-1.,0.,0.)) ;
#4272=DIRECTION('Axis2P3D Direction',(0.,0.,-1.)) ;
#4273=DIRECTION('Axis2P3D XDirection',(-1.,0.,0.)) ;
#4277=DIRECTION('Vector Direction',(0.,0.,-1.)) ;
#4284=DIRECTION('Axis2P3D Direction',(0.,0.,-1.)) ;
#4291=DIRECTION('Vector Direction',(0.,0.,-1.)) ;
#4303=DIRECTION('Axis2P3D Direction',(-0.,1.,0.)) ;
#4304=DIRECTION('Axis2P3D XDirection',(1.,0.,0.)) ;
#4308=DIRECTION('Vector Direction',(1.,0.,0.)) ;
#4315=DIRECTION('Vector Direction',(0.,0.,-1.)) ;
#4327=DIRECTION('Axis2P3D Direction',(0.,0.,-1.)) ;
#4328=DIRECTION('Axis2P3D XDirection',(0.,1.,0.)) ;
#4332=DIRECTION('Axis2P3D Direction',(0.,0.,-1.)) ;
#4339=DIRECTION('Vector Direction',(0.,0.,-1.)) ;
#4351=DIRECTION('Axis2P3D Direction',(1.,0.,0.)) ;
#4352=DIRECTION('Axis2P3D XDirection',(0.,-1.,0.)) ;
#4356=DIRECTION('Vector Direction',(0.,-1.,0.)) ;
#4363=DIRECTION('Vector Direction',(0.,0.,-1.)) ;
#4405=DIRECTION('Axis2P3D Direction',(0.,0.,-1.)) ;
#4406=DIRECTION('Axis2P3D XDirection',(1.,0.,0.)) ;
#4410=DIRECTION('Axis2P3D Direction',(0.,0.,-1.)) ;
#4417=DIRECTION('Vector Direction',(0.,0.,-1.)) ;
#4429=DIRECTION('Axis2P3D Direction',(-0.,-1.,-0.)) ;
#4430=DIRECTION('Axis2P3D XDirection',(-1.,0.,0.)) ;
#4434=DIRECTION('Vector Direction',(0.,0.,-1.)) ;
#4441=DIRECTION('Vector Direction',(-1.,0.,0.)) ;
#4453=DIRECTION('Axis2P3D Direction',(0.,0.,-1.)) ;
#4454=DIRECTION('Axis2P3D XDirection',(0.,-1.,0.)) ;
#4458=DIRECTION('Axis2P3D Direction',(0.,0.,-1.)) ;
#4465=DIRECTION('Vector Direction',(0.,0.,-1.)) ;
#4477=DIRECTION('Axis2P3D Direction',(-1.,0.,0.)) ;
#4478=DIRECTION('Axis2P3D XDirection',(0.,1.,0.)) ;
#4482=DIRECTION('Vector Direction',(0.,1.,0.)) ;
#4494=DIRECTION('Axis2P3D Direction',(-1.,-0.,0.)) ;
#4495=DIRECTION('Axis2P3D XDirection',(0.,-1.,-0.)) ;
#4521=DIRECTION('Axis2P3D Direction',(0.,0.,1.)) ;
#4522=DIRECTION('Axis2P3D XDirection',(1.,0.,0.)) ;
#4548=DIRECTION('NONE',(1.,0.,0.)) ;
#4549=DIRECTION('NONE',(0.,0.,1.)) ;
#4550=DIRECTION('NONE',(1.,0.,0.)) ;
#4551=DIRECTION('NONE',(0.,0.,1.)) ;
#4564=DIRECTION('Axis2P3D Direction',(-1.22460635382E-016,1.,0.)) ;
#4565=DIRECTION('Axis2P3D XDirection',(-1.,-1.22460635382E-016,1.22460635382E-016)) ;
#4569=DIRECTION('Axis2P3D Direction',(-1.22460635382E-016,1.,0.)) ;
#4578=DIRECTION('Vector Direction',(-1.22460619423E-016,1.,0.)) ;
#4585=DIRECTION('Axis2P3D Direction',(-1.22460635382E-016,1.,0.)) ;
#4592=DIRECTION('Vector Direction',(-1.22460619423E-016,1.,0.)) ;
#4604=DIRECTION('Axis2P3D Direction',(0.,0.,1.)) ;
#4605=DIRECTION('Axis2P3D XDirection',(-1.,0.,0.)) ;
#4609=DIRECTION('Axis2P3D Direction',(-1.22464679915E-016,-1.,0.)) ;
#4618=DIRECTION('Axis2P3D Direction',(0.,0.,1.)) ;
#4623=DIRECTION('Axis2P3D Direction',(0.,0.,1.)) ;
#4635=DIRECTION('Axis2P3D Direction',(-1.22460635382E-016,1.,0.)) ;
#4636=DIRECTION('Axis2P3D XDirection',(1.,1.22460635382E-016,4.4408920985E-016)) ;
#4640=DIRECTION('Axis2P3D Direction',(-1.22460635382E-016,1.,0.)) ;
#4645=DIRECTION('Axis2P3D Direction',(-1.22460635382E-016,1.,0.)) ;
#4657=DIRECTION('Axis2P3D Direction',(-1.22460635382E-016,1.,0.)) ;
#4658=DIRECTION('Axis2P3D XDirection',(-1.,-1.22460635382E-016,0.)) ;
#4667=DIRECTION('Axis2P3D Direction',(0.,1.,0.)) ;
#4668=DIRECTION('Axis2P3D XDirection',(-1.,0.,-2.44921270764E-016)) ;
#4672=DIRECTION('Axis2P3D Direction',(0.,1.,0.)) ;
#4681=DIRECTION('Vector Direction',(0.,1.,0.)) ;
#4686=DIRECTION('Vector Direction',(0.,1.,0.)) ;
#4698=DIRECTION('Axis2P3D Direction',(0.,0.,1.)) ;
#4699=DIRECTION('Axis2P3D XDirection',(-1.,0.,0.)) ;
#4703=DIRECTION('Axis2P3D Direction',(-1.22464679915E-016,-1.,0.)) ;
#4715=DIRECTION('Axis2P3D Direction',(1.22460635382E-016,-1.,0.)) ;
#4716=DIRECTION('Axis2P3D XDirection',(1.,1.22460635382E-016,0.)) ;
#4748=DIRECTION('Axis2P3D Direction',(0.,1.,0.)) ;
#4749=DIRECTION('Axis2P3D XDirection',(1.,0.,-3.21628574468E-016)) ;
#4771=DIRECTION('NONE',(1.,0.,0.)) ;
#4772=DIRECTION('NONE',(0.,0.,1.)) ;
#4773=DIRECTION('NONE',(1.22460635382E-016,1.,-1.22460635382E-016)) ;
#4774=DIRECTION('NONE',(1.,-1.22460635382E-016,2.99932144364E-032)) ;
#4786=DIRECTION('NONE',(1.,0.,0.)) ;
#4787=DIRECTION('NONE',(0.,0.,1.)) ;
#4788=DIRECTION('NONE',(1.,0.,0.)) ;
#4789=DIRECTION('NONE',(0.,0.,1.)) ;
#66=AXIS2_PLACEMENT_3D('Cylinder Axis2P3D',#63,#64,#65) ;
#79=AXIS2_PLACEMENT_3D('Circle Axis2P3D',#77,#78,$) ;
#93=AXIS2_PLACEMENT_3D('Circle Axis2P3D',#91,#92,$) ;
#106=AXIS2_PLACEMENT_3D('Cylinder Axis2P3D',#103,#104,#105) ;
#110=AXIS2_PLACEMENT_3D('Circle Axis2P3D',#108,#109,$) ;
#115=AXIS2_PLACEMENT_3D('Circle Axis2P3D',#113,#114,$) ;
#128=AXIS2_PLACEMENT_3D('Plane Axis2P3D',#125,#126,#127) ;
#132=AXIS2_PLACEMENT_3D('Circle Axis2P3D',#130,#131,$) ;
#141=AXIS2_PLACEMENT_3D('Circle Axis2P3D',#139,#140,$) ;
#156=AXIS2_PLACEMENT_3D('Plane Axis2P3D',#153,#154,#155) ;
#166=AXIS2_PLACEMENT_3D('Cylinder Axis2P3D',#163,#164,#165) ;
#188=AXIS2_PLACEMENT_3D('Circle Axis2P3D',#186,#187,$) ;
#218=AXIS2_PLACEMENT_3D('Circle Axis2P3D',#216,#217,$) ;
#232=AXIS2_PLACEMENT_3D('Circle Axis2P3D',#230,#231,$) ;
#246=AXIS2_PLACEMENT_3D('Circle Axis2P3D',#244,#245,$) ;
#260=AXIS2_PLACEMENT_3D('Circle Axis2P3D',#258,#259,$) ;
#279=AXIS2_PLACEMENT_3D('Circle Axis2P3D',#277,#278,$) ;
#293=AXIS2_PLACEMENT_3D('Circle Axis2P3D',#291,#292,$) ;
#307=AXIS2_PLACEMENT_3D('Circle Axis2P3D',#305,#306,$) ;
#321=AXIS2_PLACEMENT_3D('Circle Axis2P3D',#319,#320,$) ;
#359=AXIS2_PLACEMENT_3D('Circle Axis2P3D',#357,#358,$) ;
#375=AXIS2_PLACEMENT_3D('Circle Axis2P3D',#373,#374,$) ;
#395=AXIS2_PLACEMENT_3D('Cylinder Axis2P3D',#392,#393,#394) ;
#408=AXIS2_PLACEMENT_3D('Circle Axis2P3D',#406,#407,$) ;
#422=AXIS2_PLACEMENT_3D('Circle Axis2P3D',#420,#421,$) ;
#427=AXIS2_PLACEMENT_3D('Circle Axis2P3D',#425,#426,$) ;
#441=AXIS2_PLACEMENT_3D('Circle Axis2P3D',#439,#440,$) ;
#446=AXIS2_PLACEMENT_3D('Circle Axis2P3D',#444,#445,$) ;
#460=AXIS2_PLACEMENT_3D('Circle Axis2P3D',#458,#459,$) ;
#465=AXIS2_PLACEMENT_3D('Circle Axis2P3D',#463,#464,$) ;
#479=AXIS2_PLACEMENT_3D('Circle Axis2P3D',#477,#478,$) ;
#493=AXIS2_PLACEMENT_3D('Circle Axis2P3D',#491,#492,$) ;
#524=AXIS2_PLACEMENT_3D('Circle Axis2P3D',#522,#523,$) ;
#540=AXIS2_PLACEMENT_3D('Circle Axis2P3D',#538,#539,$) ;
#560=AXIS2_PLACEMENT_3D('Cylinder Axis2P3D',#557,#558,#559) ;
#578=AXIS2_PLACEMENT_3D('Circle Axis2P3D',#576,#577,$) ;
#591=AXIS2_PLACEMENT_3D('Plane Axis2P3D',#588,#589,#590) ;
#615=AXIS2_PLACEMENT_3D('Cylinder Axis2P3D',#612,#613,#614) ;
#626=AXIS2_PLACEMENT_3D('Circle Axis2P3D',#624,#625,$) ;
#639=AXIS2_PLACEMENT_3D('Plane Axis2P3D',#636,#637,#638) ;
#650=AXIS2_PLACEMENT_3D('Circle Axis2P3D',#648,#649,$) ;
#657=AXIS2_PLACEMENT_3D('Circle Axis2P3D',#655,#656,$) ;
#679=AXIS2_PLACEMENT_3D('Plane Axis2P3D',#676,#677,#678) ;
#703=AXIS2_PLACEMENT_3D('Plane Axis2P3D',#700,#701,#702) ;
#707=AXIS2_PLACEMENT_3D('Circle Axis2P3D',#705,#706,$) ;
#714=AXIS2_PLACEMENT_3D('Circle Axis2P3D',#712,#713,$) ;
#736=AXIS2_PLACEMENT_3D('Plane Axis2P3D',#733,#734,#735) ;
#747=AXIS2_PLACEMENT_3D('Circle Axis2P3D',#745,#746,$) ;
#754=AXIS2_PLACEMENT_3D('Circle Axis2P3D',#752,#753,$) ;
#795=AXIS2_PLACEMENT_3D('Plane Axis2P3D',#792,#793,#794) ;
#799=AXIS2_PLACEMENT_3D('Circle Axis2P3D',#797,#798,$) ;
#806=AXIS2_PLACEMENT_3D('Circle Axis2P3D',#804,#805,$) ;
#834=AXIS2_PLACEMENT_3D('Circle Axis2P3D',#832,#833,$) ;
#855=AXIS2_PLACEMENT_3D('Plane Axis2P3D',#852,#853,#854) ;
#878=AXIS2_PLACEMENT_3D('Circle Axis2P3D',#876,#877,$) ;
#905=AXIS2_PLACEMENT_3D('Circle Axis2P3D',#903,#904,$) ;
#944=AXIS2_PLACEMENT_3D('Circle Axis2P3D',#942,#943,$) ;
#965=AXIS2_PLACEMENT_3D('Plane Axis2P3D',#962,#963,#964) ;
#976=AXIS2_PLACEMENT_3D('Circle Axis2P3D',#974,#975,$) ;
#996=AXIS2_PLACEMENT_3D('Plane Axis2P3D',#993,#994,#995) ;
#1020=AXIS2_PLACEMENT_3D('Plane Axis2P3D',#1017,#1018,#1019) ;
#1024=AXIS2_PLACEMENT_3D('Circle Axis2P3D',#1022,#1023,$) ;
#1056=AXIS2_PLACEMENT_3D('Cylinder Axis2P3D',#1053,#1054,#1055) ;
#1074=AXIS2_PLACEMENT_3D('Circle Axis2P3D',#1072,#1073,$) ;
#1135=AXIS2_PLACEMENT_3D('Cylinder Axis2P3D',#1132,#1133,#1134) ;
#1153=AXIS2_PLACEMENT_3D('Circle Axis2P3D',#1151,#1152,$) ;
#1184=AXIS2_PLACEMENT_3D('Circle Axis2P3D',#1182,#1183,$) ;
#1204=AXIS2_PLACEMENT_3D('Plane Axis2P3D',#1201,#1202,#1203) ;
#1227=AXIS2_PLACEMENT_3D('Circle Axis2P3D',#1225,#1226,$) ;
#1259=AXIS2_PLACEMENT_3D('Plane Axis2P3D',#1256,#1257,#1258) ;
#1279=AXIS2_PLACEMENT_3D('Circle Axis2P3D',#1277,#1278,$) ;
#1298=AXIS2_PLACEMENT_3D('Circle Axis2P3D',#1296,#1297,$) ;
#1323=AXIS2_PLACEMENT_3D('Sphere Axis2P3D',#1320,#1321,#1322) ;
#1337=AXIS2_PLACEMENT_3D('Circle Axis2P3D',#1335,#1336,$) ;
#1349=AXIS2_PLACEMENT_3D('Cylinder Axis2P3D',#1346,#1347,#1348) ;
#1360=AXIS2_PLACEMENT_3D('Circle Axis2P3D',#1358,#1359,$) ;
#1373=AXIS2_PLACEMENT_3D('Plane Axis2P3D',#1370,#1371,#1372) ;
#1400=AXIS2_PLACEMENT_3D('Circle Axis2P3D',#1398,#1399,$) ;
#1407=AXIS2_PLACEMENT_3D('Circle Axis2P3D',#1405,#1406,$) ;
#1426=AXIS2_PLACEMENT_3D('Circle Axis2P3D',#1424,#1425,$) ;
#1452=AXIS2_PLACEMENT_3D('Circle Axis2P3D',#1450,#1451,$) ;
#1466=AXIS2_PLACEMENT_3D('Circle Axis2P3D',#1464,#1465,$) ;
#1480=AXIS2_PLACEMENT_3D('Circle Axis2P3D',#1478,#1479,$) ;
#1494=AXIS2_PLACEMENT_3D('Circle Axis2P3D',#1492,#1493,$) ;
#1511=AXIS2_PLACEMENT_3D('Sphere Axis2P3D',#1508,#1509,#1510) ;
#1530=AXIS2_PLACEMENT_3D('Cylinder Axis2P3D',#1527,#1528,#1529) ;
#1547=AXIS2_PLACEMENT_3D('Cylinder Axis2P3D',#1544,#1545,#1546) ;
#1578=AXIS2_PLACEMENT_3D('Cylinder Axis2P3D',#1575,#1576,#1577) ;
#1604=AXIS2_PLACEMENT_3D('Sphere Axis2P3D',#1601,#1602,#1603) ;
#1608=AXIS2_PLACEMENT_3D('Circle Axis2P3D',#1606,#1607,$) ;
#1630=AXIS2_PLACEMENT_3D('Sphere Axis2P3D',#1627,#1628,#1629) ;
#1644=AXIS2_PLACEMENT_3D('Circle Axis2P3D',#1642,#1643,$) ;
#1656=AXIS2_PLACEMENT_3D('Cylinder Axis2P3D',#1653,#1654,#1655) ;
#1680=AXIS2_PLACEMENT_3D('Cylinder Axis2P3D',#1677,#1678,#1679) ;
#1684=AXIS2_PLACEMENT_3D('Circle Axis2P3D',#1682,#1683,$) ;
#1698=AXIS2_PLACEMENT_3D('Circle Axis2P3D',#1696,#1697,$) ;
#1711=AXIS2_PLACEMENT_3D('Cylinder Axis2P3D',#1708,#1709,#1710) ;
#1724=AXIS2_PLACEMENT_3D('Circle Axis2P3D',#1722,#1723,$) ;
#1729=AXIS2_PLACEMENT_3D('Circle Axis2P3D',#1727,#1728,$) ;
#1736=AXIS2_PLACEMENT_3D('Circle Axis2P3D',#1734,#1735,$) ;
#1750=AXIS2_PLACEMENT_3D('Torus Axis2P3D',#1747,#1748,#1749) ;
#1754=AXIS2_PLACEMENT_3D('Circle Axis2P3D',#1752,#1753,$) ;
#1761=AXIS2_PLACEMENT_3D('Circle Axis2P3D',#1759,#1760,$) ;
#1768=AXIS2_PLACEMENT_3D('Circle Axis2P3D',#1766,#1767,$) ;
#1781=AXIS2_PLACEMENT_3D('Cylinder Axis2P3D',#1778,#1779,#1780) ;
#1798=AXIS2_PLACEMENT_3D('Cylinder Axis2P3D',#1795,#1796,#1797) ;
#1809=AXIS2_PLACEMENT_3D('Circle Axis2P3D',#1807,#1808,$) ;
#1822=AXIS2_PLACEMENT_3D('Torus Axis2P3D',#1819,#1820,#1821) ;
#1826=AXIS2_PLACEMENT_3D('Circle Axis2P3D',#1824,#1825,$) ;
#1849=AXIS2_PLACEMENT_3D('Cylinder Axis2P3D',#1846,#1847,#1848) ;
#1860=AXIS2_PLACEMENT_3D('Circle Axis2P3D',#1858,#1859,$) ;
#1873=AXIS2_PLACEMENT_3D('Plane Axis2P3D',#1870,#1871,#1872) ;
#1897=AXIS2_PLACEMENT_3D('Cylinder Axis2P3D',#1894,#1895,#1896) ;
#1901=AXIS2_PLACEMENT_3D('Circle Axis2P3D',#1899,#1900,$) ;
#1915=AXIS2_PLACEMENT_3D('Circle Axis2P3D',#1913,#1914,$) ;
#1928=AXIS2_PLACEMENT_3D('Cylinder Axis2P3D',#1925,#1926,#1927) ;
#1941=AXIS2_PLACEMENT_3D('Circle Axis2P3D',#1939,#1940,$) ;
#1946=AXIS2_PLACEMENT_3D('Circle Axis2P3D',#1944,#1945,$) ;
#1959=AXIS2_PLACEMENT_3D('Cylinder Axis2P3D',#1956,#1957,#1958) ;
#1980=AXIS2_PLACEMENT_3D('Circle Axis2P3D',#1978,#1979,$) ;
#1987=AXIS2_PLACEMENT_3D('Circle Axis2P3D',#1985,#1986,$) ;
#2001=AXIS2_PLACEMENT_3D('Torus Axis2P3D',#1998,#1999,#2000) ;
#2005=AXIS2_PLACEMENT_3D('Circle Axis2P3D',#2003,#2004,$) ;
#2012=AXIS2_PLACEMENT_3D('Circle Axis2P3D',#2010,#2011,$) ;
#2025=AXIS2_PLACEMENT_3D('Torus Axis2P3D',#2022,#2023,#2024) ;
#2029=AXIS2_PLACEMENT_3D('Circle Axis2P3D',#2027,#2028,$) ;
#2036=AXIS2_PLACEMENT_3D('Circle Axis2P3D',#2034,#2035,$) ;
#2049=AXIS2_PLACEMENT_3D('Cylinder Axis2P3D',#2046,#2047,#2048) ;
#2066=AXIS2_PLACEMENT_3D('Cylinder Axis2P3D',#2063,#2064,#2065) ;
#2070=AXIS2_PLACEMENT_3D('Circle Axis2P3D',#2068,#2069,$) ;
#2083=AXIS2_PLACEMENT_3D('Torus Axis2P3D',#2080,#2081,#2082) ;
#2087=AXIS2_PLACEMENT_3D('Circle Axis2P3D',#2085,#2086,$) ;
#2094=AXIS2_PLACEMENT_3D('Circle Axis2P3D',#2092,#2093,$) ;
#2101=AXIS2_PLACEMENT_3D('Circle Axis2P3D',#2099,#2100,$) ;
#2115=AXIS2_PLACEMENT_3D('Plane Axis2P3D',#2112,#2113,#2114) ;
#2146=AXIS2_PLACEMENT_3D('Cylinder Axis2P3D',#2143,#2144,#2145) ;
#2150=AXIS2_PLACEMENT_3D('Circle Axis2P3D',#2148,#2149,$) ;
#2170=AXIS2_PLACEMENT_3D('Plane Axis2P3D',#2167,#2168,#2169) ;
#2194=AXIS2_PLACEMENT_3D('Cylinder Axis2P3D',#2191,#2192,#2193) ;
#2198=AXIS2_PLACEMENT_3D('Circle Axis2P3D',#2196,#2197,$) ;
#2218=AXIS2_PLACEMENT_3D('Plane Axis2P3D',#2215,#2216,#2217) ;
#2242=AXIS2_PLACEMENT_3D('Cylinder Axis2P3D',#2239,#2240,#2241) ;
#2246=AXIS2_PLACEMENT_3D('Circle Axis2P3D',#2244,#2245,$) ;
#2266=AXIS2_PLACEMENT_3D('Plane Axis2P3D',#2263,#2264,#2265) ;
#2290=AXIS2_PLACEMENT_3D('Cylinder Axis2P3D',#2287,#2288,#2289) ;
#2294=AXIS2_PLACEMENT_3D('Circle Axis2P3D',#2292,#2293,$) ;
#2307=AXIS2_PLACEMENT_3D('Plane Axis2P3D',#2304,#2305,#2306) ;
#2324=AXIS2_PLACEMENT_3D('Sphere Axis2P3D',#2321,#2322,#2323) ;
#2343=AXIS2_PLACEMENT_3D('Plane Axis2P3D',#2340,#2341,#2342) ;
#2363=AXIS2_PLACEMENT_3D('Circle Axis2P3D',#2361,#2362,$) ;
#2379=AXIS2_PLACEMENT_3D('Circle Axis2P3D',#2377,#2378,$) ;
#2393=AXIS2_PLACEMENT_3D('Circle Axis2P3D',#2391,#2392,$) ;
#2407=AXIS2_PLACEMENT_3D('Circle Axis2P3D',#2405,#2406,$) ;
#2431=AXIS2_PLACEMENT_3D('Sphere Axis2P3D',#2428,#2429,#2430) ;
#2435=AXIS2_PLACEMENT_3D('Circle Axis2P3D',#2433,#2434,$) ;
#2447=AXIS2_PLACEMENT_3D('Plane Axis2P3D',#2444,#2445,#2446) ;
#2469=AXIS2_PLACEMENT_3D('Sphere Axis2P3D',#2466,#2467,#2468) ;
#2473=AXIS2_PLACEMENT_3D('Circle Axis2P3D',#2471,#2472,$) ;
#2480=AXIS2_PLACEMENT_3D('Circle Axis2P3D',#2478,#2479,$) ;
#2492=AXIS2_PLACEMENT_3D('Sphere Axis2P3D',#2489,#2490,#2491) ;
#2496=AXIS2_PLACEMENT_3D('Circle Axis2P3D',#2494,#2495,$) ;
#2508=AXIS2_PLACEMENT_3D('Sphere Axis2P3D',#2505,#2506,#2507) ;
#2512=AXIS2_PLACEMENT_3D('Circle Axis2P3D',#2510,#2511,$) ;
#2524=AXIS2_PLACEMENT_3D('Cylinder Axis2P3D',#2521,#2522,#2523) ;
#2541=AXIS2_PLACEMENT_3D('Cylinder Axis2P3D',#2538,#2539,#2540) ;
#2559=AXIS2_PLACEMENT_3D('Plane Axis2P3D',#2556,#2557,#2558) ;
#2576=AXIS2_PLACEMENT_3D('Sphere Axis2P3D',#2573,#2574,#2575) ;
#2580=AXIS2_PLACEMENT_3D('Circle Axis2P3D',#2578,#2579,$) ;
#2592=AXIS2_PLACEMENT_3D('Sphere Axis2P3D',#2589,#2590,#2591) ;
#2596=AXIS2_PLACEMENT_3D('Circle Axis2P3D',#2594,#2595,$) ;
#2608=AXIS2_PLACEMENT_3D('Sphere Axis2P3D',#2605,#2606,#2607) ;
#2612=AXIS2_PLACEMENT_3D('Circle Axis2P3D',#2610,#2611,$) ;
#2624=AXIS2_PLACEMENT_3D('Sphere Axis2P3D',#2621,#2622,#2623) ;
#2628=AXIS2_PLACEMENT_3D('Circle Axis2P3D',#2626,#2627,$) ;
#2640=AXIS2_PLACEMENT_3D('Sphere Axis2P3D',#2637,#2638,#2639) ;
#2644=AXIS2_PLACEMENT_3D('Circle Axis2P3D',#2642,#2643,$) ;
#2656=AXIS2_PLACEMENT_3D('Plane Axis2P3D',#2653,#2654,#2655) ;
#2672=AXIS2_PLACEMENT_3D('Cylinder Axis2P3D',#2669,#2670,#2671) ;
#2684=AXIS2_PLACEMENT_3D('Cylinder Axis2P3D',#2681,#2682,#2683) ;
#2696=AXIS2_PLACEMENT_3D('Cylinder Axis2P3D',#2693,#2694,#2695) ;
#2700=AXIS2_PLACEMENT_3D('Circle Axis2P3D',#2698,#2699,$) ;
#2727=AXIS2_PLACEMENT_3D('Plane Axis2P3D',#2724,#2725,#2726) ;
#2955=AXIS2_PLACEMENT_3D('Cylinder Axis2P3D',#2952,#2953,#2954) ;
#2959=AXIS2_PLACEMENT_3D('Circle Axis2P3D',#2957,#2958,$) ;
#2979=AXIS2_PLACEMENT_3D('Plane Axis2P3D',#2976,#2977,#2978) ;
#3003=AXIS2_PLACEMENT_3D('Cylinder Axis2P3D',#3000,#3001,#3002) ;
#3007=AXIS2_PLACEMENT_3D('Circle Axis2P3D',#3005,#3006,$) ;
#3027=AXIS2_PLACEMENT_3D('Plane Axis2P3D',#3024,#3025,#3026) ;
#3058=AXIS2_PLACEMENT_3D('Circle Axis2P3D',#3056,#3057,$) ;
#3072=AXIS2_PLACEMENT_3D('Circle Axis2P3D',#3070,#3071,$) ;
#3086=AXIS2_PLACEMENT_3D('Circle Axis2P3D',#3084,#3085,$) ;
#3100=AXIS2_PLACEMENT_3D('Circle Axis2P3D',#3098,#3099,$) ;
#3124=AXIS2_PLACEMENT_3D('Circle Axis2P3D',#3122,#3123,$) ;
#3138=AXIS2_PLACEMENT_3D('Circle Axis2P3D',#3136,#3137,$) ;
#3152=AXIS2_PLACEMENT_3D('Circle Axis2P3D',#3150,#3151,$) ;
#3166=AXIS2_PLACEMENT_3D('Circle Axis2P3D',#3164,#3165,$) ;
#3190=AXIS2_PLACEMENT_3D('Circle Axis2P3D',#3188,#3189,$) ;
#3204=AXIS2_PLACEMENT_3D('Circle Axis2P3D',#3202,#3203,$) ;
#3218=AXIS2_PLACEMENT_3D('Circle Axis2P3D',#3216,#3217,$) ;
#3232=AXIS2_PLACEMENT_3D('Circle Axis2P3D',#3230,#3231,$) ;
#3249=AXIS2_PLACEMENT_3D('Cylinder Axis2P3D',#3246,#3247,#3248) ;
#3253=AXIS2_PLACEMENT_3D('Circle Axis2P3D',#3251,#3252,$) ;
#3273=AXIS2_PLACEMENT_3D('Plane Axis2P3D',#3270,#3271,#3272) ;
#3290=AXIS2_PLACEMENT_3D('Cylinder Axis2P3D',#3287,#3288,#3289) ;
#3303=AXIS2_PLACEMENT_3D('Plane Axis2P3D',#3300,#3301,#3302) ;
#3342=AXIS2_PLACEMENT_3D('Circle Axis2P3D',#3340,#3341,$) ;
#3356=AXIS2_PLACEMENT_3D('Circle Axis2P3D',#3354,#3355,$) ;
#3370=AXIS2_PLACEMENT_3D('Circle Axis2P3D',#3368,#3369,$) ;
#3394=AXIS2_PLACEMENT_3D('Cylinder Axis2P3D',#3391,#3392,#3393) ;
#3412=AXIS2_PLACEMENT_3D('Circle Axis2P3D',#3410,#3411,$) ;
#3425=AXIS2_PLACEMENT_3D('Plane Axis2P3D',#3422,#3423,#3424) ;
#3449=AXIS2_PLACEMENT_3D('Cylinder Axis2P3D',#3446,#3447,#3448) ;
#3460=AXIS2_PLACEMENT_3D('Circle Axis2P3D',#3458,#3459,$) ;
#3473=AXIS2_PLACEMENT_3D('Plane Axis2P3D',#3470,#3471,#3472) ;
#3497=AXIS2_PLACEMENT_3D('Cylinder Axis2P3D',#3494,#3495,#3496) ;
#3508=AXIS2_PLACEMENT_3D('Circle Axis2P3D',#3506,#3507,$) ;
#3521=AXIS2_PLACEMENT_3D('Plane Axis2P3D',#3518,#3519,#3520) ;
#3545=AXIS2_PLACEMENT_3D('Cylinder Axis2P3D',#3542,#3543,#3544) ;
#3556=AXIS2_PLACEMENT_3D('Circle Axis2P3D',#3554,#3555,$) ;
#3569=AXIS2_PLACEMENT_3D('Plane Axis2P3D',#3566,#3567,#3568) ;
#3586=AXIS2_PLACEMENT_3D('Plane Axis2P3D',#3583,#3584,#3585) ;
#3617=AXIS2_PLACEMENT_3D('Cylinder Axis2P3D',#3614,#3615,#3616) ;
#3628=AXIS2_PLACEMENT_3D('Circle Axis2P3D',#3626,#3627,$) ;
#3660=AXIS2_PLACEMENT_3D('Cylinder Axis2P3D',#3657,#3658,#3659) ;
#3671=AXIS2_PLACEMENT_3D('Circle Axis2P3D',#3669,#3670,$) ;
#3684=AXIS2_PLACEMENT_3D('Plane Axis2P3D',#3681,#3682,#3683) ;
#3708=AXIS2_PLACEMENT_3D('Cylinder Axis2P3D',#3705,#3706,#3707) ;
#3719=AXIS2_PLACEMENT_3D('Circle Axis2P3D',#3717,#3718,$) ;
#3751=AXIS2_PLACEMENT_3D('Cylinder Axis2P3D',#3748,#3749,#3750) ;
#3755=AXIS2_PLACEMENT_3D('Circle Axis2P3D',#3753,#3754,$) ;
#3794=AXIS2_PLACEMENT_3D('Cylinder Axis2P3D',#3791,#3792,#3793) ;
#3798=AXIS2_PLACEMENT_3D('Circle Axis2P3D',#3796,#3797,$) ;
#3837=AXIS2_PLACEMENT_3D('Cylinder Axis2P3D',#3834,#3835,#3836) ;
#3841=AXIS2_PLACEMENT_3D('Circle Axis2P3D',#3839,#3840,$) ;
#3879=AXIS2_PLACEMENT_3D('Circle Axis2P3D',#3877,#3878,$) ;
#3917=AXIS2_PLACEMENT_3D('Circle Axis2P3D',#3915,#3916,$) ;
#3955=AXIS2_PLACEMENT_3D('Circle Axis2P3D',#3953,#3954,$) ;
#3993=AXIS2_PLACEMENT_3D('Circle Axis2P3D',#3991,#3992,$) ;
#4032=AXIS2_PLACEMENT_3D('Cylinder Axis2P3D',#4029,#4030,#4031) ;
#4036=AXIS2_PLACEMENT_3D('Circle Axis2P3D',#4034,#4035,$) ;
#4075=AXIS2_PLACEMENT_3D('Cylinder Axis2P3D',#4072,#4073,#4074) ;
#4079=AXIS2_PLACEMENT_3D('Circle Axis2P3D',#4077,#4078,$) ;
#4118=AXIS2_PLACEMENT_3D('Cylinder Axis2P3D',#4115,#4116,#4117) ;
#4122=AXIS2_PLACEMENT_3D('Circle Axis2P3D',#4120,#4121,$) ;
#4142=AXIS2_PLACEMENT_3D('Plane Axis2P3D',#4139,#4140,#4141) ;
#4166=AXIS2_PLACEMENT_3D('Cylinder Axis2P3D',#4163,#4164,#4165) ;
#4170=AXIS2_PLACEMENT_3D('Circle Axis2P3D',#4168,#4169,$) ;
#4209=AXIS2_PLACEMENT_3D('Cylinder Axis2P3D',#4206,#4207,#4208) ;
#4213=AXIS2_PLACEMENT_3D('Circle Axis2P3D',#4211,#4212,$) ;
#4233=AXIS2_PLACEMENT_3D('Plane Axis2P3D',#4230,#4231,#4232) ;
#4257=AXIS2_PLACEMENT_3D('Cylinder Axis2P3D',#4254,#4255,#4256) ;
#4261=AXIS2_PLACEMENT_3D('Circle Axis2P3D',#4259,#4260,$) ;
#4274=AXIS2_PLACEMENT_3D('Cylinder Axis2P3D',#4271,#4272,#4273) ;
#4285=AXIS2_PLACEMENT_3D('Circle Axis2P3D',#4283,#4284,$) ;
#4305=AXIS2_PLACEMENT_3D('Plane Axis2P3D',#4302,#4303,#4304) ;
#4329=AXIS2_PLACEMENT_3D('Cylinder Axis2P3D',#4326,#4327,#4328) ;
#4333=AXIS2_PLACEMENT_3D('Circle Axis2P3D',#4331,#4332,$) ;
#4353=AXIS2_PLACEMENT_3D('Plane Axis2P3D',#4350,#4351,#4352) ;
#4407=AXIS2_PLACEMENT_3D('Cylinder Axis2P3D',#4404,#4405,#4406) ;
#4411=AXIS2_PLACEMENT_3D('Circle Axis2P3D',#4409,#4410,$) ;
#4431=AXIS2_PLACEMENT_3D('Plane Axis2P3D',#4428,#4429,#4430) ;
#4455=AXIS2_PLACEMENT_3D('Cylinder Axis2P3D',#4452,#4453,#4454) ;
#4459=AXIS2_PLACEMENT_3D('Circle Axis2P3D',#4457,#4458,$) ;
#4479=AXIS2_PLACEMENT_3D('Plane Axis2P3D',#4476,#4477,#4478) ;
#4496=AXIS2_PLACEMENT_3D('Plane Axis2P3D',#4493,#4494,#4495) ;
#4523=AXIS2_PLACEMENT_3D('Plane Axis2P3D',#4520,#4521,#4522) ;
#4544=AXIS2_PLACEMENT_3D(' ',#4547,#4551,#4550) ;
#4545=AXIS2_PLACEMENT_3D(' ',#4546,#4549,#4548) ;
#4566=AXIS2_PLACEMENT_3D('Cylinder Axis2P3D',#4563,#4564,#4565) ;
#4570=AXIS2_PLACEMENT_3D('Circle Axis2P3D',#4568,#4569,$) ;
#4586=AXIS2_PLACEMENT_3D('Circle Axis2P3D',#4584,#4585,$) ;
#4606=AXIS2_PLACEMENT_3D('Torus Axis2P3D',#4603,#4604,#4605) ;
#4610=AXIS2_PLACEMENT_3D('Circle Axis2P3D',#4608,#4609,$) ;
#4619=AXIS2_PLACEMENT_3D('Circle Axis2P3D',#4617,#4618,$) ;
#4624=AXIS2_PLACEMENT_3D('Circle Axis2P3D',#4622,#4623,$) ;
#4637=AXIS2_PLACEMENT_3D('Cylinder Axis2P3D',#4634,#4635,#4636) ;
#4641=AXIS2_PLACEMENT_3D('Circle Axis2P3D',#4639,#4640,$) ;
#4646=AXIS2_PLACEMENT_3D('Circle Axis2P3D',#4644,#4645,$) ;
#4659=AXIS2_PLACEMENT_3D('Plane Axis2P3D',#4656,#4657,#4658) ;
#4669=AXIS2_PLACEMENT_3D('Cylinder Axis2P3D',#4666,#4667,#4668) ;
#4673=AXIS2_PLACEMENT_3D('Circle Axis2P3D',#4671,#4672,$) ;
#4700=AXIS2_PLACEMENT_3D('Torus Axis2P3D',#4697,#4698,#4699) ;
#4704=AXIS2_PLACEMENT_3D('Circle Axis2P3D',#4702,#4703,$) ;
#4717=AXIS2_PLACEMENT_3D('Plane Axis2P3D',#4714,#4715,#4716) ;
#4750=AXIS2_PLACEMENT_3D('Cylinder Axis2P3D',#4747,#4748,#4749) ;
#4767=AXIS2_PLACEMENT_3D(' ',#4770,#4774,#4773) ;
#4768=AXIS2_PLACEMENT_3D(' ',#4769,#4772,#4771) ;
#4782=AXIS2_PLACEMENT_3D(' ',#4785,#4789,#4788) ;
#4783=AXIS2_PLACEMENT_3D(' ',#4784,#4787,#4786) ;
#45=PRODUCT_DEFINITION_SHAPE(' ',' ',#17) ;
#61=PRODUCT_DEFINITION_SHAPE(' ',' ',#58) ;
#4540=PRODUCT_DEFINITION_SHAPE(' ',' ',#4539) ;
#4561=PRODUCT_DEFINITION_SHAPE(' ',' ',#4558) ;
#4763=PRODUCT_DEFINITION_SHAPE(' ',' ',#4762) ;
#4778=PRODUCT_DEFINITION_SHAPE(' ',' ',#4777) ;
#34=APPROVAL_PERSON_ORGANIZATION(#28,#24,#22) ;
#28=PERSON_AND_ORGANIZATION(#25,#26) ;
#25=PERSON(' ',' ',' ',$,$,$) ;
#26=ORGANIZATION(' ',' ',' ') ;
#24=APPROVAL(#23,' ') ;
#23=APPROVAL_STATUS('not_yet_approved') ;
#22=APPROVAL_ROLE('APPROVER') ;
#13=DATE_AND_TIME(#11,#12) ;
#12=LOCAL_TIME(17,0,19.,#10) ;
#10=COORDINATED_UNIVERSAL_TIME_OFFSET(0,0,.AHEAD.) ;
#97=ORIENTED_EDGE('',*,*,#76,.F.) ;
#98=ORIENTED_EDGE('',*,*,#83,.T.) ;
#99=ORIENTED_EDGE('',*,*,#90,.T.) ;
#100=ORIENTED_EDGE('',*,*,#95,.F.) ;
#119=ORIENTED_EDGE('',*,*,#90,.F.) ;
#120=ORIENTED_EDGE('',*,*,#112,.T.) ;
#121=ORIENTED_EDGE('',*,*,#76,.T.) ;
#122=ORIENTED_EDGE('',*,*,#117,.F.) ;
#145=ORIENTED_EDGE('',*,*,#138,.T.) ;
#146=ORIENTED_EDGE('',*,*,#143,.T.) ;
#149=ORIENTED_EDGE('',*,*,#83,.F.) ;
#150=ORIENTED_EDGE('',*,*,#112,.F.) ;
#159=ORIENTED_EDGE('',*,*,#95,.T.) ;
#160=ORIENTED_EDGE('',*,*,#117,.T.) ;
#332=ORIENTED_EDGE('',*,*,#176,.T.) ;
#333=ORIENTED_EDGE('',*,*,#185,.F.) ;
#334=ORIENTED_EDGE('',*,*,#192,.T.) ;
#335=ORIENTED_EDGE('',*,*,#201,.F.) ;
#336=ORIENTED_EDGE('',*,*,#208,.F.) ;
#337=ORIENTED_EDGE('',*,*,#215,.T.) ;
#338=ORIENTED_EDGE('',*,*,#222,.T.) ;
#339=ORIENTED_EDGE('',*,*,#229,.F.) ;
#340=ORIENTED_EDGE('',*,*,#236,.F.) ;
#341=ORIENTED_EDGE('',*,*,#243,.T.) ;
#342=ORIENTED_EDGE('',*,*,#250,.T.) ;
#343=ORIENTED_EDGE('',*,*,#257,.F.) ;
#344=ORIENTED_EDGE('',*,*,#264,.F.) ;
#345=ORIENTED_EDGE('',*,*,#269,.T.) ;
#346=ORIENTED_EDGE('',*,*,#138,.F.) ;
#347=ORIENTED_EDGE('',*,*,#276,.F.) ;
#348=ORIENTED_EDGE('',*,*,#283,.F.) ;
#349=ORIENTED_EDGE('',*,*,#290,.T.) ;
#350=ORIENTED_EDGE('',*,*,#297,.T.) ;
#351=ORIENTED_EDGE('',*,*,#304,.F.) ;
#352=ORIENTED_EDGE('',*,*,#311,.F.) ;
#353=ORIENTED_EDGE('',*,*,#318,.T.) ;
#354=ORIENTED_EDGE('',*,*,#325,.T.) ;
#355=ORIENTED_EDGE('',*,*,#330,.F.) ;
#386=ORIENTED_EDGE('',*,*,#365,.T.) ;
#387=ORIENTED_EDGE('',*,*,#372,.F.) ;
#388=ORIENTED_EDGE('',*,*,#379,.F.) ;
#389=ORIENTED_EDGE('',*,*,#384,.T.) ;
#497=ORIENTED_EDGE('',*,*,#405,.F.) ;
#498=ORIENTED_EDGE('',*,*,#176,.F.) ;
#499=ORIENTED_EDGE('',*,*,#330,.T.) ;
#500=ORIENTED_EDGE('',*,*,#412,.T.) ;
#501=ORIENTED_EDGE('',*,*,#419,.F.) ;
#502=ORIENTED_EDGE('',*,*,#424,.F.) ;
#503=ORIENTED_EDGE('',*,*,#304,.T.) ;
#504=ORIENTED_EDGE('',*,*,#431,.T.) ;
#505=ORIENTED_EDGE('',*,*,#438,.F.) ;
#506=ORIENTED_EDGE('',*,*,#443,.F.) ;
#507=ORIENTED_EDGE('',*,*,#276,.T.) ;
#508=ORIENTED_EDGE('',*,*,#143,.F.) ;
#509=ORIENTED_EDGE('',*,*,#269,.F.) ;
#510=ORIENTED_EDGE('',*,*,#450,.F.) ;
#511=ORIENTED_EDGE('',*,*,#457,.T.) ;
#512=ORIENTED_EDGE('',*,*,#462,.T.) ;
#513=ORIENTED_EDGE('',*,*,#243,.F.) ;
#514=ORIENTED_EDGE('',*,*,#469,.F.) ;
#515=ORIENTED_EDGE('',*,*,#476,.T.) ;
#516=ORIENTED_EDGE('',*,*,#481,.T.) ;
#517=ORIENTED_EDGE('',*,*,#215,.F.) ;
#518=ORIENTED_EDGE('',*,*,#208,.T.) ;
#519=ORIENTED_EDGE('',*,*,#490,.F.) ;
#520=ORIENTED_EDGE('',*,*,#495,.T.) ;
#551=ORIENTED_EDGE('',*,*,#530,.T.) ;
#552=ORIENTED_EDGE('',*,*,#537,.F.) ;
#553=ORIENTED_EDGE('',*,*,#544,.F.) ;
#554=ORIENTED_EDGE('',*,*,#549,.T.) ;
#582=ORIENTED_EDGE('',*,*,#568,.F.) ;
#583=ORIENTED_EDGE('',*,*,#185,.T.) ;
#584=ORIENTED_EDGE('',*,*,#575,.T.) ;
#585=ORIENTED_EDGE('',*,*,#580,.T.) ;
#606=ORIENTED_EDGE('',*,*,#599,.T.) ;
#607=ORIENTED_EDGE('',*,*,#192,.F.) ;
#608=ORIENTED_EDGE('',*,*,#568,.T.) ;
#609=ORIENTED_EDGE('',*,*,#604,.T.) ;
#630=ORIENTED_EDGE('',*,*,#623,.T.) ;
#631=ORIENTED_EDGE('',*,*,#201,.T.) ;
#632=ORIENTED_EDGE('',*,*,#599,.F.) ;
#633=ORIENTED_EDGE('',*,*,#628,.T.) ;
#668=ORIENTED_EDGE('',*,*,#222,.F.) ;
#669=ORIENTED_EDGE('',*,*,#481,.F.) ;
#670=ORIENTED_EDGE('',*,*,#647,.F.) ;
#671=ORIENTED_EDGE('',*,*,#654,.F.) ;
#672=ORIENTED_EDGE('',*,*,#661,.F.) ;
#673=ORIENTED_EDGE('',*,*,#666,.F.) ;
#694=ORIENTED_EDGE('',*,*,#666,.T.) ;
#695=ORIENTED_EDGE('',*,*,#687,.F.) ;
#696=ORIENTED_EDGE('',*,*,#692,.F.) ;
#697=ORIENTED_EDGE('',*,*,#229,.T.) ;
#725=ORIENTED_EDGE('',*,*,#692,.T.) ;
#726=ORIENTED_EDGE('',*,*,#711,.T.) ;
#727=ORIENTED_EDGE('',*,*,#718,.T.) ;
#728=ORIENTED_EDGE('',*,*,#723,.T.) ;
#729=ORIENTED_EDGE('',*,*,#469,.T.) ;
#730=ORIENTED_EDGE('',*,*,#236,.T.) ;
#765=ORIENTED_EDGE('',*,*,#250,.F.) ;
#766=ORIENTED_EDGE('',*,*,#462,.F.) ;
#767=ORIENTED_EDGE('',*,*,#744,.F.) ;
#768=ORIENTED_EDGE('',*,*,#751,.F.) ;
#769=ORIENTED_EDGE('',*,*,#758,.F.) ;
#770=ORIENTED_EDGE('',*,*,#763,.F.) ;
#786=ORIENTED_EDGE('',*,*,#763,.T.) ;
#787=ORIENTED_EDGE('',*,*,#779,.F.) ;
#788=ORIENTED_EDGE('',*,*,#784,.F.) ;
#789=ORIENTED_EDGE('',*,*,#257,.T.) ;
#817=ORIENTED_EDGE('',*,*,#784,.T.) ;
#818=ORIENTED_EDGE('',*,*,#803,.T.) ;
#819=ORIENTED_EDGE('',*,*,#810,.T.) ;
#820=ORIENTED_EDGE('',*,*,#815,.T.) ;
#821=ORIENTED_EDGE('',*,*,#450,.T.) ;
#822=ORIENTED_EDGE('',*,*,#264,.T.) ;
#845=ORIENTED_EDGE('',*,*,#831,.T.) ;
#846=ORIENTED_EDGE('',*,*,#838,.T.) ;
#847=ORIENTED_EDGE('',*,*,#843,.T.) ;
#848=ORIENTED_EDGE('',*,*,#283,.T.) ;
#849=ORIENTED_EDGE('',*,*,#443,.T.) ;
#870=ORIENTED_EDGE('',*,*,#290,.F.) ;
#871=ORIENTED_EDGE('',*,*,#843,.F.) ;
#872=ORIENTED_EDGE('',*,*,#863,.T.) ;
#873=ORIENTED_EDGE('',*,*,#868,.T.) ;
#889=ORIENTED_EDGE('',*,*,#431,.F.) ;
#890=ORIENTED_EDGE('',*,*,#297,.F.) ;
#891=ORIENTED_EDGE('',*,*,#868,.F.) ;
#892=ORIENTED_EDGE('',*,*,#882,.F.) ;
#893=ORIENTED_EDGE('',*,*,#887,.F.) ;
#916=ORIENTED_EDGE('',*,*,#902,.T.) ;
#917=ORIENTED_EDGE('',*,*,#909,.T.) ;
#918=ORIENTED_EDGE('',*,*,#914,.T.) ;
#919=ORIENTED_EDGE('',*,*,#311,.T.) ;
#920=ORIENTED_EDGE('',*,*,#424,.T.) ;
#936=ORIENTED_EDGE('',*,*,#318,.F.) ;
#937=ORIENTED_EDGE('',*,*,#914,.F.) ;
#938=ORIENTED_EDGE('',*,*,#929,.T.) ;
#939=ORIENTED_EDGE('',*,*,#934,.T.) ;
#955=ORIENTED_EDGE('',*,*,#412,.F.) ;
#956=ORIENTED_EDGE('',*,*,#325,.F.) ;
#957=ORIENTED_EDGE('',*,*,#934,.F.) ;
#958=ORIENTED_EDGE('',*,*,#948,.F.) ;
#959=ORIENTED_EDGE('',*,*,#953,.F.) ;
#987=ORIENTED_EDGE('',*,*,#365,.F.) ;
#988=ORIENTED_EDGE('',*,*,#973,.F.) ;
#989=ORIENTED_EDGE('',*,*,#980,.F.) ;
#990=ORIENTED_EDGE('',*,*,#985,.F.) ;
#1011=ORIENTED_EDGE('',*,*,#985,.T.) ;
#1012=ORIENTED_EDGE('',*,*,#1004,.F.) ;
#1013=ORIENTED_EDGE('',*,*,#1009,.F.) ;
#1014=ORIENTED_EDGE('',*,*,#372,.T.) ;
#1035=ORIENTED_EDGE('',*,*,#1009,.T.) ;
#1036=ORIENTED_EDGE('',*,*,#1028,.T.) ;
#1037=ORIENTED_EDGE('',*,*,#1033,.T.) ;
#1038=ORIENTED_EDGE('',*,*,#379,.T.) ;
#1047=ORIENTED_EDGE('',*,*,#1033,.F.) ;
#1048=ORIENTED_EDGE('',*,*,#1045,.T.) ;
#1049=ORIENTED_EDGE('',*,*,#973,.T.) ;
#1050=ORIENTED_EDGE('',*,*,#384,.F.) ;
#1078=ORIENTED_EDGE('',*,*,#1064,.F.) ;
#1079=ORIENTED_EDGE('',*,*,#405,.T.) ;
#1080=ORIENTED_EDGE('',*,*,#1071,.T.) ;
#1081=ORIENTED_EDGE('',*,*,#1076,.T.) ;
#1090=ORIENTED_EDGE('',*,*,#419,.T.) ;
#1091=ORIENTED_EDGE('',*,*,#953,.T.) ;
#1092=ORIENTED_EDGE('',*,*,#1088,.F.) ;
#1093=ORIENTED_EDGE('',*,*,#902,.F.) ;
#1102=ORIENTED_EDGE('',*,*,#438,.T.) ;
#1103=ORIENTED_EDGE('',*,*,#887,.T.) ;
#1104=ORIENTED_EDGE('',*,*,#1100,.F.) ;
#1105=ORIENTED_EDGE('',*,*,#831,.F.) ;
#1114=ORIENTED_EDGE('',*,*,#815,.F.) ;
#1115=ORIENTED_EDGE('',*,*,#1112,.T.) ;
#1116=ORIENTED_EDGE('',*,*,#744,.T.) ;
#1117=ORIENTED_EDGE('',*,*,#457,.F.) ;
#1126=ORIENTED_EDGE('',*,*,#723,.F.) ;
#1127=ORIENTED_EDGE('',*,*,#1124,.T.) ;
#1128=ORIENTED_EDGE('',*,*,#647,.T.) ;
#1129=ORIENTED_EDGE('',*,*,#476,.F.) ;
#1157=ORIENTED_EDGE('',*,*,#1143,.F.) ;
#1158=ORIENTED_EDGE('',*,*,#490,.T.) ;
#1159=ORIENTED_EDGE('',*,*,#1150,.T.) ;
#1160=ORIENTED_EDGE('',*,*,#1155,.T.) ;
#1169=ORIENTED_EDGE('',*,*,#1071,.F.) ;
#1170=ORIENTED_EDGE('',*,*,#495,.F.) ;
#1171=ORIENTED_EDGE('',*,*,#1143,.T.) ;
#1172=ORIENTED_EDGE('',*,*,#1167,.T.) ;
#1195=ORIENTED_EDGE('',*,*,#530,.F.) ;
#1196=ORIENTED_EDGE('',*,*,#1181,.F.) ;
#1197=ORIENTED_EDGE('',*,*,#1188,.F.) ;
#1198=ORIENTED_EDGE('',*,*,#1193,.F.) ;
#1219=ORIENTED_EDGE('',*,*,#537,.T.) ;
#1220=ORIENTED_EDGE('',*,*,#1193,.T.) ;
#1221=ORIENTED_EDGE('',*,*,#1212,.F.) ;
#1222=ORIENTED_EDGE('',*,*,#1217,.F.) ;
#1238=ORIENTED_EDGE('',*,*,#1217,.T.) ;
#1239=ORIENTED_EDGE('',*,*,#1231,.T.) ;
#1240=ORIENTED_EDGE('',*,*,#1236,.T.) ;
#1241=ORIENTED_EDGE('',*,*,#544,.T.) ;
#1250=ORIENTED_EDGE('',*,*,#549,.F.) ;
#1251=ORIENTED_EDGE('',*,*,#1236,.F.) ;
#1252=ORIENTED_EDGE('',*,*,#1248,.T.) ;
#1253=ORIENTED_EDGE('',*,*,#1181,.T.) ;
#1309=ORIENTED_EDGE('',*,*,#1269,.T.) ;
#1310=ORIENTED_EDGE('',*,*,#1276,.T.) ;
#1311=ORIENTED_EDGE('',*,*,#1283,.T.) ;
#1312=ORIENTED_EDGE('',*,*,#1288,.T.) ;
#1313=ORIENTED_EDGE('',*,*,#575,.F.) ;
#1314=ORIENTED_EDGE('',*,*,#1064,.T.) ;
#1315=ORIENTED_EDGE('',*,*,#1295,.T.) ;
#1316=ORIENTED_EDGE('',*,*,#1302,.T.) ;
#1317=ORIENTED_EDGE('',*,*,#1307,.T.) ;
#1341=ORIENTED_EDGE('',*,*,#1334,.T.) ;
#1342=ORIENTED_EDGE('',*,*,#1339,.F.) ;
#1343=ORIENTED_EDGE('',*,*,#580,.F.) ;
#1364=ORIENTED_EDGE('',*,*,#1339,.T.) ;
#1365=ORIENTED_EDGE('',*,*,#1357,.T.) ;
#1366=ORIENTED_EDGE('',*,*,#1362,.F.) ;
#1367=ORIENTED_EDGE('',*,*,#604,.F.) ;
#1430=ORIENTED_EDGE('',*,*,#1383,.F.) ;
#1431=ORIENTED_EDGE('',*,*,#1390,.F.) ;
#1432=ORIENTED_EDGE('',*,*,#1397,.F.) ;
#1433=ORIENTED_EDGE('',*,*,#1404,.F.) ;
#1434=ORIENTED_EDGE('',*,*,#1411,.F.) ;
#1435=ORIENTED_EDGE('',*,*,#1416,.F.) ;
#1436=ORIENTED_EDGE('',*,*,#1150,.F.) ;
#1437=ORIENTED_EDGE('',*,*,#623,.F.) ;
#1438=ORIENTED_EDGE('',*,*,#1423,.F.) ;
#1439=ORIENTED_EDGE('',*,*,#1428,.F.) ;
#1498=ORIENTED_EDGE('',*,*,#1449,.F.) ;
#1499=ORIENTED_EDGE('',*,*,#1456,.T.) ;
#1500=ORIENTED_EDGE('',*,*,#1463,.F.) ;
#1501=ORIENTED_EDGE('',*,*,#1470,.T.) ;
#1502=ORIENTED_EDGE('',*,*,#1477,.F.) ;
#1503=ORIENTED_EDGE('',*,*,#1484,.T.) ;
#1504=ORIENTED_EDGE('',*,*,#1491,.F.) ;
#1505=ORIENTED_EDGE('',*,*,#1496,.T.) ;
#1522=ORIENTED_EDGE('',*,*,#1362,.T.) ;
#1523=ORIENTED_EDGE('',*,*,#1520,.T.) ;
#1524=ORIENTED_EDGE('',*,*,#628,.F.) ;
#1538=ORIENTED_EDGE('',*,*,#1536,.T.) ;
#1539=ORIENTED_EDGE('',*,*,#654,.T.) ;
#1540=ORIENTED_EDGE('',*,*,#1124,.F.) ;
#1541=ORIENTED_EDGE('',*,*,#718,.F.) ;
#1550=ORIENTED_EDGE('',*,*,#1536,.F.) ;
#1551=ORIENTED_EDGE('',*,*,#711,.F.) ;
#1552=ORIENTED_EDGE('',*,*,#687,.T.) ;
#1553=ORIENTED_EDGE('',*,*,#661,.T.) ;
#1562=ORIENTED_EDGE('',*,*,#1560,.T.) ;
#1563=ORIENTED_EDGE('',*,*,#751,.T.) ;
#1564=ORIENTED_EDGE('',*,*,#1112,.F.) ;
#1565=ORIENTED_EDGE('',*,*,#810,.F.) ;
#1569=ORIENTED_EDGE('',*,*,#1560,.F.) ;
#1570=ORIENTED_EDGE('',*,*,#803,.F.) ;
#1571=ORIENTED_EDGE('',*,*,#779,.T.) ;
#1572=ORIENTED_EDGE('',*,*,#758,.T.) ;
#1581=ORIENTED_EDGE('',*,*,#882,.T.) ;
#1582=ORIENTED_EDGE('',*,*,#863,.F.) ;
#1583=ORIENTED_EDGE('',*,*,#838,.F.) ;
#1584=ORIENTED_EDGE('',*,*,#1100,.T.) ;
#1588=ORIENTED_EDGE('',*,*,#948,.T.) ;
#1589=ORIENTED_EDGE('',*,*,#929,.F.) ;
#1590=ORIENTED_EDGE('',*,*,#909,.F.) ;
#1591=ORIENTED_EDGE('',*,*,#1088,.T.) ;
#1595=ORIENTED_EDGE('',*,*,#980,.T.) ;
#1596=ORIENTED_EDGE('',*,*,#1045,.F.) ;
#1597=ORIENTED_EDGE('',*,*,#1028,.F.) ;
#1598=ORIENTED_EDGE('',*,*,#1004,.T.) ;
#1622=ORIENTED_EDGE('',*,*,#1612,.T.) ;
#1623=ORIENTED_EDGE('',*,*,#1620,.T.) ;
#1624=ORIENTED_EDGE('',*,*,#1076,.F.) ;
#1648=ORIENTED_EDGE('',*,*,#1641,.T.) ;
#1649=ORIENTED_EDGE('',*,*,#1646,.F.) ;
#1650=ORIENTED_EDGE('',*,*,#1155,.F.) ;
#1664=ORIENTED_EDGE('',*,*,#1646,.T.) ;
#1665=ORIENTED_EDGE('',*,*,#1662,.T.) ;
#1666=ORIENTED_EDGE('',*,*,#1612,.F.) ;
#1667=ORIENTED_EDGE('',*,*,#1167,.F.) ;
#1671=ORIENTED_EDGE('',*,*,#1188,.T.) ;
#1672=ORIENTED_EDGE('',*,*,#1248,.F.) ;
#1673=ORIENTED_EDGE('',*,*,#1231,.F.) ;
#1674=ORIENTED_EDGE('',*,*,#1212,.T.) ;
#1702=ORIENTED_EDGE('',*,*,#1688,.T.) ;
#1703=ORIENTED_EDGE('',*,*,#1695,.T.) ;
#1704=ORIENTED_EDGE('',*,*,#1700,.F.) ;
#1705=ORIENTED_EDGE('',*,*,#1269,.F.) ;
#1740=ORIENTED_EDGE('',*,*,#1721,.T.) ;
#1741=ORIENTED_EDGE('',*,*,#1726,.F.) ;
#1742=ORIENTED_EDGE('',*,*,#1276,.F.) ;
#1743=ORIENTED_EDGE('',*,*,#1733,.T.) ;
#1744=ORIENTED_EDGE('',*,*,#1738,.T.) ;
#1772=ORIENTED_EDGE('',*,*,#1758,.T.) ;
#1773=ORIENTED_EDGE('',*,*,#1765,.T.) ;
#1774=ORIENTED_EDGE('',*,*,#1770,.F.) ;
#1775=ORIENTED_EDGE('',*,*,#1283,.F.) ;
#1789=ORIENTED_EDGE('',*,*,#1288,.F.) ;
#1790=ORIENTED_EDGE('',*,*,#1770,.T.) ;
#1791=ORIENTED_EDGE('',*,*,#1787,.T.) ;
#1792=ORIENTED_EDGE('',*,*,#1334,.F.) ;
#1813=ORIENTED_EDGE('',*,*,#1806,.T.) ;
#1814=ORIENTED_EDGE('',*,*,#1811,.F.) ;
#1815=ORIENTED_EDGE('',*,*,#1295,.F.) ;
#1816=ORIENTED_EDGE('',*,*,#1620,.F.) ;
#1840=ORIENTED_EDGE('',*,*,#1302,.F.) ;
#1841=ORIENTED_EDGE('',*,*,#1811,.T.) ;
#1842=ORIENTED_EDGE('',*,*,#1830,.T.) ;
#1843=ORIENTED_EDGE('',*,*,#1838,.T.) ;
#1864=ORIENTED_EDGE('',*,*,#1307,.F.) ;
#1865=ORIENTED_EDGE('',*,*,#1838,.F.) ;
#1866=ORIENTED_EDGE('',*,*,#1857,.T.) ;
#1867=ORIENTED_EDGE('',*,*,#1862,.T.) ;
#1888=ORIENTED_EDGE('',*,*,#1357,.F.) ;
#1889=ORIENTED_EDGE('',*,*,#1787,.F.) ;
#1890=ORIENTED_EDGE('',*,*,#1881,.F.) ;
#1891=ORIENTED_EDGE('',*,*,#1886,.T.) ;
#1919=ORIENTED_EDGE('',*,*,#1383,.T.) ;
#1920=ORIENTED_EDGE('',*,*,#1905,.F.) ;
#1921=ORIENTED_EDGE('',*,*,#1912,.F.) ;
#1922=ORIENTED_EDGE('',*,*,#1917,.T.) ;
#1950=ORIENTED_EDGE('',*,*,#1938,.F.) ;
#1951=ORIENTED_EDGE('',*,*,#1943,.T.) ;
#1952=ORIENTED_EDGE('',*,*,#1390,.T.) ;
#1953=ORIENTED_EDGE('',*,*,#1948,.F.) ;
#1991=ORIENTED_EDGE('',*,*,#1969,.F.) ;
#1992=ORIENTED_EDGE('',*,*,#1977,.F.) ;
#1993=ORIENTED_EDGE('',*,*,#1397,.T.) ;
#1994=ORIENTED_EDGE('',*,*,#1984,.F.) ;
#1995=ORIENTED_EDGE('',*,*,#1989,.F.) ;
#2016=ORIENTED_EDGE('',*,*,#2009,.T.) ;
#2017=ORIENTED_EDGE('',*,*,#1404,.T.) ;
#2018=ORIENTED_EDGE('',*,*,#1977,.T.) ;
#2019=ORIENTED_EDGE('',*,*,#2014,.F.) ;
#2040=ORIENTED_EDGE('',*,*,#2009,.F.) ;
#2041=ORIENTED_EDGE('',*,*,#2033,.F.) ;
#2042=ORIENTED_EDGE('',*,*,#2038,.T.) ;
#2043=ORIENTED_EDGE('',*,*,#1411,.T.) ;
#2057=ORIENTED_EDGE('',*,*,#1416,.T.) ;
#2058=ORIENTED_EDGE('',*,*,#2038,.F.) ;
#2059=ORIENTED_EDGE('',*,*,#2055,.F.) ;
#2060=ORIENTED_EDGE('',*,*,#1641,.F.) ;
#2074=ORIENTED_EDGE('',*,*,#1886,.F.) ;
#2075=ORIENTED_EDGE('',*,*,#2072,.T.) ;
#2076=ORIENTED_EDGE('',*,*,#1423,.T.) ;
#2077=ORIENTED_EDGE('',*,*,#1520,.F.) ;
#2105=ORIENTED_EDGE('',*,*,#1428,.T.) ;
#2106=ORIENTED_EDGE('',*,*,#2072,.F.) ;
#2107=ORIENTED_EDGE('',*,*,#2091,.F.) ;
#2108=ORIENTED_EDGE('',*,*,#2098,.F.) ;
#2109=ORIENTED_EDGE('',*,*,#2103,.F.) ;
#2137=ORIENTED_EDGE('',*,*,#2123,.F.) ;
#2138=ORIENTED_EDGE('',*,*,#2130,.F.) ;
#2139=ORIENTED_EDGE('',*,*,#2135,.T.) ;
#2140=ORIENTED_EDGE('',*,*,#1449,.T.) ;
#2161=ORIENTED_EDGE('',*,*,#2135,.F.) ;
#2162=ORIENTED_EDGE('',*,*,#2154,.F.) ;
#2163=ORIENTED_EDGE('',*,*,#2159,.T.) ;
#2164=ORIENTED_EDGE('',*,*,#1456,.F.) ;
#2185=ORIENTED_EDGE('',*,*,#2178,.T.) ;
#2186=ORIENTED_EDGE('',*,*,#1463,.T.) ;
#2187=ORIENTED_EDGE('',*,*,#2159,.F.) ;
#2188=ORIENTED_EDGE('',*,*,#2183,.F.) ;
#2209=ORIENTED_EDGE('',*,*,#2178,.F.) ;
#2210=ORIENTED_EDGE('',*,*,#2202,.F.) ;
#2211=ORIENTED_EDGE('',*,*,#2207,.T.) ;
#2212=ORIENTED_EDGE('',*,*,#1470,.F.) ;
#2233=ORIENTED_EDGE('',*,*,#2226,.T.) ;
#2234=ORIENTED_EDGE('',*,*,#1477,.T.) ;
#2235=ORIENTED_EDGE('',*,*,#2207,.F.) ;
#2236=ORIENTED_EDGE('',*,*,#2231,.F.) ;
#2257=ORIENTED_EDGE('',*,*,#2226,.F.) ;
#2258=ORIENTED_EDGE('',*,*,#2250,.F.) ;
#2259=ORIENTED_EDGE('',*,*,#2255,.T.) ;
#2260=ORIENTED_EDGE('',*,*,#1484,.F.) ;
#2281=ORIENTED_EDGE('',*,*,#2274,.T.) ;
#2282=ORIENTED_EDGE('',*,*,#1491,.T.) ;
#2283=ORIENTED_EDGE('',*,*,#2255,.F.) ;
#2284=ORIENTED_EDGE('',*,*,#2279,.F.) ;
#2298=ORIENTED_EDGE('',*,*,#2274,.F.) ;
#2299=ORIENTED_EDGE('',*,*,#2296,.F.) ;
#2300=ORIENTED_EDGE('',*,*,#2123,.T.) ;
#2301=ORIENTED_EDGE('',*,*,#1496,.F.) ;
#2315=ORIENTED_EDGE('',*,*,#1662,.F.) ;
#2316=ORIENTED_EDGE('',*,*,#2055,.T.) ;
#2317=ORIENTED_EDGE('',*,*,#2313,.F.) ;
#2318=ORIENTED_EDGE('',*,*,#1806,.F.) ;
#2335=ORIENTED_EDGE('',*,*,#2333,.T.) ;
#2336=ORIENTED_EDGE('',*,*,#1688,.F.) ;
#2337=ORIENTED_EDGE('',*,*,#1862,.F.) ;
#2356=ORIENTED_EDGE('',*,*,#2349,.T.) ;
#2357=ORIENTED_EDGE('',*,*,#1938,.T.) ;
#2358=ORIENTED_EDGE('',*,*,#2354,.F.) ;
#2359=ORIENTED_EDGE('',*,*,#1695,.F.) ;
#2418=ORIENTED_EDGE('',*,*,#2369,.F.) ;
#2419=ORIENTED_EDGE('',*,*,#2376,.F.) ;
#2420=ORIENTED_EDGE('',*,*,#2383,.F.) ;
#2421=ORIENTED_EDGE('',*,*,#2390,.F.) ;
#2422=ORIENTED_EDGE('',*,*,#2397,.F.) ;
#2423=ORIENTED_EDGE('',*,*,#2404,.F.) ;
#2424=ORIENTED_EDGE('',*,*,#2411,.F.) ;
#2425=ORIENTED_EDGE('',*,*,#2416,.F.) ;
#2439=ORIENTED_EDGE('',*,*,#2437,.F.) ;
#2440=ORIENTED_EDGE('',*,*,#1733,.F.) ;
#2441=ORIENTED_EDGE('',*,*,#1700,.T.) ;
#2460=ORIENTED_EDGE('',*,*,#2453,.T.) ;
#2461=ORIENTED_EDGE('',*,*,#1912,.T.) ;
#2462=ORIENTED_EDGE('',*,*,#2458,.T.) ;
#2463=ORIENTED_EDGE('',*,*,#1721,.F.) ;
#2484=ORIENTED_EDGE('',*,*,#2477,.T.) ;
#2485=ORIENTED_EDGE('',*,*,#1726,.T.) ;
#2486=ORIENTED_EDGE('',*,*,#2482,.T.) ;
#2500=ORIENTED_EDGE('',*,*,#2437,.T.) ;
#2501=ORIENTED_EDGE('',*,*,#2498,.F.) ;
#2502=ORIENTED_EDGE('',*,*,#1738,.F.) ;
#2516=ORIENTED_EDGE('',*,*,#2477,.F.) ;
#2517=ORIENTED_EDGE('',*,*,#2514,.T.) ;
#2518=ORIENTED_EDGE('',*,*,#1758,.F.) ;
#2532=ORIENTED_EDGE('',*,*,#1765,.F.) ;
#2533=ORIENTED_EDGE('',*,*,#2530,.F.) ;
#2534=ORIENTED_EDGE('',*,*,#2091,.T.) ;
#2535=ORIENTED_EDGE('',*,*,#1881,.T.) ;
#2549=ORIENTED_EDGE('',*,*,#1830,.F.) ;
#2550=ORIENTED_EDGE('',*,*,#2313,.T.) ;
#2551=ORIENTED_EDGE('',*,*,#2033,.T.) ;
#2552=ORIENTED_EDGE('',*,*,#2014,.T.) ;
#2553=ORIENTED_EDGE('',*,*,#2547,.F.) ;
#2567=ORIENTED_EDGE('',*,*,#2565,.F.) ;
#2568=ORIENTED_EDGE('',*,*,#1857,.F.) ;
#2569=ORIENTED_EDGE('',*,*,#2547,.T.) ;
#2570=ORIENTED_EDGE('',*,*,#1969,.T.) ;
#2584=ORIENTED_EDGE('',*,*,#2582,.T.) ;
#2585=ORIENTED_EDGE('',*,*,#1905,.T.) ;
#2586=ORIENTED_EDGE('',*,*,#2103,.T.) ;
#2600=ORIENTED_EDGE('',*,*,#2598,.T.) ;
#2601=ORIENTED_EDGE('',*,*,#1948,.T.) ;
#2602=ORIENTED_EDGE('',*,*,#1917,.F.) ;
#2616=ORIENTED_EDGE('',*,*,#2614,.F.) ;
#2617=ORIENTED_EDGE('',*,*,#1984,.T.) ;
#2618=ORIENTED_EDGE('',*,*,#1943,.F.) ;
#2632=ORIENTED_EDGE('',*,*,#2614,.T.) ;
#2633=ORIENTED_EDGE('',*,*,#2630,.T.) ;
#2634=ORIENTED_EDGE('',*,*,#1989,.T.) ;
#2648=ORIENTED_EDGE('',*,*,#2582,.F.) ;
#2649=ORIENTED_EDGE('',*,*,#2098,.T.) ;
#2650=ORIENTED_EDGE('',*,*,#2646,.F.) ;
#2659=ORIENTED_EDGE('',*,*,#2279,.T.) ;
#2660=ORIENTED_EDGE('',*,*,#2250,.T.) ;
#2661=ORIENTED_EDGE('',*,*,#2231,.T.) ;
#2662=ORIENTED_EDGE('',*,*,#2202,.T.) ;
#2663=ORIENTED_EDGE('',*,*,#2183,.T.) ;
#2664=ORIENTED_EDGE('',*,*,#2154,.T.) ;
#2665=ORIENTED_EDGE('',*,*,#2130,.T.) ;
#2666=ORIENTED_EDGE('',*,*,#2296,.T.) ;
#2675=ORIENTED_EDGE('',*,*,#2565,.T.) ;
#2676=ORIENTED_EDGE('',*,*,#2630,.F.) ;
#2677=ORIENTED_EDGE('',*,*,#2349,.F.) ;
#2678=ORIENTED_EDGE('',*,*,#2333,.F.) ;
#2687=ORIENTED_EDGE('',*,*,#2498,.T.) ;
#2688=ORIENTED_EDGE('',*,*,#2354,.T.) ;
#2689=ORIENTED_EDGE('',*,*,#2598,.F.) ;
#2690=ORIENTED_EDGE('',*,*,#2453,.F.) ;
#2718=ORIENTED_EDGE('',*,*,#2706,.T.) ;
#2719=ORIENTED_EDGE('',*,*,#2711,.F.) ;
#2720=ORIENTED_EDGE('',*,*,#2369,.T.) ;
#2721=ORIENTED_EDGE('',*,*,#2716,.T.) ;
#2742=ORIENTED_EDGE('',*,*,#2711,.T.) ;
#2743=ORIENTED_EDGE('',*,*,#2735,.F.) ;
#2744=ORIENTED_EDGE('',*,*,#2740,.F.) ;
#2745=ORIENTED_EDGE('',*,*,#2376,.T.) ;
#2840=ORIENTED_EDGE('',*,*,#2764,.F.) ;
#2841=ORIENTED_EDGE('',*,*,#2771,.F.) ;
#2842=ORIENTED_EDGE('',*,*,#2787,.F.) ;
#2843=ORIENTED_EDGE('',*,*,#2794,.F.) ;
#2844=ORIENTED_EDGE('',*,*,#2810,.F.) ;
#2845=ORIENTED_EDGE('',*,*,#2817,.F.) ;
#2846=ORIENTED_EDGE('',*,*,#2833,.F.) ;
#2847=ORIENTED_EDGE('',*,*,#2838,.F.) ;
#2942=ORIENTED_EDGE('',*,*,#2857,.F.) ;
#2943=ORIENTED_EDGE('',*,*,#2873,.F.) ;
#2944=ORIENTED_EDGE('',*,*,#2880,.F.) ;
#2945=ORIENTED_EDGE('',*,*,#2896,.F.) ;
#2946=ORIENTED_EDGE('',*,*,#2903,.F.) ;
#2947=ORIENTED_EDGE('',*,*,#2919,.F.) ;
#2948=ORIENTED_EDGE('',*,*,#2926,.F.) ;
#2949=ORIENTED_EDGE('',*,*,#2940,.F.) ;
#2970=ORIENTED_EDGE('',*,*,#2963,.T.) ;
#2971=ORIENTED_EDGE('',*,*,#2968,.F.) ;
#2972=ORIENTED_EDGE('',*,*,#2383,.T.) ;
#2973=ORIENTED_EDGE('',*,*,#2740,.T.) ;
#2994=ORIENTED_EDGE('',*,*,#2968,.T.) ;
#2995=ORIENTED_EDGE('',*,*,#2987,.F.) ;
#2996=ORIENTED_EDGE('',*,*,#2992,.F.) ;
#2997=ORIENTED_EDGE('',*,*,#2390,.T.) ;
#3018=ORIENTED_EDGE('',*,*,#3011,.T.) ;
#3019=ORIENTED_EDGE('',*,*,#3016,.F.) ;
#3020=ORIENTED_EDGE('',*,*,#2397,.T.) ;
#3021=ORIENTED_EDGE('',*,*,#2992,.T.) ;
#3042=ORIENTED_EDGE('',*,*,#3035,.F.) ;
#3043=ORIENTED_EDGE('',*,*,#2404,.T.) ;
#3044=ORIENTED_EDGE('',*,*,#3016,.T.) ;
#3045=ORIENTED_EDGE('',*,*,#3040,.F.) ;
#3104=ORIENTED_EDGE('',*,*,#3055,.F.) ;
#3105=ORIENTED_EDGE('',*,*,#3062,.T.) ;
#3106=ORIENTED_EDGE('',*,*,#3069,.F.) ;
#3107=ORIENTED_EDGE('',*,*,#3076,.T.) ;
#3108=ORIENTED_EDGE('',*,*,#3083,.F.) ;
#3109=ORIENTED_EDGE('',*,*,#3090,.T.) ;
#3110=ORIENTED_EDGE('',*,*,#3097,.F.) ;
#3111=ORIENTED_EDGE('',*,*,#3102,.T.) ;
#3170=ORIENTED_EDGE('',*,*,#3121,.F.) ;
#3171=ORIENTED_EDGE('',*,*,#3128,.T.) ;
#3172=ORIENTED_EDGE('',*,*,#3135,.F.) ;
#3173=ORIENTED_EDGE('',*,*,#3142,.T.) ;
#3174=ORIENTED_EDGE('',*,*,#3149,.F.) ;
#3175=ORIENTED_EDGE('',*,*,#3156,.T.) ;
#3176=ORIENTED_EDGE('',*,*,#3163,.F.) ;
#3177=ORIENTED_EDGE('',*,*,#3168,.T.) ;
#3236=ORIENTED_EDGE('',*,*,#3187,.F.) ;
#3237=ORIENTED_EDGE('',*,*,#3194,.T.) ;
#3238=ORIENTED_EDGE('',*,*,#3201,.F.) ;
#3239=ORIENTED_EDGE('',*,*,#3208,.T.) ;
#3240=ORIENTED_EDGE('',*,*,#3215,.F.) ;
#3241=ORIENTED_EDGE('',*,*,#3222,.T.) ;
#3242=ORIENTED_EDGE('',*,*,#3229,.F.) ;
#3243=ORIENTED_EDGE('',*,*,#3234,.T.) ;
#3264=ORIENTED_EDGE('',*,*,#3257,.T.) ;
#3265=ORIENTED_EDGE('',*,*,#3262,.F.) ;
#3266=ORIENTED_EDGE('',*,*,#2411,.T.) ;
#3267=ORIENTED_EDGE('',*,*,#3035,.T.) ;
#3281=ORIENTED_EDGE('',*,*,#2716,.F.) ;
#3282=ORIENTED_EDGE('',*,*,#2416,.T.) ;
#3283=ORIENTED_EDGE('',*,*,#3262,.T.) ;
#3284=ORIENTED_EDGE('',*,*,#3279,.F.) ;
#3293=ORIENTED_EDGE('',*,*,#2458,.F.) ;
#3294=ORIENTED_EDGE('',*,*,#2646,.T.) ;
#3295=ORIENTED_EDGE('',*,*,#2530,.T.) ;
#3296=ORIENTED_EDGE('',*,*,#2514,.F.) ;
#3297=ORIENTED_EDGE('',*,*,#2482,.F.) ;
#3306=ORIENTED_EDGE('',*,*,#3279,.T.) ;
#3307=ORIENTED_EDGE('',*,*,#3257,.F.) ;
#3308=ORIENTED_EDGE('',*,*,#3040,.T.) ;
#3309=ORIENTED_EDGE('',*,*,#3011,.F.) ;
#3310=ORIENTED_EDGE('',*,*,#2987,.T.) ;
#3311=ORIENTED_EDGE('',*,*,#2963,.F.) ;
#3312=ORIENTED_EDGE('',*,*,#2735,.T.) ;
#3313=ORIENTED_EDGE('',*,*,#2706,.F.) ;
#3381=ORIENTED_EDGE('',*,*,#3332,.T.) ;
#3382=ORIENTED_EDGE('',*,*,#3339,.F.) ;
#3383=ORIENTED_EDGE('',*,*,#3346,.T.) ;
#3384=ORIENTED_EDGE('',*,*,#3353,.F.) ;
#3385=ORIENTED_EDGE('',*,*,#3360,.T.) ;
#3386=ORIENTED_EDGE('',*,*,#3367,.F.) ;
#3387=ORIENTED_EDGE('',*,*,#3374,.T.) ;
#3388=ORIENTED_EDGE('',*,*,#3379,.F.) ;
#3416=ORIENTED_EDGE('',*,*,#3402,.F.) ;
#3417=ORIENTED_EDGE('',*,*,#2764,.T.) ;
#3418=ORIENTED_EDGE('',*,*,#3409,.T.) ;
#3419=ORIENTED_EDGE('',*,*,#3414,.F.) ;
#3440=ORIENTED_EDGE('',*,*,#3433,.F.) ;
#3441=ORIENTED_EDGE('',*,*,#2771,.T.) ;
#3442=ORIENTED_EDGE('',*,*,#3402,.T.) ;
#3443=ORIENTED_EDGE('',*,*,#3438,.F.) ;
#3464=ORIENTED_EDGE('',*,*,#3457,.F.) ;
#3465=ORIENTED_EDGE('',*,*,#2787,.T.) ;
#3466=ORIENTED_EDGE('',*,*,#3433,.T.) ;
#3467=ORIENTED_EDGE('',*,*,#3462,.F.) ;
#3488=ORIENTED_EDGE('',*,*,#3481,.F.) ;
#3489=ORIENTED_EDGE('',*,*,#2794,.T.) ;
#3490=ORIENTED_EDGE('',*,*,#3457,.T.) ;
#3491=ORIENTED_EDGE('',*,*,#3486,.F.) ;
#3512=ORIENTED_EDGE('',*,*,#3505,.F.) ;
#3513=ORIENTED_EDGE('',*,*,#2810,.T.) ;
#3514=ORIENTED_EDGE('',*,*,#3481,.T.) ;
#3515=ORIENTED_EDGE('',*,*,#3510,.F.) ;
#3536=ORIENTED_EDGE('',*,*,#3529,.F.) ;
#3537=ORIENTED_EDGE('',*,*,#2817,.T.) ;
#3538=ORIENTED_EDGE('',*,*,#3505,.T.) ;
#3539=ORIENTED_EDGE('',*,*,#3534,.F.) ;
#3560=ORIENTED_EDGE('',*,*,#3553,.F.) ;
#3561=ORIENTED_EDGE('',*,*,#2833,.T.) ;
#3562=ORIENTED_EDGE('',*,*,#3529,.T.) ;
#3563=ORIENTED_EDGE('',*,*,#3558,.F.) ;
#3577=ORIENTED_EDGE('',*,*,#3409,.F.) ;
#3578=ORIENTED_EDGE('',*,*,#2838,.T.) ;
#3579=ORIENTED_EDGE('',*,*,#3553,.T.) ;
#3580=ORIENTED_EDGE('',*,*,#3575,.F.) ;
#3608=ORIENTED_EDGE('',*,*,#3594,.F.) ;
#3609=ORIENTED_EDGE('',*,*,#2857,.T.) ;
#3610=ORIENTED_EDGE('',*,*,#3601,.T.) ;
#3611=ORIENTED_EDGE('',*,*,#3606,.F.) ;
#3632=ORIENTED_EDGE('',*,*,#3625,.F.) ;
#3633=ORIENTED_EDGE('',*,*,#2873,.T.) ;
#3634=ORIENTED_EDGE('',*,*,#3594,.T.) ;
#3635=ORIENTED_EDGE('',*,*,#3630,.F.) ;
#3651=ORIENTED_EDGE('',*,*,#3644,.F.) ;
#3652=ORIENTED_EDGE('',*,*,#2880,.T.) ;
#3653=ORIENTED_EDGE('',*,*,#3625,.T.) ;
#3654=ORIENTED_EDGE('',*,*,#3649,.F.) ;
#3675=ORIENTED_EDGE('',*,*,#3668,.F.) ;
#3676=ORIENTED_EDGE('',*,*,#2896,.T.) ;
#3677=ORIENTED_EDGE('',*,*,#3644,.T.) ;
#3678=ORIENTED_EDGE('',*,*,#3673,.F.) ;
#3699=ORIENTED_EDGE('',*,*,#3692,.F.) ;
#3700=ORIENTED_EDGE('',*,*,#2903,.T.) ;
#3701=ORIENTED_EDGE('',*,*,#3668,.T.) ;
#3702=ORIENTED_EDGE('',*,*,#3697,.F.) ;
#3723=ORIENTED_EDGE('',*,*,#3716,.F.) ;
#3724=ORIENTED_EDGE('',*,*,#2919,.T.) ;
#3725=ORIENTED_EDGE('',*,*,#3692,.T.) ;
#3726=ORIENTED_EDGE('',*,*,#3721,.F.) ;
#3742=ORIENTED_EDGE('',*,*,#3735,.F.) ;
#3743=ORIENTED_EDGE('',*,*,#2926,.T.) ;
#3744=ORIENTED_EDGE('',*,*,#3716,.T.) ;
#3745=ORIENTED_EDGE('',*,*,#3740,.F.) ;
#3759=ORIENTED_EDGE('',*,*,#3601,.F.) ;
#3760=ORIENTED_EDGE('',*,*,#2940,.T.) ;
#3761=ORIENTED_EDGE('',*,*,#3735,.T.) ;
#3762=ORIENTED_EDGE('',*,*,#3757,.F.) ;
#3785=ORIENTED_EDGE('',*,*,#3773,.F.) ;
#3786=ORIENTED_EDGE('',*,*,#3778,.T.) ;
#3787=ORIENTED_EDGE('',*,*,#3055,.T.) ;
#3788=ORIENTED_EDGE('',*,*,#3783,.F.) ;
#3809=ORIENTED_EDGE('',*,*,#3778,.F.) ;
#3810=ORIENTED_EDGE('',*,*,#3802,.F.) ;
#3811=ORIENTED_EDGE('',*,*,#3807,.T.) ;
#3812=ORIENTED_EDGE('',*,*,#3062,.F.) ;
#3828=ORIENTED_EDGE('',*,*,#3821,.T.) ;
#3829=ORIENTED_EDGE('',*,*,#3069,.T.) ;
#3830=ORIENTED_EDGE('',*,*,#3807,.F.) ;
#3831=ORIENTED_EDGE('',*,*,#3826,.T.) ;
#3852=ORIENTED_EDGE('',*,*,#3821,.F.) ;
#3853=ORIENTED_EDGE('',*,*,#3845,.F.) ;
#3854=ORIENTED_EDGE('',*,*,#3850,.T.) ;
#3855=ORIENTED_EDGE('',*,*,#3076,.F.) ;
#3871=ORIENTED_EDGE('',*,*,#3083,.T.) ;
#3872=ORIENTED_EDGE('',*,*,#3850,.F.) ;
#3873=ORIENTED_EDGE('',*,*,#3864,.F.) ;
#3874=ORIENTED_EDGE('',*,*,#3869,.T.) ;
#3890=ORIENTED_EDGE('',*,*,#3869,.F.) ;
#3891=ORIENTED_EDGE('',*,*,#3883,.F.) ;
#3892=ORIENTED_EDGE('',*,*,#3888,.T.) ;
#3893=ORIENTED_EDGE('',*,*,#3090,.F.) ;
#3909=ORIENTED_EDGE('',*,*,#3902,.T.) ;
#3910=ORIENTED_EDGE('',*,*,#3097,.T.) ;
#3911=ORIENTED_EDGE('',*,*,#3888,.F.) ;
#3912=ORIENTED_EDGE('',*,*,#3907,.T.) ;
#3921=ORIENTED_EDGE('',*,*,#3902,.F.) ;
#3922=ORIENTED_EDGE('',*,*,#3919,.F.) ;
#3923=ORIENTED_EDGE('',*,*,#3783,.T.) ;
#3924=ORIENTED_EDGE('',*,*,#3102,.F.) ;
#3947=ORIENTED_EDGE('',*,*,#3933,.F.) ;
#3948=ORIENTED_EDGE('',*,*,#3940,.T.) ;
#3949=ORIENTED_EDGE('',*,*,#3945,.T.) ;
#3950=ORIENTED_EDGE('',*,*,#3121,.T.) ;
#3966=ORIENTED_EDGE('',*,*,#3945,.F.) ;
#3967=ORIENTED_EDGE('',*,*,#3959,.F.) ;
#3968=ORIENTED_EDGE('',*,*,#3964,.T.) ;
#3969=ORIENTED_EDGE('',*,*,#3128,.F.) ;
#3985=ORIENTED_EDGE('',*,*,#3978,.T.) ;
#3986=ORIENTED_EDGE('',*,*,#3135,.T.) ;
#3987=ORIENTED_EDGE('',*,*,#3964,.F.) ;
#3988=ORIENTED_EDGE('',*,*,#3983,.T.) ;
#4004=ORIENTED_EDGE('',*,*,#3978,.F.) ;
#4005=ORIENTED_EDGE('',*,*,#3997,.F.) ;
#4006=ORIENTED_EDGE('',*,*,#4002,.T.) ;
#4007=ORIENTED_EDGE('',*,*,#3142,.F.) ;
#4023=ORIENTED_EDGE('',*,*,#4002,.F.) ;
#4024=ORIENTED_EDGE('',*,*,#4016,.T.) ;
#4025=ORIENTED_EDGE('',*,*,#4021,.T.) ;
#4026=ORIENTED_EDGE('',*,*,#3149,.T.) ;
#4047=ORIENTED_EDGE('',*,*,#4021,.F.) ;
#4048=ORIENTED_EDGE('',*,*,#4040,.F.) ;
#4049=ORIENTED_EDGE('',*,*,#4045,.T.) ;
#4050=ORIENTED_EDGE('',*,*,#3156,.F.) ;
#4066=ORIENTED_EDGE('',*,*,#4059,.T.) ;
#4067=ORIENTED_EDGE('',*,*,#3163,.T.) ;
#4068=ORIENTED_EDGE('',*,*,#4045,.F.) ;
#4069=ORIENTED_EDGE('',*,*,#4064,.T.) ;
#4083=ORIENTED_EDGE('',*,*,#4059,.F.) ;
#4084=ORIENTED_EDGE('',*,*,#4081,.F.) ;
#4085=ORIENTED_EDGE('',*,*,#3933,.T.) ;
#4086=ORIENTED_EDGE('',*,*,#3168,.F.) ;
#4109=ORIENTED_EDGE('',*,*,#4097,.F.) ;
#4110=ORIENTED_EDGE('',*,*,#4102,.T.) ;
#4111=ORIENTED_EDGE('',*,*,#3187,.T.) ;
#4112=ORIENTED_EDGE('',*,*,#4107,.F.) ;
#4133=ORIENTED_EDGE('',*,*,#4102,.F.) ;
#4134=ORIENTED_EDGE('',*,*,#4126,.F.) ;
#4135=ORIENTED_EDGE('',*,*,#4131,.T.) ;
#4136=ORIENTED_EDGE('',*,*,#3194,.F.) ;
#4157=ORIENTED_EDGE('',*,*,#4131,.F.) ;
#4158=ORIENTED_EDGE('',*,*,#4150,.T.) ;
#4159=ORIENTED_EDGE('',*,*,#4155,.T.) ;
#4160=ORIENTED_EDGE('',*,*,#3201,.T.) ;
#4181=ORIENTED_EDGE('',*,*,#4155,.F.) ;
#4182=ORIENTED_EDGE('',*,*,#4174,.F.) ;
#4183=ORIENTED_EDGE('',*,*,#4179,.T.) ;
#4184=ORIENTED_EDGE('',*,*,#3208,.F.) ;
#4200=ORIENTED_EDGE('',*,*,#4179,.F.) ;
#4201=ORIENTED_EDGE('',*,*,#4193,.T.) ;
#4202=ORIENTED_EDGE('',*,*,#4198,.T.) ;
#4203=ORIENTED_EDGE('',*,*,#3215,.T.) ;
#4224=ORIENTED_EDGE('',*,*,#4198,.F.) ;
#4225=ORIENTED_EDGE('',*,*,#4217,.F.) ;
#4226=ORIENTED_EDGE('',*,*,#4222,.T.) ;
#4227=ORIENTED_EDGE('',*,*,#3222,.F.) ;
#4248=ORIENTED_EDGE('',*,*,#4241,.T.) ;
#4249=ORIENTED_EDGE('',*,*,#3229,.T.) ;
#4250=ORIENTED_EDGE('',*,*,#4222,.F.) ;
#4251=ORIENTED_EDGE('',*,*,#4246,.T.) ;
#4265=ORIENTED_EDGE('',*,*,#4241,.F.) ;
#4266=ORIENTED_EDGE('',*,*,#4263,.F.) ;
#4267=ORIENTED_EDGE('',*,*,#4107,.T.) ;
#4268=ORIENTED_EDGE('',*,*,#3234,.F.) ;
#4296=ORIENTED_EDGE('',*,*,#4282,.F.) ;
#4297=ORIENTED_EDGE('',*,*,#4289,.F.) ;
#4298=ORIENTED_EDGE('',*,*,#4294,.T.) ;
#4299=ORIENTED_EDGE('',*,*,#3332,.F.) ;
#4320=ORIENTED_EDGE('',*,*,#4294,.F.) ;
#4321=ORIENTED_EDGE('',*,*,#4313,.F.) ;
#4322=ORIENTED_EDGE('',*,*,#4318,.T.) ;
#4323=ORIENTED_EDGE('',*,*,#3339,.T.) ;
#4344=ORIENTED_EDGE('',*,*,#4318,.F.) ;
#4345=ORIENTED_EDGE('',*,*,#4337,.F.) ;
#4346=ORIENTED_EDGE('',*,*,#4342,.T.) ;
#4347=ORIENTED_EDGE('',*,*,#3346,.F.) ;
#4368=ORIENTED_EDGE('',*,*,#4342,.F.) ;
#4369=ORIENTED_EDGE('',*,*,#4361,.F.) ;
#4370=ORIENTED_EDGE('',*,*,#4366,.T.) ;
#4371=ORIENTED_EDGE('',*,*,#3353,.T.) ;
#4374=ORIENTED_EDGE('',*,*,#3907,.F.) ;
#4375=ORIENTED_EDGE('',*,*,#3883,.T.) ;
#4376=ORIENTED_EDGE('',*,*,#3864,.T.) ;
#4377=ORIENTED_EDGE('',*,*,#3845,.T.) ;
#4378=ORIENTED_EDGE('',*,*,#3826,.F.) ;
#4379=ORIENTED_EDGE('',*,*,#3802,.T.) ;
#4380=ORIENTED_EDGE('',*,*,#3773,.T.) ;
#4381=ORIENTED_EDGE('',*,*,#3919,.T.) ;
#4384=ORIENTED_EDGE('',*,*,#4064,.F.) ;
#4385=ORIENTED_EDGE('',*,*,#4040,.T.) ;
#4386=ORIENTED_EDGE('',*,*,#4016,.F.) ;
#4387=ORIENTED_EDGE('',*,*,#3997,.T.) ;
#4388=ORIENTED_EDGE('',*,*,#3983,.F.) ;
#4389=ORIENTED_EDGE('',*,*,#3959,.T.) ;
#4390=ORIENTED_EDGE('',*,*,#3940,.F.) ;
#4391=ORIENTED_EDGE('',*,*,#4081,.T.) ;
#4394=ORIENTED_EDGE('',*,*,#4246,.F.) ;
#4395=ORIENTED_EDGE('',*,*,#4217,.T.) ;
#4396=ORIENTED_EDGE('',*,*,#4193,.F.) ;
#4397=ORIENTED_EDGE('',*,*,#4174,.T.) ;
#4398=ORIENTED_EDGE('',*,*,#4150,.F.) ;
#4399=ORIENTED_EDGE('',*,*,#4126,.T.) ;
#4400=ORIENTED_EDGE('',*,*,#4097,.T.) ;
#4401=ORIENTED_EDGE('',*,*,#4263,.T.) ;
#4422=ORIENTED_EDGE('',*,*,#4366,.F.) ;
#4423=ORIENTED_EDGE('',*,*,#4415,.F.) ;
#4424=ORIENTED_EDGE('',*,*,#4420,.T.) ;
#4425=ORIENTED_EDGE('',*,*,#3360,.F.) ;
#4446=ORIENTED_EDGE('',*,*,#4439,.T.) ;
#4447=ORIENTED_EDGE('',*,*,#3367,.T.) ;
#4448=ORIENTED_EDGE('',*,*,#4420,.F.) ;
#4449=ORIENTED_EDGE('',*,*,#4444,.F.) ;
#4470=ORIENTED_EDGE('',*,*,#4439,.F.) ;
#4471=ORIENTED_EDGE('',*,*,#4463,.F.) ;
#4472=ORIENTED_EDGE('',*,*,#4468,.T.) ;
#4473=ORIENTED_EDGE('',*,*,#3374,.F.) ;
#4487=ORIENTED_EDGE('',*,*,#4282,.T.) ;
#4488=ORIENTED_EDGE('',*,*,#3379,.T.) ;
#4489=ORIENTED_EDGE('',*,*,#4468,.F.) ;
#4490=ORIENTED_EDGE('',*,*,#4485,.F.) ;
#4499=ORIENTED_EDGE('',*,*,#3558,.T.) ;
#4500=ORIENTED_EDGE('',*,*,#3534,.T.) ;
#4501=ORIENTED_EDGE('',*,*,#3510,.T.) ;
#4502=ORIENTED_EDGE('',*,*,#3486,.T.) ;
#4503=ORIENTED_EDGE('',*,*,#3462,.T.) ;
#4504=ORIENTED_EDGE('',*,*,#3438,.T.) ;
#4505=ORIENTED_EDGE('',*,*,#3414,.T.) ;
#4506=ORIENTED_EDGE('',*,*,#3575,.T.) ;
#4510=ORIENTED_EDGE('',*,*,#3740,.T.) ;
#4511=ORIENTED_EDGE('',*,*,#3721,.T.) ;
#4512=ORIENTED_EDGE('',*,*,#3697,.T.) ;
#4513=ORIENTED_EDGE('',*,*,#3673,.T.) ;
#4514=ORIENTED_EDGE('',*,*,#3649,.T.) ;
#4515=ORIENTED_EDGE('',*,*,#3630,.T.) ;
#4516=ORIENTED_EDGE('',*,*,#3606,.T.) ;
#4517=ORIENTED_EDGE('',*,*,#3757,.T.) ;
#4526=ORIENTED_EDGE('',*,*,#4485,.T.) ;
#4527=ORIENTED_EDGE('',*,*,#4463,.T.) ;
#4528=ORIENTED_EDGE('',*,*,#4444,.T.) ;
#4529=ORIENTED_EDGE('',*,*,#4415,.T.) ;
#4530=ORIENTED_EDGE('',*,*,#4361,.T.) ;
#4531=ORIENTED_EDGE('',*,*,#4337,.T.) ;
#4532=ORIENTED_EDGE('',*,*,#4313,.T.) ;
#4533=ORIENTED_EDGE('',*,*,#4289,.T.) ;
#4597=ORIENTED_EDGE('',*,*,#4576,.T.) ;
#4598=ORIENTED_EDGE('',*,*,#4583,.F.) ;
#4599=ORIENTED_EDGE('',*,*,#4590,.F.) ;
#4600=ORIENTED_EDGE('',*,*,#4595,.T.) ;
#4628=ORIENTED_EDGE('',*,*,#4616,.T.) ;
#4629=ORIENTED_EDGE('',*,*,#4621,.F.) ;
#4630=ORIENTED_EDGE('',*,*,#4576,.F.) ;
#4631=ORIENTED_EDGE('',*,*,#4626,.T.) ;
#4650=ORIENTED_EDGE('',*,*,#4643,.T.) ;
#4651=ORIENTED_EDGE('',*,*,#4595,.F.) ;
#4652=ORIENTED_EDGE('',*,*,#4648,.F.) ;
#4653=ORIENTED_EDGE('',*,*,#4583,.T.) ;
#4662=ORIENTED_EDGE('',*,*,#4590,.T.) ;
#4663=ORIENTED_EDGE('',*,*,#4648,.T.) ;
#4691=ORIENTED_EDGE('',*,*,#4679,.T.) ;
#4692=ORIENTED_EDGE('',*,*,#4684,.F.) ;
#4693=ORIENTED_EDGE('',*,*,#4616,.F.) ;
#4694=ORIENTED_EDGE('',*,*,#4689,.T.) ;
#4708=ORIENTED_EDGE('',*,*,#4706,.T.) ;
#4709=ORIENTED_EDGE('',*,*,#4626,.F.) ;
#4710=ORIENTED_EDGE('',*,*,#4643,.F.) ;
#4711=ORIENTED_EDGE('',*,*,#4621,.T.) ;
#4743=ORIENTED_EDGE('',*,*,#4741,.F.) ;
#4744=ORIENTED_EDGE('',*,*,#4679,.F.) ;
#4753=ORIENTED_EDGE('',*,*,#4741,.T.) ;
#4754=ORIENTED_EDGE('',*,*,#4689,.F.) ;
#4755=ORIENTED_EDGE('',*,*,#4706,.F.) ;
#4756=ORIENTED_EDGE('',*,*,#4684,.T.) ;
#151=FACE_BOUND('',#148,.T.) ;
#390=FACE_BOUND('',#385,.T.) ;
#555=FACE_BOUND('',#550,.T.) ;
#1506=FACE_BOUND('',#1497,.T.) ;
#2426=FACE_BOUND('',#2417,.T.) ;
#2848=FACE_BOUND('',#2839,.T.) ;
#2950=FACE_BOUND('',#2941,.T.) ;
#3112=FACE_BOUND('',#3103,.T.) ;
#3178=FACE_BOUND('',#3169,.T.) ;
#3244=FACE_BOUND('',#3235,.T.) ;
#3389=FACE_BOUND('',#3380,.T.) ;
#4382=FACE_BOUND('',#4373,.T.) ;
#4392=FACE_BOUND('',#4383,.T.) ;
#4402=FACE_BOUND('',#4393,.T.) ;
#62=CLOSED_SHELL('Closed Shell',(#102,#124,#152,#162,#391,#556,#587,#611,#635,#675,#699,#732,#772,#791,#824,#851,#875,#895,#922,#941,#961,#992,#1016,#1040,#1052,#1083,#1095,#1107,#1119,#1131,#1162,#1174,#1200,#1224,#1243,#1255,#1319,#1345,#1369,#1507,#1526,#1543,#1555,#1567,#1574,#1586,#1593,#1600,#1626,#1652,#1669,#1676,#1707,#1746,#1777,#1794,#1818,#1845,#1869,#1893,#1924,#1955,#1997,#2021,#2045,#2062,#2079,#2111,#2142,#2166,#2190,#2214,#2238,#2262,#2286,#2303,#2320,#2339,#2427,#2443,#2465,#2488,#2504,#2520,#2537,#2555,#2572,#2588,#2604,#2620,#2636,#2652,#2668,#2680,#2692,#2723,#2951,#2975,#2999,#3023,#3245,#3269,#3286,#3299,#3390,#3421,#3445,#3469,#3493,#3517,#3541,#3565,#3582,#3613,#3637,#3656,#3680,#3704,#3728,#3747,#3764,#3790,#3814,#3833,#3857,#3876,#3895,#3914,#3926,#3952,#3971,#3990,#4009,#4028,#4052,#4071,#4088,#4114,#4138,#4162,#4186,#4205,#4229,#4253,#4270,#4301,#4325,#4349,#4403,#4427,#4451,#4475,#4492,#4508,#4519,#4535)) ;
#4562=CLOSED_SHELL('Closed Shell',(#4602,#4633,#4655,#4665,#4696,#4713,#4746,#4758)) ;
#4543=ITEM_DEFINED_TRANSFORMATION(' ',' ',#4545,#4544) ;
#4766=ITEM_DEFINED_TRANSFORMATION(' ',' ',#4768,#4767) ;
#4781=ITEM_DEFINED_TRANSFORMATION(' ',' ',#4783,#4782) ;
#70=VECTOR('Line Direction',#69,1.) ;
#86=VECTOR('Line Direction',#85,1.) ;
#170=VECTOR('Line Direction',#169,1.) ;
#204=VECTOR('Line Direction',#203,1.) ;
#211=VECTOR('Line Direction',#210,1.) ;
#225=VECTOR('Line Direction',#224,1.) ;
#239=VECTOR('Line Direction',#238,1.) ;
#253=VECTOR('Line Direction',#252,1.) ;
#267=VECTOR('Line Direction',#266,1.) ;
#272=VECTOR('Line Direction',#271,1.) ;
#286=VECTOR('Line Direction',#285,1.) ;
#300=VECTOR('Line Direction',#299,1.) ;
#314=VECTOR('Line Direction',#313,1.) ;
#328=VECTOR('Line Direction',#327,1.) ;
#368=VECTOR('Line Direction',#367,1.) ;
#382=VECTOR('Line Direction',#381,1.) ;
#415=VECTOR('Line Direction',#414,1.) ;
#434=VECTOR('Line Direction',#433,1.) ;
#453=VECTOR('Line Direction',#452,1.) ;
#472=VECTOR('Line Direction',#471,1.) ;
#533=VECTOR('Line Direction',#532,1.) ;
#547=VECTOR('Line Direction',#546,1.) ;
#564=VECTOR('Line Direction',#563,1.) ;
#571=VECTOR('Line Direction',#570,1.) ;
#595=VECTOR('Line Direction',#594,1.) ;
#602=VECTOR('Line Direction',#601,1.) ;
#619=VECTOR('Line Direction',#618,1.) ;
#643=VECTOR('Line Direction',#642,1.) ;
#664=VECTOR('Line Direction',#663,1.) ;
#683=VECTOR('Line Direction',#682,1.) ;
#690=VECTOR('Line Direction',#689,1.) ;
#721=VECTOR('Line Direction',#720,1.) ;
#740=VECTOR('Line Direction',#739,1.) ;
#761=VECTOR('Line Direction',#760,1.) ;
#775=VECTOR('Line Direction',#774,1.) ;
#782=VECTOR('Line Direction',#781,1.) ;
#813=VECTOR('Line Direction',#812,1.) ;
#827=VECTOR('Line Direction',#826,1.) ;
#841=VECTOR('Line Direction',#840,1.) ;
#859=VECTOR('Line Direction',#858,1.) ;
#866=VECTOR('Line Direction',#865,1.) ;
#885=VECTOR('Line Direction',#884,1.) ;
#898=VECTOR('Line Direction',#897,1.) ;
#912=VECTOR('Line Direction',#911,1.) ;
#925=VECTOR('Line Direction',#924,1.) ;
#932=VECTOR('Line Direction',#931,1.) ;
#951=VECTOR('Line Direction',#950,1.) ;
#969=VECTOR('Line Direction',#968,1.) ;
#983=VECTOR('Line Direction',#982,1.) ;
#1000=VECTOR('Line Direction',#999,1.) ;
#1007=VECTOR('Line Direction',#1006,1.) ;
#1031=VECTOR('Line Direction',#1030,1.) ;
#1043=VECTOR('Line Direction',#1042,1.) ;
#1060=VECTOR('Line Direction',#1059,1.) ;
#1067=VECTOR('Line Direction',#1066,1.) ;
#1086=VECTOR('Line Direction',#1085,1.) ;
#1098=VECTOR('Line Direction',#1097,1.) ;
#1110=VECTOR('Line Direction',#1109,1.) ;
#1122=VECTOR('Line Direction',#1121,1.) ;
#1139=VECTOR('Line Direction',#1138,1.) ;
#1146=VECTOR('Line Direction',#1145,1.) ;
#1165=VECTOR('Line Direction',#1164,1.) ;
#1177=VECTOR('Line Direction',#1176,1.) ;
#1191=VECTOR('Line Direction',#1190,1.) ;
#1208=VECTOR('Line Direction',#1207,1.) ;
#1215=VECTOR('Line Direction',#1214,1.) ;
#1234=VECTOR('Line Direction',#1233,1.) ;
#1246=VECTOR('Line Direction',#1245,1.) ;
#1263=VECTOR('Line Direction',#1262,1.) ;
#1272=VECTOR('Line Direction',#1271,1.) ;
#1286=VECTOR('Line Direction',#1285,1.) ;
#1291=VECTOR('Line Direction',#1290,1.) ;
#1305=VECTOR('Line Direction',#1304,1.) ;
#1353=VECTOR('Line Direction',#1352,1.) ;
#1377=VECTOR('Line Direction',#1376,1.) ;
#1386=VECTOR('Line Direction',#1385,1.) ;
#1393=VECTOR('Line Direction',#1392,1.) ;
#1414=VECTOR('Line Direction',#1413,1.) ;
#1419=VECTOR('Line Direction',#1418,1.) ;
#1443=VECTOR('Line Direction',#1442,1.) ;
#1459=VECTOR('Line Direction',#1458,1.) ;
#1473=VECTOR('Line Direction',#1472,1.) ;
#1487=VECTOR('Line Direction',#1486,1.) ;
#1534=VECTOR('Line Direction',#1533,1.) ;
#1558=VECTOR('Line Direction',#1557,1.) ;
#1660=VECTOR('Line Direction',#1659,1.) ;
#1691=VECTOR('Line Direction',#1690,1.) ;
#1715=VECTOR('Line Direction',#1714,1.) ;
#1785=VECTOR('Line Direction',#1784,1.) ;
#1802=VECTOR('Line Direction',#1801,1.) ;
#1853=VECTOR('Line Direction',#1852,1.) ;
#1877=VECTOR('Line Direction',#1876,1.) ;
#1884=VECTOR('Line Direction',#1883,1.) ;
#1908=VECTOR('Line Direction',#1907,1.) ;
#1932=VECTOR('Line Direction',#1931,1.) ;
#1963=VECTOR('Line Direction',#1962,1.) ;
#2053=VECTOR('Line Direction',#2052,1.) ;
#2119=VECTOR('Line Direction',#2118,1.) ;
#2126=VECTOR('Line Direction',#2125,1.) ;
#2133=VECTOR('Line Direction',#2132,1.) ;
#2157=VECTOR('Line Direction',#2156,1.) ;
#2174=VECTOR('Line Direction',#2173,1.) ;
#2181=VECTOR('Line Direction',#2180,1.) ;
#2205=VECTOR('Line Direction',#2204,1.) ;
#2222=VECTOR('Line Direction',#2221,1.) ;
#2229=VECTOR('Line Direction',#2228,1.) ;
#2253=VECTOR('Line Direction',#2252,1.) ;
#2270=VECTOR('Line Direction',#2269,1.) ;
#2277=VECTOR('Line Direction',#2276,1.) ;
#2311=VECTOR('Line Direction',#2310,1.) ;
#2347=VECTOR('Line Direction',#2346,1.) ;
#2352=VECTOR('Line Direction',#2351,1.) ;
#2372=VECTOR('Line Direction',#2371,1.) ;
#2386=VECTOR('Line Direction',#2385,1.) ;
#2400=VECTOR('Line Direction',#2399,1.) ;
#2414=VECTOR('Line Direction',#2413,1.) ;
#2451=VECTOR('Line Direction',#2450,1.) ;
#2456=VECTOR('Line Direction',#2455,1.) ;
#2528=VECTOR('Line Direction',#2527,1.) ;
#2545=VECTOR('Line Direction',#2544,1.) ;
#2563=VECTOR('Line Direction',#2562,1.) ;
#2709=VECTOR('Line Direction',#2708,1.) ;
#2714=VECTOR('Line Direction',#2713,1.) ;
#2731=VECTOR('Line Direction',#2730,1.) ;
#2738=VECTOR('Line Direction',#2737,1.) ;
#2767=VECTOR('Line Direction',#2766,1.) ;
#2790=VECTOR('Line Direction',#2789,1.) ;
#2813=VECTOR('Line Direction',#2812,1.) ;
#2836=VECTOR('Line Direction',#2835,1.) ;
#2851=VECTOR('Line Direction',#2850,1.) ;
#2876=VECTOR('Line Direction',#2875,1.) ;
#2899=VECTOR('Line Direction',#2898,1.) ;
#2922=VECTOR('Line Direction',#2921,1.) ;
#2966=VECTOR('Line Direction',#2965,1.) ;
#2983=VECTOR('Line Direction',#2982,1.) ;
#2990=VECTOR('Line Direction',#2989,1.) ;
#3014=VECTOR('Line Direction',#3013,1.) ;
#3031=VECTOR('Line Direction',#3030,1.) ;
#3038=VECTOR('Line Direction',#3037,1.) ;
#3049=VECTOR('Line Direction',#3048,1.) ;
#3065=VECTOR('Line Direction',#3064,1.) ;
#3079=VECTOR('Line Direction',#3078,1.) ;
#3093=VECTOR('Line Direction',#3092,1.) ;
#3115=VECTOR('Line Direction',#3114,1.) ;
#3131=VECTOR('Line Direction',#3130,1.) ;
#3145=VECTOR('Line Direction',#3144,1.) ;
#3159=VECTOR('Line Direction',#3158,1.) ;
#3181=VECTOR('Line Direction',#3180,1.) ;
#3197=VECTOR('Line Direction',#3196,1.) ;
#3211=VECTOR('Line Direction',#3210,1.) ;
#3225=VECTOR('Line Direction',#3224,1.) ;
#3260=VECTOR('Line Direction',#3259,1.) ;
#3277=VECTOR('Line Direction',#3276,1.) ;
#3335=VECTOR('Line Direction',#3334,1.) ;
#3349=VECTOR('Line Direction',#3348,1.) ;
#3363=VECTOR('Line Direction',#3362,1.) ;
#3377=VECTOR('Line Direction',#3376,1.) ;
#3398=VECTOR('Line Direction',#3397,1.) ;
#3405=VECTOR('Line Direction',#3404,1.) ;
#3429=VECTOR('Line Direction',#3428,1.) ;
#3436=VECTOR('Line Direction',#3435,1.) ;
#3453=VECTOR('Line Direction',#3452,1.) ;
#3477=VECTOR('Line Direction',#3476,1.) ;
#3484=VECTOR('Line Direction',#3483,1.) ;
#3501=VECTOR('Line Direction',#3500,1.) ;
#3525=VECTOR('Line Direction',#3524,1.) ;
#3532=VECTOR('Line Direction',#3531,1.) ;
#3549=VECTOR('Line Direction',#3548,1.) ;
#3573=VECTOR('Line Direction',#3572,1.) ;
#3590=VECTOR('Line Direction',#3589,1.) ;
#3597=VECTOR('Line Direction',#3596,1.) ;
#3604=VECTOR('Line Direction',#3603,1.) ;
#3621=VECTOR('Line Direction',#3620,1.) ;
#3640=VECTOR('Line Direction',#3639,1.) ;
#3647=VECTOR('Line Direction',#3646,1.) ;
#3664=VECTOR('Line Direction',#3663,1.) ;
#3688=VECTOR('Line Direction',#3687,1.) ;
#3695=VECTOR('Line Direction',#3694,1.) ;
#3712=VECTOR('Line Direction',#3711,1.) ;
#3731=VECTOR('Line Direction',#3730,1.) ;
#3738=VECTOR('Line Direction',#3737,1.) ;
#3767=VECTOR('Line Direction',#3766,1.) ;
#3776=VECTOR('Line Direction',#3775,1.) ;
#3781=VECTOR('Line Direction',#3780,1.) ;
#3805=VECTOR('Line Direction',#3804,1.) ;
#3817=VECTOR('Line Direction',#3816,1.) ;
#3824=VECTOR('Line Direction',#3823,1.) ;
#3848=VECTOR('Line Direction',#3847,1.) ;
#3860=VECTOR('Line Direction',#3859,1.) ;
#3867=VECTOR('Line Direction',#3866,1.) ;
#3886=VECTOR('Line Direction',#3885,1.) ;
#3898=VECTOR('Line Direction',#3897,1.) ;
#3905=VECTOR('Line Direction',#3904,1.) ;
#3929=VECTOR('Line Direction',#3928,1.) ;
#3936=VECTOR('Line Direction',#3935,1.) ;
#3943=VECTOR('Line Direction',#3942,1.) ;
#3962=VECTOR('Line Direction',#3961,1.) ;
#3974=VECTOR('Line Direction',#3973,1.) ;
#3981=VECTOR('Line Direction',#3980,1.) ;
#4000=VECTOR('Line Direction',#3999,1.) ;
#4012=VECTOR('Line Direction',#4011,1.) ;
#4019=VECTOR('Line Direction',#4018,1.) ;
#4043=VECTOR('Line Direction',#4042,1.) ;
#4055=VECTOR('Line Direction',#4054,1.) ;
#4062=VECTOR('Line Direction',#4061,1.) ;
#4091=VECTOR('Line Direction',#4090,1.) ;
#4100=VECTOR('Line Direction',#4099,1.) ;
#4105=VECTOR('Line Direction',#4104,1.) ;
#4129=VECTOR('Line Direction',#4128,1.) ;
#4146=VECTOR('Line Direction',#4145,1.) ;
#4153=VECTOR('Line Direction',#4152,1.) ;
#4177=VECTOR('Line Direction',#4176,1.) ;
#4189=VECTOR('Line Direction',#4188,1.) ;
#4196=VECTOR('Line Direction',#4195,1.) ;
#4220=VECTOR('Line Direction',#4219,1.) ;
#4237=VECTOR('Line Direction',#4236,1.) ;
#4244=VECTOR('Line Direction',#4243,1.) ;
#4278=VECTOR('Line Direction',#4277,1.) ;
#4292=VECTOR('Line Direction',#4291,1.) ;
#4309=VECTOR('Line Direction',#4308,1.) ;
#4316=VECTOR('Line Direction',#4315,1.) ;
#4340=VECTOR('Line Direction',#4339,1.) ;
#4357=VECTOR('Line Direction',#4356,1.) ;
#4364=VECTOR('Line Direction',#4363,1.) ;
#4418=VECTOR('Line Direction',#4417,1.) ;
#4435=VECTOR('Line Direction',#4434,1.) ;
#4442=VECTOR('Line Direction',#4441,1.) ;
#4466=VECTOR('Line Direction',#4465,1.) ;
#4483=VECTOR('Line Direction',#4482,1.) ;
#4579=VECTOR('Line Direction',#4578,1.) ;
#4593=VECTOR('Line Direction',#4592,1.) ;
#4682=VECTOR('Line Direction',#4681,1.) ;
#4687=VECTOR('Line Direction',#4686,1.) ;
#4537=ADVANCED_BREP_SHAPE_REPRESENTATION('NONE',(#4536),#53) ;
#4760=ADVANCED_BREP_SHAPE_REPRESENTATION('NONE',(#4759),#4553) ;
#44=SHAPE_REPRESENTATION(' ',(#4544,#4767,#4782),#51) ;
#54=SHAPE_REPRESENTATION(' ',(#4545,#4783),#53) ;
#4554=SHAPE_REPRESENTATION(' ',(#4768),#4553) ;
#102=ADVANCED_FACE('\X2\96F64EF651E04F554F53\X0\',(#101),#67,.T.) ;
#124=ADVANCED_FACE('\X2\96F64EF651E04F554F53\X0\',(#123),#107,.T.) ;
#152=ADVANCED_FACE('\X2\96F64EF651E04F554F53\X0\',(#147,#151),#129,.T.) ;
#162=ADVANCED_FACE('\X2\96F64EF651E04F554F53\X0\',(#161),#157,.T.) ;
#391=ADVANCED_FACE('\X2\96F64EF651E04F554F53\X0\',(#356,#390),#167,.T.) ;
#556=ADVANCED_FACE('\X2\96F64EF651E04F554F53\X0\',(#521,#555),#396,.T.) ;
#587=ADVANCED_FACE('\X2\96F64EF651E04F554F53\X0\',(#586),#561,.T.) ;
#611=ADVANCED_FACE('\X2\96F64EF651E04F554F53\X0\',(#610),#592,.T.) ;
#635=ADVANCED_FACE('\X2\96F64EF651E04F554F53\X0\',(#634),#616,.T.) ;
#675=ADVANCED_FACE('\X2\96F64EF651E04F554F53\X0\',(#674),#640,.F.) ;
#699=ADVANCED_FACE('\X2\96F64EF651E04F554F53\X0\',(#698),#680,.T.) ;
#732=ADVANCED_FACE('\X2\96F64EF651E04F554F53\X0\',(#731),#704,.T.) ;
#772=ADVANCED_FACE('\X2\96F64EF651E04F554F53\X0\',(#771),#737,.F.) ;
#791=ADVANCED_FACE('\X2\96F64EF651E04F554F53\X0\',(#790),#680,.T.) ;
#824=ADVANCED_FACE('\X2\96F64EF651E04F554F53\X0\',(#823),#796,.T.) ;
#851=ADVANCED_FACE('\X2\96F64EF651E04F554F53\X0\',(#850),#796,.T.) ;
#875=ADVANCED_FACE('\X2\96F64EF651E04F554F53\X0\',(#874),#856,.F.) ;
#895=ADVANCED_FACE('\X2\96F64EF651E04F554F53\X0\',(#894),#737,.F.) ;
#922=ADVANCED_FACE('\X2\96F64EF651E04F554F53\X0\',(#921),#704,.T.) ;
#941=ADVANCED_FACE('\X2\96F64EF651E04F554F53\X0\',(#940),#856,.F.) ;
#961=ADVANCED_FACE('\X2\96F64EF651E04F554F53\X0\',(#960),#640,.F.) ;
#992=ADVANCED_FACE('\X2\96F64EF651E04F554F53\X0\',(#991),#966,.F.) ;
#1016=ADVANCED_FACE('\X2\96F64EF651E04F554F53\X0\',(#1015),#997,.T.) ;
#1040=ADVANCED_FACE('\X2\96F64EF651E04F554F53\X0\',(#1039),#1021,.T.) ;
#1052=ADVANCED_FACE('\X2\96F64EF651E04F554F53\X0\',(#1051),#997,.T.) ;
#1083=ADVANCED_FACE('\X2\96F64EF651E04F554F53\X0\',(#1082),#1057,.T.) ;
#1095=ADVANCED_FACE('\X2\96F64EF651E04F554F53\X0\',(#1094),#856,.F.) ;
#1107=ADVANCED_FACE('\X2\96F64EF651E04F554F53\X0\',(#1106),#856,.F.) ;
#1119=ADVANCED_FACE('\X2\96F64EF651E04F554F53\X0\',(#1118),#680,.T.) ;
#1131=ADVANCED_FACE('\X2\96F64EF651E04F554F53\X0\',(#1130),#680,.T.) ;
#1162=ADVANCED_FACE('\X2\96F64EF651E04F554F53\X0\',(#1161),#1136,.T.) ;
#1174=ADVANCED_FACE('\X2\96F64EF651E04F554F53\X0\',(#1173),#592,.T.) ;
#1200=ADVANCED_FACE('\X2\96F64EF651E04F554F53\X0\',(#1199),#966,.F.) ;
#1224=ADVANCED_FACE('\X2\96F64EF651E04F554F53\X0\',(#1223),#1205,.F.) ;
#1243=ADVANCED_FACE('\X2\96F64EF651E04F554F53\X0\',(#1242),#1021,.T.) ;
#1255=ADVANCED_FACE('\X2\96F64EF651E04F554F53\X0\',(#1254),#1205,.F.) ;
#1319=ADVANCED_FACE('\X2\96F64EF651E04F554F53\X0\',(#1318),#1260,.F.) ;
#1345=ADVANCED_FACE('\X2\96F64EF651E04F554F53\X0\',(#1344),#1324,.T.) ;
#1369=ADVANCED_FACE('\X2\96F64EF651E04F554F53\X0\',(#1368),#1350,.T.) ;
#1507=ADVANCED_FACE('\X2\96F64EF651E04F554F53\X0\',(#1440,#1506),#1374,.F.) ;
#1526=ADVANCED_FACE('\X2\96F64EF651E04F554F53\X0\',(#1525),#1512,.T.) ;
#1543=ADVANCED_FACE('\X2\96F64EF651E04F554F53\X0\',(#1542),#1531,.T.) ;
#1555=ADVANCED_FACE('\X2\96F64EF651E04F554F53\X0\',(#1554),#1548,.T.) ;
#1567=ADVANCED_FACE('\X2\96F64EF651E04F554F53\X0\',(#1566),#1531,.T.) ;
#1574=ADVANCED_FACE('\X2\96F64EF651E04F554F53\X0\',(#1573),#1548,.T.) ;
#1586=ADVANCED_FACE('\X2\96F64EF651E04F554F53\X0\',(#1585),#1579,.T.) ;
#1593=ADVANCED_FACE('\X2\96F64EF651E04F554F53\X0\',(#1592),#1579,.T.) ;
#1600=ADVANCED_FACE('\X2\96F64EF651E04F554F53\X0\',(#1599),#1548,.T.) ;
#1626=ADVANCED_FACE('\X2\96F64EF651E04F554F53\X0\',(#1625),#1605,.T.) ;
#1652=ADVANCED_FACE('\X2\96F64EF651E04F554F53\X0\',(#1651),#1631,.T.) ;
#1669=ADVANCED_FACE('\X2\96F64EF651E04F554F53\X0\',(#1668),#1657,.T.) ;
#1676=ADVANCED_FACE('\X2\96F64EF651E04F554F53\X0\',(#1675),#1531,.T.) ;
#1707=ADVANCED_FACE('\X2\96F64EF651E04F554F53\X0\',(#1706),#1681,.T.) ;
#1746=ADVANCED_FACE('\X2\96F64EF651E04F554F53\X0\',(#1745),#1712,.T.) ;
#1777=ADVANCED_FACE('\X2\96F64EF651E04F554F53\X0\',(#1776),#1751,.T.) ;
#1794=ADVANCED_FACE('\X2\96F64EF651E04F554F53\X0\',(#1793),#1782,.T.) ;
#1818=ADVANCED_FACE('\X2\96F64EF651E04F554F53\X0\',(#1817),#1799,.T.) ;
#1845=ADVANCED_FACE('\X2\96F64EF651E04F554F53\X0\',(#1844),#1823,.T.) ;
#1869=ADVANCED_FACE('\X2\96F64EF651E04F554F53\X0\',(#1868),#1850,.T.) ;
#1893=ADVANCED_FACE('\X2\96F64EF651E04F554F53\X0\',(#1892),#1874,.F.) ;
#1924=ADVANCED_FACE('\X2\96F64EF651E04F554F53\X0\',(#1923),#1898,.T.) ;
#1955=ADVANCED_FACE('\X2\96F64EF651E04F554F53\X0\',(#1954),#1929,.T.) ;
#1997=ADVANCED_FACE('\X2\96F64EF651E04F554F53\X0\',(#1996),#1960,.T.) ;
#2021=ADVANCED_FACE('\X2\96F64EF651E04F554F53\X0\',(#2020),#2002,.T.) ;
#2045=ADVANCED_FACE('\X2\96F64EF651E04F554F53\X0\',(#2044),#2026,.T.) ;
#2062=ADVANCED_FACE('\X2\96F64EF651E04F554F53\X0\',(#2061),#2050,.T.) ;
#2079=ADVANCED_FACE('\X2\96F64EF651E04F554F53\X0\',(#2078),#2067,.T.) ;
#2111=ADVANCED_FACE('\X2\96F64EF651E04F554F53\X0\',(#2110),#2084,.T.) ;
#2142=ADVANCED_FACE('\X2\96F64EF651E04F554F53\X0\',(#2141),#2116,.F.) ;
#2166=ADVANCED_FACE('\X2\96F64EF651E04F554F53\X0\',(#2165),#2147,.F.) ;
#2190=ADVANCED_FACE('\X2\96F64EF651E04F554F53\X0\',(#2189),#2171,.F.) ;
#2214=ADVANCED_FACE('\X2\96F64EF651E04F554F53\X0\',(#2213),#2195,.F.) ;
#2238=ADVANCED_FACE('\X2\96F64EF651E04F554F53\X0\',(#2237),#2219,.F.) ;
#2262=ADVANCED_FACE('\X2\96F64EF651E04F554F53\X0\',(#2261),#2243,.F.) ;
#2286=ADVANCED_FACE('\X2\96F64EF651E04F554F53\X0\',(#2285),#2267,.F.) ;
#2303=ADVANCED_FACE('\X2\96F64EF651E04F554F53\X0\',(#2302),#2291,.F.) ;
#2320=ADVANCED_FACE('\X2\96F64EF651E04F554F53\X0\',(#2319),#2308,.F.) ;
#2339=ADVANCED_FACE('\X2\96F64EF651E04F554F53\X0\',(#2338),#2325,.T.) ;
#2427=ADVANCED_FACE('\X2\96F64EF651E04F554F53\X0\',(#2360,#2426),#2344,.T.) ;
#2443=ADVANCED_FACE('\X2\96F64EF651E04F554F53\X0\',(#2442),#2432,.T.) ;
#2465=ADVANCED_FACE('\X2\96F64EF651E04F554F53\X0\',(#2464),#2448,.F.) ;
#2488=ADVANCED_FACE('\X2\96F64EF651E04F554F53\X0\',(#2487),#2470,.T.) ;
#2504=ADVANCED_FACE('\X2\96F64EF651E04F554F53\X0\',(#2503),#2493,.T.) ;
#2520=ADVANCED_FACE('\X2\96F64EF651E04F554F53\X0\',(#2519),#2509,.T.) ;
#2537=ADVANCED_FACE('\X2\96F64EF651E04F554F53\X0\',(#2536),#2525,.F.) ;
#2555=ADVANCED_FACE('\X2\96F64EF651E04F554F53\X0\',(#2554),#2542,.F.) ;
#2572=ADVANCED_FACE('\X2\96F64EF651E04F554F53\X0\',(#2571),#2560,.F.) ;
#2588=ADVANCED_FACE('\X2\96F64EF651E04F554F53\X0\',(#2587),#2577,.T.) ;
#2604=ADVANCED_FACE('\X2\96F64EF651E04F554F53\X0\',(#2603),#2593,.T.) ;
#2620=ADVANCED_FACE('\X2\96F64EF651E04F554F53\X0\',(#2619),#2609,.T.) ;
#2636=ADVANCED_FACE('\X2\96F64EF651E04F554F53\X0\',(#2635),#2625,.T.) ;
#2652=ADVANCED_FACE('\X2\96F64EF651E04F554F53\X0\',(#2651),#2641,.T.) ;
#2668=ADVANCED_FACE('\X2\96F64EF651E04F554F53\X0\',(#2667),#2657,.T.) ;
#2680=ADVANCED_FACE('\X2\96F64EF651E04F554F53\X0\',(#2679),#2673,.T.) ;
#2692=ADVANCED_FACE('\X2\96F64EF651E04F554F53\X0\',(#2691),#2685,.T.) ;
#2723=ADVANCED_FACE('\X2\96F64EF651E04F554F53\X0\',(#2722),#2697,.T.) ;
#2951=ADVANCED_FACE('\X2\96F64EF651E04F554F53\X0\',(#2746,#2848,#2950),#2728,.F.) ;
#2975=ADVANCED_FACE('\X2\96F64EF651E04F554F53\X0\',(#2974),#2956,.T.) ;
#2999=ADVANCED_FACE('\X2\96F64EF651E04F554F53\X0\',(#2998),#2980,.F.) ;
#3023=ADVANCED_FACE('\X2\96F64EF651E04F554F53\X0\',(#3022),#3004,.T.) ;
#3245=ADVANCED_FACE('\X2\96F64EF651E04F554F53\X0\',(#3046,#3112,#3178,#3244),#3028,.F.) ;
#3269=ADVANCED_FACE('\X2\96F64EF651E04F554F53\X0\',(#3268),#3250,.T.) ;
#3286=ADVANCED_FACE('\X2\96F64EF651E04F554F53\X0\',(#3285),#3274,.F.) ;
#3299=ADVANCED_FACE('\X2\96F64EF651E04F554F53\X0\',(#3298),#3291,.T.) ;
#3390=ADVANCED_FACE('\X2\96F64EF651E04F554F53\X0\',(#3314,#3389),#3304,.T.) ;
#3421=ADVANCED_FACE('\X2\96F64EF651E04F554F53\X0\',(#3420),#3395,.F.) ;
#3445=ADVANCED_FACE('\X2\96F64EF651E04F554F53\X0\',(#3444),#3426,.F.) ;
#3469=ADVANCED_FACE('\X2\96F64EF651E04F554F53\X0\',(#3468),#3450,.F.) ;
#3493=ADVANCED_FACE('\X2\96F64EF651E04F554F53\X0\',(#3492),#3474,.F.) ;
#3517=ADVANCED_FACE('\X2\96F64EF651E04F554F53\X0\',(#3516),#3498,.F.) ;
#3541=ADVANCED_FACE('\X2\96F64EF651E04F554F53\X0\',(#3540),#3522,.F.) ;
#3565=ADVANCED_FACE('\X2\96F64EF651E04F554F53\X0\',(#3564),#3546,.F.) ;
#3582=ADVANCED_FACE('\X2\96F64EF651E04F554F53\X0\',(#3581),#3570,.F.) ;
#3613=ADVANCED_FACE('\X2\96F64EF651E04F554F53\X0\',(#3612),#3587,.T.) ;
#3637=ADVANCED_FACE('\X2\96F64EF651E04F554F53\X0\',(#3636),#3618,.F.) ;
#3656=ADVANCED_FACE('\X2\96F64EF651E04F554F53\X0\',(#3655),#3474,.F.) ;
#3680=ADVANCED_FACE('\X2\96F64EF651E04F554F53\X0\',(#3679),#3661,.F.) ;
#3704=ADVANCED_FACE('\X2\96F64EF651E04F554F53\X0\',(#3703),#3685,.T.) ;
#3728=ADVANCED_FACE('\X2\96F64EF651E04F554F53\X0\',(#3727),#3709,.F.) ;
#3747=ADVANCED_FACE('\X2\96F64EF651E04F554F53\X0\',(#3746),#3570,.F.) ;
#3764=ADVANCED_FACE('\X2\96F64EF651E04F554F53\X0\',(#3763),#3752,.F.) ;
#3790=ADVANCED_FACE('\X2\96F64EF651E04F554F53\X0\',(#3789),#3685,.T.) ;
#3814=ADVANCED_FACE('\X2\96F64EF651E04F554F53\X0\',(#3813),#3795,.F.) ;
#3833=ADVANCED_FACE('\X2\96F64EF651E04F554F53\X0\',(#3832),#3474,.F.) ;
#3857=ADVANCED_FACE('\X2\96F64EF651E04F554F53\X0\',(#3856),#3838,.F.) ;
#3876=ADVANCED_FACE('\X2\96F64EF651E04F554F53\X0\',(#3875),#3587,.T.) ;
#3895=ADVANCED_FACE('\X2\96F64EF651E04F554F53\X0\',(#3894),#3752,.F.) ;
#3914=ADVANCED_FACE('\X2\96F64EF651E04F554F53\X0\',(#3913),#3570,.F.) ;
#3926=ADVANCED_FACE('\X2\96F64EF651E04F554F53\X0\',(#3925),#3709,.F.) ;
#3952=ADVANCED_FACE('\X2\96F64EF651E04F554F53\X0\',(#3951),#3426,.F.) ;
#3971=ADVANCED_FACE('\X2\96F64EF651E04F554F53\X0\',(#3970),#3395,.F.) ;
#3990=ADVANCED_FACE('\X2\96F64EF651E04F554F53\X0\',(#3989),#3570,.F.) ;
#4009=ADVANCED_FACE('\X2\96F64EF651E04F554F53\X0\',(#4008),#3546,.F.) ;
#4028=ADVANCED_FACE('\X2\96F64EF651E04F554F53\X0\',(#4027),#3522,.F.) ;
#4052=ADVANCED_FACE('\X2\96F64EF651E04F554F53\X0\',(#4051),#4033,.F.) ;
#4071=ADVANCED_FACE('\X2\96F64EF651E04F554F53\X0\',(#4070),#3474,.F.) ;
#4088=ADVANCED_FACE('\X2\96F64EF651E04F554F53\X0\',(#4087),#4076,.F.) ;
#4114=ADVANCED_FACE('\X2\96F64EF651E04F554F53\X0\',(#4113),#3426,.T.) ;
#4138=ADVANCED_FACE('\X2\96F64EF651E04F554F53\X0\',(#4137),#4119,.F.) ;
#4162=ADVANCED_FACE('\X2\96F64EF651E04F554F53\X0\',(#4161),#4143,.F.) ;
#4186=ADVANCED_FACE('\X2\96F64EF651E04F554F53\X0\',(#4185),#4167,.F.) ;
#4205=ADVANCED_FACE('\X2\96F64EF651E04F554F53\X0\',(#4204),#3685,.F.) ;
#4229=ADVANCED_FACE('\X2\96F64EF651E04F554F53\X0\',(#4228),#4210,.F.) ;
#4253=ADVANCED_FACE('\X2\96F64EF651E04F554F53\X0\',(#4252),#4234,.F.) ;
#4270=ADVANCED_FACE('\X2\96F64EF651E04F554F53\X0\',(#4269),#4258,.F.) ;
#4301=ADVANCED_FACE('\X2\96F64EF651E04F554F53\X0\',(#4300),#4275,.F.) ;
#4325=ADVANCED_FACE('\X2\96F64EF651E04F554F53\X0\',(#4324),#4306,.F.) ;
#4349=ADVANCED_FACE('\X2\96F64EF651E04F554F53\X0\',(#4348),#4330,.F.) ;
#4403=ADVANCED_FACE('\X2\96F64EF651E04F554F53\X0\',(#4372,#4382,#4392,#4402),#4354,.F.) ;
#4427=ADVANCED_FACE('\X2\96F64EF651E04F554F53\X0\',(#4426),#4408,.F.) ;
#4451=ADVANCED_FACE('\X2\96F64EF651E04F554F53\X0\',(#4450),#4432,.F.) ;
#4475=ADVANCED_FACE('\X2\96F64EF651E04F554F53\X0\',(#4474),#4456,.F.) ;
#4492=ADVANCED_FACE('\X2\96F64EF651E04F554F53\X0\',(#4491),#4480,.F.) ;
#4508=ADVANCED_FACE('\X2\96F64EF651E04F554F53\X0\',(#4507),#4497,.T.) ;
#4519=ADVANCED_FACE('\X2\96F64EF651E04F554F53\X0\',(#4518),#4497,.T.) ;
#4535=ADVANCED_FACE('\X2\96F64EF651E04F554F53\X0\',(#4534),#4524,.T.) ;
#4602=ADVANCED_FACE('\X2\96F64EF651E04F554F53\X0\',(#4601),#4567,.T.) ;
#4633=ADVANCED_FACE('\X2\96F64EF651E04F554F53\X0\',(#4632),#4607,.T.) ;
#4655=ADVANCED_FACE('\X2\96F64EF651E04F554F53\X0\',(#4654),#4638,.T.) ;
#4665=ADVANCED_FACE('\X2\96F64EF651E04F554F53\X0\',(#4664),#4660,.T.) ;
#4696=ADVANCED_FACE('\X2\96F64EF651E04F554F53\X0\',(#4695),#4670,.T.) ;
#4713=ADVANCED_FACE('\X2\96F64EF651E04F554F53\X0\',(#4712),#4701,.T.) ;
#4746=ADVANCED_FACE('\X2\96F64EF651E04F554F53\X0\',(#4745),#4718,.F.) ;
#4758=ADVANCED_FACE('\X2\96F64EF651E04F554F53\X0\',(#4757),#4751,.T.) ;
#4=APPLICATION_PROTOCOL_DEFINITION('international standard','config_control_design',1994,#1) ;
#35=APPROVAL_DATE_TIME(#13,#24) ;
#177=B_SPLINE_CURVE_WITH_KNOTS('',4,(#178,#179,#180,#181,#182),.UNSPECIFIED.,.F.,.U.,(5,5),(0.,3.12891152032),.UNSPECIFIED.) ;
#193=B_SPLINE_CURVE_WITH_KNOTS('',4,(#194,#195,#196,#197,#198),.UNSPECIFIED.,.F.,.U.,(5,5),(0.,3.12891152038),.UNSPECIFIED.) ;
#397=B_SPLINE_CURVE_WITH_KNOTS('',4,(#398,#399,#400,#401,#402),.UNSPECIFIED.,.F.,.U.,(5,5),(0.,3.12891152033),.UNSPECIFIED.) ;
#482=B_SPLINE_CURVE_WITH_KNOTS('',4,(#483,#484,#485,#486,#487),.UNSPECIFIED.,.F.,.U.,(5,5),(0.,3.12891152037),.UNSPECIFIED.) ;
#1325=B_SPLINE_CURVE_WITH_KNOTS('',5,(#1326,#1327,#1328,#1329,#1330,#1331),.UNSPECIFIED.,.F.,.U.,(6,6),(0.,1.19857974368),.UNSPECIFIED.) ;
#1513=B_SPLINE_CURVE_WITH_KNOTS('',5,(#1514,#1515,#1516,#1517,#1518,#1519),.UNSPECIFIED.,.F.,.U.,(6,6),(0.,1.19815236532),.UNSPECIFIED.) ;
#1613=B_SPLINE_CURVE_WITH_KNOTS('',5,(#1614,#1615,#1616,#1617,#1618,#1619),.UNSPECIFIED.,.F.,.U.,(6,6),(0.,1.19815236532),.UNSPECIFIED.) ;
#1632=B_SPLINE_CURVE_WITH_KNOTS('',5,(#1633,#1634,#1635,#1636,#1637,#1638),.UNSPECIFIED.,.F.,.U.,(6,6),(0.,1.19857974368),.UNSPECIFIED.) ;
#1831=B_SPLINE_CURVE_WITH_KNOTS('',5,(#1832,#1833,#1834,#1835,#1836,#1837),.UNSPECIFIED.,.F.,.U.,(6,6),(0.,1.36459918793),.UNSPECIFIED.) ;
#1970=B_SPLINE_CURVE_WITH_KNOTS('',5,(#1971,#1972,#1973,#1974,#1975,#1976),.UNSPECIFIED.,.F.,.U.,(6,6),(0.,1.35128470101),.UNSPECIFIED.) ;
#2326=B_SPLINE_CURVE_WITH_KNOTS('',5,(#2327,#2328,#2329,#2330,#2331,#2332),.UNSPECIFIED.,.F.,.U.,(6,6),(0.,1.19815236532),.UNSPECIFIED.) ;
#2747=B_SPLINE_CURVE_WITH_KNOTS('',5,(#2748,#2749,#2750,#2751,#2752,#2753,#2754,#2755,#2756,#2757,#2758,#2759),.UNSPECIFIED.,.F.,.U.,(6,3,3,6),(0.,0.0881334316387,0.176266864669,0.220604546666),.UNSPECIFIED.) ;
#2772=B_SPLINE_CURVE_WITH_KNOTS('',5,(#2773,#2774,#2775,#2776,#2777,#2778,#2779,#2780,#2781,#2782,#2783,#2784),.UNSPECIFIED.,.F.,.U.,(6,3,3,6),(0.,0.0881334316387,0.176266864669,0.220604546666),.UNSPECIFIED.) ;
#2795=B_SPLINE_CURVE_WITH_KNOTS('',5,(#2796,#2797,#2798,#2799,#2800,#2801,#2802,#2803,#2804,#2805,#2806,#2807),.UNSPECIFIED.,.F.,.U.,(6,3,3,6),(0.,0.0881334316387,0.176266864669,0.220604546666),.UNSPECIFIED.) ;
#2818=B_SPLINE_CURVE_WITH_KNOTS('',5,(#2819,#2820,#2821,#2822,#2823,#2824,#2825,#2826,#2827,#2828,#2829,#2830),.UNSPECIFIED.,.F.,.U.,(6,3,3,6),(0.,0.0881334316387,0.176266864669,0.220604546666),.UNSPECIFIED.) ;
#2858=B_SPLINE_CURVE_WITH_KNOTS('',5,(#2859,#2860,#2861,#2862,#2863,#2864,#2865,#2866,#2867,#2868,#2869,#2870),.UNSPECIFIED.,.F.,.U.,(6,3,3,6),(0.,0.0881334316387,0.176266864669,0.220604546666),.UNSPECIFIED.) ;
#2881=B_SPLINE_CURVE_WITH_KNOTS('',5,(#2882,#2883,#2884,#2885,#2886,#2887,#2888,#2889,#2890,#2891,#2892,#2893),.UNSPECIFIED.,.F.,.U.,(6,3,3,6),(0.,0.0881334316387,0.176266864669,0.220604546666),.UNSPECIFIED.) ;
#2904=B_SPLINE_CURVE_WITH_KNOTS('',5,(#2905,#2906,#2907,#2908,#2909,#2910,#2911,#2912,#2913,#2914,#2915,#2916),.UNSPECIFIED.,.F.,.U.,(6,3,3,6),(0.,0.0881334316387,0.176266864669,0.220604546666),.UNSPECIFIED.) ;
#2927=B_SPLINE_CURVE_WITH_KNOTS('',5,(#2928,#2929,#2930,#2931,#2932,#2933,#2934,#2935,#2936,#2937,#2938,#2939),.UNSPECIFIED.,.F.,.U.,(6,3,3,6),(0.,0.0881334316387,0.176266864669,0.220604546666),.UNSPECIFIED.) ;
#3315=B_SPLINE_CURVE_WITH_KNOTS('',5,(#3316,#3317,#3318,#3319,#3320,#3321,#3322,#3323,#3324,#3325,#3326,#3327),.UNSPECIFIED.,.F.,.U.,(6,3,3,6),(0.,0.444276376245,0.888552745298,1.11024115938),.UNSPECIFIED.) ;
#4719=B_SPLINE_CURVE_WITH_KNOTS('',5,(#4720,#4721,#4722,#4723,#4724,#4725,#4726,#4727,#4728,#4729,#4730,#4731,#4732,#4733,#4734,#4735,#4736,#4737,#4738,#4739,#4740),.UNSPECIFIED.,.F.,.U.,(6,3,3,3,3,3,6),(0.,2.29777578422,4.59555156816,6.89332734643,9.1911031336,11.4888789269,12.2171489381),.UNSPECIFIED.) ;
#4536=MANIFOLD_SOLID_BREP('\X2\96F64EF651E04F554F53\X0\',#62) ;
#4759=MANIFOLD_SOLID_BREP('\X2\96F64EF651E04F554F53\X0\',#4562) ;
#11=CALENDAR_DATE(2023,20,2) ;
#33=CC_DESIGN_APPROVAL(#24,(#19,#6,#17)) ;
#21=CC_DESIGN_DATE_AND_TIME_ASSIGNMENT(#13,#20,(#19)) ;
#32=CC_DESIGN_DATE_AND_TIME_ASSIGNMENT(#13,#31,(#17)) ;
#20=DATE_TIME_ROLE('classification_date') ;
#31=DATE_TIME_ROLE('creation_date') ;
#30=CC_DESIGN_PERSON_AND_ORGANIZATION_ASSIGNMENT(#28,#29,(#19)) ;
#36=CC_DESIGN_PERSON_AND_ORGANIZATION_ASSIGNMENT(#28,#37,(#6)) ;
#38=CC_DESIGN_PERSON_AND_ORGANIZATION_ASSIGNMENT(#28,#39,(#6,#17)) ;
#40=CC_DESIGN_PERSON_AND_ORGANIZATION_ASSIGNMENT(#28,#41,(#5)) ;
#29=PERSON_AND_ORGANIZATION_ROLE('classification_officer') ;
#37=PERSON_AND_ORGANIZATION_ROLE('design_supplier') ;
#39=PERSON_AND_ORGANIZATION_ROLE('creator') ;
#41=PERSON_AND_ORGANIZATION_ROLE('design_owner') ;
#42=CC_DESIGN_SECURITY_CLASSIFICATION(#19,(#6,#4539,#4762,#4777)) ;
#60=DOCUMENT('44','Part32.CATPart','CATPart document',#59) ;
#4560=DOCUMENT('45','Part33.CATPart','CATPart document',#4559) ;
#59=DOCUMENT_TYPE('') ;
#4559=DOCUMENT_TYPE('') ;
#80=CIRCLE('generated circle',#79,2.75) ;
#94=CIRCLE('generated circle',#93,2.75) ;
#111=CIRCLE('generated circle',#110,2.75) ;
#116=CIRCLE('generated circle',#115,2.75) ;
#133=CIRCLE('generated circle',#132,4.5) ;
#142=CIRCLE('generated circle',#141,4.5) ;
#189=CIRCLE('generated circle',#188,4.5) ;
#219=CIRCLE('generated circle',#218,4.5) ;
#233=CIRCLE('generated circle',#232,4.5) ;
#247=CIRCLE('generated circle',#246,4.5) ;
#261=CIRCLE('generated circle',#260,4.5) ;
#280=CIRCLE('generated circle',#279,4.5) ;
#294=CIRCLE('generated circle',#293,4.5) ;
#308=CIRCLE('generated circle',#307,4.5) ;
#322=CIRCLE('generated circle',#321,4.5) ;
#360=CIRCLE('generated circle',#359,4.5) ;
#376=CIRCLE('generated circle',#375,4.5) ;
#409=CIRCLE('generated circle',#408,4.5) ;
#423=CIRCLE('generated circle',#422,4.5) ;
#428=CIRCLE('generated circle',#427,4.5) ;
#442=CIRCLE('generated circle',#441,4.5) ;
#447=CIRCLE('generated circle',#446,4.5) ;
#461=CIRCLE('generated circle',#460,4.5) ;
#466=CIRCLE('generated circle',#465,4.5) ;
#480=CIRCLE('generated circle',#479,4.5) ;
#494=CIRCLE('generated circle',#493,4.5) ;
#525=CIRCLE('generated circle',#524,4.5) ;
#541=CIRCLE('generated circle',#540,4.5) ;
#579=CIRCLE('generated circle',#578,0.5) ;
#627=CIRCLE('generated circle',#626,0.5) ;
#651=CIRCLE('generated circle',#650,2.74999999968) ;
#658=CIRCLE('generated circle',#657,2.74999999968) ;
#708=CIRCLE('generated circle',#707,2.74999999968) ;
#715=CIRCLE('generated circle',#714,2.74999999968) ;
#748=CIRCLE('generated circle',#747,2.74999999968) ;
#755=CIRCLE('generated circle',#754,2.74999999968) ;
#800=CIRCLE('generated circle',#799,2.74999999968) ;
#807=CIRCLE('generated circle',#806,2.74999999968) ;
#835=CIRCLE('generated circle',#834,2.74999999968) ;
#879=CIRCLE('generated circle',#878,2.74999999968) ;
#906=CIRCLE('generated circle',#905,2.74999999968) ;
#945=CIRCLE('generated circle',#944,2.74999999968) ;
#977=CIRCLE('generated circle',#976,2.74999999968) ;
#1025=CIRCLE('generated circle',#1024,2.74999999968) ;
#1075=CIRCLE('generated circle',#1074,0.5) ;
#1154=CIRCLE('generated circle',#1153,0.5) ;
#1185=CIRCLE('generated circle',#1184,2.74999999968) ;
#1228=CIRCLE('generated circle',#1227,2.74999999968) ;
#1280=CIRCLE('generated circle',#1279,2.99999999884) ;
#1299=CIRCLE('generated circle',#1298,2.99999999884) ;
#1338=CIRCLE('generated circle',#1337,0.5) ;
#1361=CIRCLE('generated circle',#1360,0.5) ;
#1401=CIRCLE('generated circle',#1400,2.99999999884) ;
#1408=CIRCLE('generated circle',#1407,2.99999999884) ;
#1427=CIRCLE('generated circle',#1426,2.99999999884) ;
#1453=CIRCLE('generated circle',#1452,0.200000000632) ;
#1467=CIRCLE('generated circle',#1466,0.200000000632) ;
#1481=CIRCLE('generated circle',#1480,0.200000000632) ;
#1495=CIRCLE('generated circle',#1494,0.200000000632) ;
#1609=CIRCLE('generated circle',#1608,0.5) ;
#1645=CIRCLE('generated circle',#1644,0.5) ;
#1685=CIRCLE('generated circle',#1684,0.5) ;
#1699=CIRCLE('generated circle',#1698,0.5) ;
#1725=CIRCLE('generated circle',#1724,0.5) ;
#1730=CIRCLE('generated circle',#1729,0.5) ;
#1737=CIRCLE('generated circle',#1736,0.5) ;
#1755=CIRCLE('generated circle',#1754,0.5) ;
#1762=CIRCLE('generated circle',#1761,2.5) ;
#1769=CIRCLE('generated circle',#1768,0.5) ;
#1810=CIRCLE('generated circle',#1809,0.5) ;
#1827=CIRCLE('generated circle',#1826,2.5) ;
#1861=CIRCLE('generated circle',#1860,0.5) ;
#1902=CIRCLE('generated circle',#1901,0.5) ;
#1916=CIRCLE('generated circle',#1915,0.5) ;
#1942=CIRCLE('generated circle',#1941,0.5) ;
#1947=CIRCLE('generated circle',#1946,0.5) ;
#1981=CIRCLE('generated circle',#1980,0.5) ;
#1988=CIRCLE('generated circle',#1987,0.5) ;
#2006=CIRCLE('generated circle',#2005,0.5) ;
#2013=CIRCLE('generated circle',#2012,2.5) ;
#2030=CIRCLE('generated circle',#2029,2.5) ;
#2037=CIRCLE('generated circle',#2036,0.5) ;
#2071=CIRCLE('generated circle',#2070,0.5) ;
#2088=CIRCLE('generated circle',#2087,2.5) ;
#2095=CIRCLE('generated circle',#2094,0.5) ;
#2102=CIRCLE('generated circle',#2101,0.5) ;
#2151=CIRCLE('generated circle',#2150,0.2) ;
#2199=CIRCLE('generated circle',#2198,0.2) ;
#2247=CIRCLE('generated circle',#2246,0.2) ;
#2295=CIRCLE('generated circle',#2294,0.2) ;
#2364=CIRCLE('generated circle',#2363,0.50000000158) ;
#2380=CIRCLE('generated circle',#2379,0.50000000158) ;
#2394=CIRCLE('generated circle',#2393,0.50000000158) ;
#2408=CIRCLE('generated circle',#2407,0.50000000158) ;
#2436=CIRCLE('generated circle',#2435,0.5) ;
#2474=CIRCLE('generated circle',#2473,0.5) ;
#2481=CIRCLE('generated circle',#2480,0.5) ;
#2497=CIRCLE('generated circle',#2496,0.5) ;
#2513=CIRCLE('generated circle',#2512,0.5) ;
#2581=CIRCLE('generated circle',#2580,0.5) ;
#2597=CIRCLE('generated circle',#2596,0.5) ;
#2613=CIRCLE('generated circle',#2612,0.5) ;
#2629=CIRCLE('generated circle',#2628,0.5) ;
#2645=CIRCLE('generated circle',#2644,0.5) ;
#2701=CIRCLE('generated circle',#2700,0.5) ;
#2960=CIRCLE('generated circle',#2959,0.5) ;
#3008=CIRCLE('generated circle',#3007,0.5) ;
#3059=CIRCLE('generated circle',#3058,0.100000000316) ;
#3073=CIRCLE('generated circle',#3072,0.100000000316) ;
#3087=CIRCLE('generated circle',#3086,0.100000000316) ;
#3101=CIRCLE('generated circle',#3100,0.100000000316) ;
#3125=CIRCLE('generated circle',#3124,0.100000000316) ;
#3139=CIRCLE('generated circle',#3138,0.100000000316) ;
#3153=CIRCLE('generated circle',#3152,0.100000000316) ;
#3167=CIRCLE('generated circle',#3166,0.100000000316) ;
#3191=CIRCLE('generated circle',#3190,0.100000000316) ;
#3205=CIRCLE('generated circle',#3204,0.100000000316) ;
#3219=CIRCLE('generated circle',#3218,0.100000000316) ;
#3233=CIRCLE('generated circle',#3232,0.100000000316) ;
#3254=CIRCLE('generated circle',#3253,0.5) ;
#3343=CIRCLE('generated circle',#3342,0.499999998401) ;
#3357=CIRCLE('generated circle',#3356,0.499999998401) ;
#3371=CIRCLE('generated circle',#3370,0.499999998401) ;
#3413=CIRCLE('generated circle',#3412,0.1) ;
#3461=CIRCLE('generated circle',#3460,0.1) ;
#3509=CIRCLE('generated circle',#3508,0.1) ;
#3557=CIRCLE('generated circle',#3556,0.1) ;
#3629=CIRCLE('generated circle',#3628,0.1) ;
#3672=CIRCLE('generated circle',#3671,0.1) ;
#3720=CIRCLE('generated circle',#3719,0.1) ;
#3756=CIRCLE('generated circle',#3755,0.1) ;
#3799=CIRCLE('generated circle',#3798,0.1) ;
#3842=CIRCLE('generated circle',#3841,0.1) ;
#3880=CIRCLE('generated circle',#3879,0.1) ;
#3918=CIRCLE('generated circle',#3917,0.1) ;
#3956=CIRCLE('generated circle',#3955,0.1) ;
#3994=CIRCLE('generated circle',#3993,0.1) ;
#4037=CIRCLE('generated circle',#4036,0.1) ;
#4080=CIRCLE('generated circle',#4079,0.1) ;
#4123=CIRCLE('generated circle',#4122,0.1) ;
#4171=CIRCLE('generated circle',#4170,0.1) ;
#4214=CIRCLE('generated circle',#4213,0.1) ;
#4262=CIRCLE('generated circle',#4261,0.1) ;
#4286=CIRCLE('generated circle',#4285,0.5) ;
#4334=CIRCLE('generated circle',#4333,0.5) ;
#4412=CIRCLE('generated circle',#4411,0.5) ;
#4460=CIRCLE('generated circle',#4459,0.5) ;
#4571=CIRCLE('generated circle',#4570,2.75) ;
#4587=CIRCLE('generated circle',#4586,2.75) ;
#4611=CIRCLE('generated circle',#4610,2.75) ;
#4620=CIRCLE('generated circle',#4619,47.25) ;
#4625=CIRCLE('generated circle',#4624,52.75) ;
#4642=CIRCLE('generated circle',#4641,2.75) ;
#4647=CIRCLE('generated circle',#4646,2.75) ;
#4674=CIRCLE('generated circle',#4673,2.75) ;
#4705=CIRCLE('generated circle',#4704,2.75) ;
#4541=CONTEXT_DEPENDENT_SHAPE_REPRESENTATION(#4542,#4540) ;
#4764=CONTEXT_DEPENDENT_SHAPE_REPRESENTATION(#4765,#4763) ;
#4779=CONTEXT_DEPENDENT_SHAPE_REPRESENTATION(#4780,#4778) ;
#4538=SHAPE_REPRESENTATION_RELATIONSHIP(' ',' ',#54,#4537) ;
#4761=SHAPE_REPRESENTATION_RELATIONSHIP(' ',' ',#4554,#4760) ;
#67=CYLINDRICAL_SURFACE('generated cylinder',#66,2.75) ;
#107=CYLINDRICAL_SURFACE('generated cylinder',#106,2.75) ;
#167=CYLINDRICAL_SURFACE('generated cylinder',#166,4.5) ;
#396=CYLINDRICAL_SURFACE('generated cylinder',#395,4.5) ;
#561=CYLINDRICAL_SURFACE('generated cylinder',#560,0.5) ;
#616=CYLINDRICAL_SURFACE('generated cylinder',#615,0.5) ;
#1057=CYLINDRICAL_SURFACE('generated cylinder',#1056,0.5) ;
#1136=CYLINDRICAL_SURFACE('generated cylinder',#1135,0.5) ;
#1350=CYLINDRICAL_SURFACE('generated cylinder',#1349,0.5) ;
#1531=CYLINDRICAL_SURFACE('generated cylinder',#1530,2.75) ;
#1548=CYLINDRICAL_SURFACE('generated cylinder',#1547,2.75) ;
#1579=CYLINDRICAL_SURFACE('generated cylinder',#1578,2.75) ;
#1657=CYLINDRICAL_SURFACE('generated cylinder',#1656,0.5) ;
#1681=CYLINDRICAL_SURFACE('generated cylinder',#1680,0.5) ;
#1712=CYLINDRICAL_SURFACE('generated cylinder',#1711,0.5) ;
#1782=CYLINDRICAL_SURFACE('generated cylinder',#1781,0.5) ;
#1799=CYLINDRICAL_SURFACE('generated cylinder',#1798,0.5) ;
#1850=CYLINDRICAL_SURFACE('generated cylinder',#1849,0.5) ;
#1898=CYLINDRICAL_SURFACE('generated cylinder',#1897,0.5) ;
#1929=CYLINDRICAL_SURFACE('generated cylinder',#1928,0.5) ;
#1960=CYLINDRICAL_SURFACE('generated cylinder',#1959,0.5) ;
#2050=CYLINDRICAL_SURFACE('generated cylinder',#2049,0.5) ;
#2067=CYLINDRICAL_SURFACE('generated cylinder',#2066,0.5) ;
#2147=CYLINDRICAL_SURFACE('generated cylinder',#2146,0.2) ;
#2195=CYLINDRICAL_SURFACE('generated cylinder',#2194,0.2) ;
#2243=CYLINDRICAL_SURFACE('generated cylinder',#2242,0.2) ;
#2291=CYLINDRICAL_SURFACE('generated cylinder',#2290,0.2) ;
#2525=CYLINDRICAL_SURFACE('generated cylinder',#2524,2.5) ;
#2542=CYLINDRICAL_SURFACE('generated cylinder',#2541,2.5) ;
#2673=CYLINDRICAL_SURFACE('generated cylinder',#2672,0.5) ;
#2685=CYLINDRICAL_SURFACE('generated cylinder',#2684,0.5) ;
#2697=CYLINDRICAL_SURFACE('generated cylinder',#2696,0.5) ;
#2956=CYLINDRICAL_SURFACE('generated cylinder',#2955,0.5) ;
#3004=CYLINDRICAL_SURFACE('generated cylinder',#3003,0.5) ;
#3250=CYLINDRICAL_SURFACE('generated cylinder',#3249,0.5) ;
#3291=CYLINDRICAL_SURFACE('generated cylinder',#3290,0.5) ;
#3395=CYLINDRICAL_SURFACE('generated cylinder',#3394,0.1) ;
#3450=CYLINDRICAL_SURFACE('generated cylinder',#3449,0.1) ;
#3498=CYLINDRICAL_SURFACE('generated cylinder',#3497,0.1) ;
#3546=CYLINDRICAL_SURFACE('generated cylinder',#3545,0.1) ;
#3618=CYLINDRICAL_SURFACE('generated cylinder',#3617,0.1) ;
#3661=CYLINDRICAL_SURFACE('generated cylinder',#3660,0.1) ;
#3709=CYLINDRICAL_SURFACE('generated cylinder',#3708,0.1) ;
#3752=CYLINDRICAL_SURFACE('generated cylinder',#3751,0.1) ;
#3795=CYLINDRICAL_SURFACE('generated cylinder',#3794,0.1) ;
#3838=CYLINDRICAL_SURFACE('generated cylinder',#3837,0.1) ;
#4033=CYLINDRICAL_SURFACE('generated cylinder',#4032,0.1) ;
#4076=CYLINDRICAL_SURFACE('generated cylinder',#4075,0.1) ;
#4119=CYLINDRICAL_SURFACE('generated cylinder',#4118,0.1) ;
#4167=CYLINDRICAL_SURFACE('generated cylinder',#4166,0.1) ;
#4210=CYLINDRICAL_SURFACE('generated cylinder',#4209,0.1) ;
#4258=CYLINDRICAL_SURFACE('generated cylinder',#4257,0.1) ;
#4275=CYLINDRICAL_SURFACE('generated cylinder',#4274,0.5) ;
#4330=CYLINDRICAL_SURFACE('generated cylinder',#4329,0.5) ;
#4408=CYLINDRICAL_SURFACE('generated cylinder',#4407,0.5) ;
#4456=CYLINDRICAL_SURFACE('generated cylinder',#4455,0.5) ;
#4567=CYLINDRICAL_SURFACE('generated cylinder',#4566,2.75) ;
#4638=CYLINDRICAL_SURFACE('generated cylinder',#4637,2.75) ;
#4670=CYLINDRICAL_SURFACE('generated cylinder',#4669,2.75) ;
#4751=CYLINDRICAL_SURFACE('generated cylinder',#4750,2.75) ;
#1751=TOROIDAL_SURFACE('homeo Torus',#1750,3.,0.5) ;
#1823=TOROIDAL_SURFACE('homeo Torus',#1822,3.,0.5) ;
#2002=TOROIDAL_SURFACE('homeo Torus',#2001,3.,0.5) ;
#2026=TOROIDAL_SURFACE('homeo Torus',#2025,3.,0.5) ;
#2084=TOROIDAL_SURFACE('homeo Torus',#2083,3.,0.5) ;
#4607=TOROIDAL_SURFACE('homeo Torus',#4606,50.,2.75) ;
#4701=TOROIDAL_SURFACE('homeo Torus',#4700,50.,2.75) ;
#3=DESIGN_CONTEXT(' ',#1,'design') ;
#76=EDGE_CURVE('',#73,#75,#71,.T.) ;
#83=EDGE_CURVE('',#73,#82,#80,.T.) ;
#90=EDGE_CURVE('',#82,#89,#87,.T.) ;
#95=EDGE_CURVE('',#75,#89,#94,.T.) ;
#112=EDGE_CURVE('',#82,#73,#111,.T.) ;
#117=EDGE_CURVE('',#89,#75,#116,.T.) ;
#138=EDGE_CURVE('',#135,#137,#133,.T.) ;
#143=EDGE_CURVE('',#137,#135,#142,.T.) ;
#176=EDGE_CURVE('',#173,#175,#171,.F.) ;
#185=EDGE_CURVE('',#184,#175,#177,.T.) ;
#192=EDGE_CURVE('',#184,#191,#189,.T.) ;
#201=EDGE_CURVE('',#200,#191,#193,.F.) ;
#208=EDGE_CURVE('',#207,#200,#205,.F.) ;
#215=EDGE_CURVE('',#207,#214,#212,.T.) ;
#222=EDGE_CURVE('',#214,#221,#219,.F.) ;
#229=EDGE_CURVE('',#228,#221,#226,.F.) ;
#236=EDGE_CURVE('',#235,#228,#233,.F.) ;
#243=EDGE_CURVE('',#235,#242,#240,.T.) ;
#250=EDGE_CURVE('',#242,#249,#247,.F.) ;
#257=EDGE_CURVE('',#256,#249,#254,.F.) ;
#264=EDGE_CURVE('',#263,#256,#261,.F.) ;
#269=EDGE_CURVE('',#263,#137,#268,.T.) ;
#276=EDGE_CURVE('',#275,#135,#273,.T.) ;
#283=EDGE_CURVE('',#282,#275,#280,.F.) ;
#290=EDGE_CURVE('',#282,#289,#287,.F.) ;
#297=EDGE_CURVE('',#289,#296,#294,.F.) ;
#304=EDGE_CURVE('',#303,#296,#301,.T.) ;
#311=EDGE_CURVE('',#310,#303,#308,.F.) ;
#318=EDGE_CURVE('',#310,#317,#315,.F.) ;
#325=EDGE_CURVE('',#317,#324,#322,.F.) ;
#330=EDGE_CURVE('',#173,#324,#329,.T.) ;
#365=EDGE_CURVE('',#362,#364,#360,.F.) ;
#372=EDGE_CURVE('',#371,#364,#369,.F.) ;
#379=EDGE_CURVE('',#378,#371,#376,.F.) ;
#384=EDGE_CURVE('',#378,#362,#383,.F.) ;
#405=EDGE_CURVE('',#175,#404,#397,.F.) ;
#412=EDGE_CURVE('',#324,#411,#409,.F.) ;
#419=EDGE_CURVE('',#418,#411,#416,.F.) ;
#424=EDGE_CURVE('',#303,#418,#423,.F.) ;
#431=EDGE_CURVE('',#296,#430,#428,.F.) ;
#438=EDGE_CURVE('',#437,#430,#435,.F.) ;
#443=EDGE_CURVE('',#275,#437,#442,.F.) ;
#450=EDGE_CURVE('',#449,#263,#447,.F.) ;
#457=EDGE_CURVE('',#449,#456,#454,.F.) ;
#462=EDGE_CURVE('',#456,#242,#461,.F.) ;
#469=EDGE_CURVE('',#468,#235,#466,.F.) ;
#476=EDGE_CURVE('',#468,#475,#473,.F.) ;
#481=EDGE_CURVE('',#475,#214,#480,.F.) ;
#490=EDGE_CURVE('',#489,#200,#482,.T.) ;
#495=EDGE_CURVE('',#489,#404,#494,.T.) ;
#530=EDGE_CURVE('',#527,#529,#525,.F.) ;
#537=EDGE_CURVE('',#536,#529,#534,.F.) ;
#544=EDGE_CURVE('',#543,#536,#541,.F.) ;
#549=EDGE_CURVE('',#543,#527,#548,.F.) ;
#568=EDGE_CURVE('',#184,#567,#565,.F.) ;
#575=EDGE_CURVE('',#175,#574,#572,.F.) ;
#580=EDGE_CURVE('',#574,#567,#579,.T.) ;
#599=EDGE_CURVE('',#598,#191,#596,.F.) ;
#604=EDGE_CURVE('',#567,#598,#603,.F.) ;
#623=EDGE_CURVE('',#622,#200,#620,.F.) ;
#628=EDGE_CURVE('',#598,#622,#627,.F.) ;
#647=EDGE_CURVE('',#646,#475,#644,.F.) ;
#654=EDGE_CURVE('',#653,#646,#651,.F.) ;
#661=EDGE_CURVE('',#660,#653,#658,.F.) ;
#666=EDGE_CURVE('',#221,#660,#665,.F.) ;
#687=EDGE_CURVE('',#686,#660,#684,.T.) ;
#692=EDGE_CURVE('',#228,#686,#691,.F.) ;
#711=EDGE_CURVE('',#686,#710,#708,.F.) ;
#718=EDGE_CURVE('',#710,#717,#715,.F.) ;
#723=EDGE_CURVE('',#717,#468,#722,.F.) ;
#744=EDGE_CURVE('',#743,#456,#741,.F.) ;
#751=EDGE_CURVE('',#750,#743,#748,.F.) ;
#758=EDGE_CURVE('',#757,#750,#755,.F.) ;
#763=EDGE_CURVE('',#249,#757,#762,.F.) ;
#779=EDGE_CURVE('',#778,#757,#776,.T.) ;
#784=EDGE_CURVE('',#256,#778,#783,.F.) ;
#803=EDGE_CURVE('',#778,#802,#800,.F.) ;
#810=EDGE_CURVE('',#802,#809,#807,.F.) ;
#815=EDGE_CURVE('',#809,#449,#814,.F.) ;
#831=EDGE_CURVE('',#437,#830,#828,.T.) ;
#838=EDGE_CURVE('',#830,#837,#835,.F.) ;
#843=EDGE_CURVE('',#837,#282,#842,.T.) ;
#863=EDGE_CURVE('',#837,#862,#860,.T.) ;
#868=EDGE_CURVE('',#862,#289,#867,.T.) ;
#882=EDGE_CURVE('',#881,#862,#879,.F.) ;
#887=EDGE_CURVE('',#430,#881,#886,.T.) ;
#902=EDGE_CURVE('',#418,#901,#899,.T.) ;
#909=EDGE_CURVE('',#901,#908,#906,.F.) ;
#914=EDGE_CURVE('',#908,#310,#913,.T.) ;
#929=EDGE_CURVE('',#908,#928,#926,.T.) ;
#934=EDGE_CURVE('',#928,#317,#933,.T.) ;
#948=EDGE_CURVE('',#947,#928,#945,.F.) ;
#953=EDGE_CURVE('',#411,#947,#952,.T.) ;
#973=EDGE_CURVE('',#972,#362,#970,.F.) ;
#980=EDGE_CURVE('',#979,#972,#977,.F.) ;
#985=EDGE_CURVE('',#364,#979,#984,.F.) ;
#1004=EDGE_CURVE('',#1003,#979,#1001,.T.) ;
#1009=EDGE_CURVE('',#371,#1003,#1008,.F.) ;
#1028=EDGE_CURVE('',#1003,#1027,#1025,.F.) ;
#1033=EDGE_CURVE('',#1027,#378,#1032,.F.) ;
#1045=EDGE_CURVE('',#1027,#972,#1044,.T.) ;
#1064=EDGE_CURVE('',#175,#1063,#1061,.T.) ;
#1071=EDGE_CURVE('',#404,#1070,#1068,.T.) ;
#1076=EDGE_CURVE('',#1070,#1063,#1075,.F.) ;
#1088=EDGE_CURVE('',#901,#947,#1087,.T.) ;
#1100=EDGE_CURVE('',#830,#881,#1099,.T.) ;
#1112=EDGE_CURVE('',#809,#743,#1111,.T.) ;
#1124=EDGE_CURVE('',#717,#646,#1123,.T.) ;
#1143=EDGE_CURVE('',#489,#1142,#1140,.F.) ;
#1150=EDGE_CURVE('',#200,#1149,#1147,.F.) ;
#1155=EDGE_CURVE('',#1149,#1142,#1154,.T.) ;
#1167=EDGE_CURVE('',#1142,#1070,#1166,.F.) ;
#1181=EDGE_CURVE('',#1180,#527,#1178,.T.) ;
#1188=EDGE_CURVE('',#1187,#1180,#1185,.F.) ;
#1193=EDGE_CURVE('',#529,#1187,#1192,.T.) ;
#1212=EDGE_CURVE('',#1211,#1187,#1209,.T.) ;
#1217=EDGE_CURVE('',#536,#1211,#1216,.T.) ;
#1231=EDGE_CURVE('',#1211,#1230,#1228,.F.) ;
#1236=EDGE_CURVE('',#1230,#543,#1235,.T.) ;
#1248=EDGE_CURVE('',#1230,#1180,#1247,.T.) ;
#1269=EDGE_CURVE('',#1266,#1268,#1264,.F.) ;
#1276=EDGE_CURVE('',#1268,#1275,#1273,.T.) ;
#1283=EDGE_CURVE('',#1275,#1282,#1280,.T.) ;
#1288=EDGE_CURVE('',#1282,#574,#1287,.T.) ;
#1295=EDGE_CURVE('',#1063,#1294,#1292,.F.) ;
#1302=EDGE_CURVE('',#1294,#1301,#1299,.T.) ;
#1307=EDGE_CURVE('',#1301,#1266,#1306,.F.) ;
#1334=EDGE_CURVE('',#574,#1333,#1325,.T.) ;
#1339=EDGE_CURVE('',#567,#1333,#1338,.F.) ;
#1357=EDGE_CURVE('',#1333,#1356,#1354,.F.) ;
#1362=EDGE_CURVE('',#598,#1356,#1361,.F.) ;
#1383=EDGE_CURVE('',#1380,#1382,#1378,.T.) ;
#1390=EDGE_CURVE('',#1389,#1380,#1387,.T.) ;
#1397=EDGE_CURVE('',#1396,#1389,#1394,.F.) ;
#1404=EDGE_CURVE('',#1403,#1396,#1401,.F.) ;
#1411=EDGE_CURVE('',#1410,#1403,#1408,.F.) ;
#1416=EDGE_CURVE('',#1149,#1410,#1415,.F.) ;
#1423=EDGE_CURVE('',#1422,#622,#1420,.T.) ;
#1428=EDGE_CURVE('',#1382,#1422,#1427,.F.) ;
#1449=EDGE_CURVE('',#1446,#1448,#1444,.F.) ;
#1456=EDGE_CURVE('',#1446,#1455,#1453,.T.) ;
#1463=EDGE_CURVE('',#1462,#1455,#1460,.F.) ;
#1470=EDGE_CURVE('',#1462,#1469,#1467,.T.) ;
#1477=EDGE_CURVE('',#1476,#1469,#1474,.F.) ;
#1484=EDGE_CURVE('',#1476,#1483,#1481,.T.) ;
#1491=EDGE_CURVE('',#1490,#1483,#1488,.F.) ;
#1496=EDGE_CURVE('',#1490,#1448,#1495,.T.) ;
#1520=EDGE_CURVE('',#1356,#622,#1513,.T.) ;
#1536=EDGE_CURVE('',#710,#653,#1535,.T.) ;
#1560=EDGE_CURVE('',#802,#750,#1559,.T.) ;
#1612=EDGE_CURVE('',#1070,#1611,#1609,.F.) ;
#1620=EDGE_CURVE('',#1611,#1063,#1613,.T.) ;
#1641=EDGE_CURVE('',#1149,#1640,#1632,.T.) ;
#1646=EDGE_CURVE('',#1142,#1640,#1645,.F.) ;
#1662=EDGE_CURVE('',#1640,#1611,#1661,.F.) ;
#1688=EDGE_CURVE('',#1266,#1687,#1685,.F.) ;
#1695=EDGE_CURVE('',#1687,#1694,#1692,.F.) ;
#1700=EDGE_CURVE('',#1268,#1694,#1699,.F.) ;
#1721=EDGE_CURVE('',#1718,#1720,#1716,.T.) ;
#1726=EDGE_CURVE('',#1275,#1720,#1725,.T.) ;
#1733=EDGE_CURVE('',#1268,#1732,#1730,.T.) ;
#1738=EDGE_CURVE('',#1732,#1718,#1737,.T.) ;
#1758=EDGE_CURVE('',#1275,#1757,#1755,.F.) ;
#1765=EDGE_CURVE('',#1757,#1764,#1762,.T.) ;
#1770=EDGE_CURVE('',#1282,#1764,#1769,.F.) ;
#1787=EDGE_CURVE('',#1764,#1333,#1786,.T.) ;
#1806=EDGE_CURVE('',#1611,#1805,#1803,.F.) ;
#1811=EDGE_CURVE('',#1294,#1805,#1810,.F.) ;
#1830=EDGE_CURVE('',#1805,#1829,#1827,.T.) ;
#1838=EDGE_CURVE('',#1829,#1301,#1831,.T.) ;
#1857=EDGE_CURVE('',#1829,#1856,#1854,.F.) ;
#1862=EDGE_CURVE('',#1856,#1266,#1861,.T.) ;
#1881=EDGE_CURVE('',#1880,#1764,#1878,.T.) ;
#1886=EDGE_CURVE('',#1880,#1356,#1885,.T.) ;
#1905=EDGE_CURVE('',#1904,#1382,#1902,.T.) ;
#1912=EDGE_CURVE('',#1911,#1904,#1909,.T.) ;
#1917=EDGE_CURVE('',#1911,#1380,#1916,.T.) ;
#1938=EDGE_CURVE('',#1935,#1937,#1933,.T.) ;
#1943=EDGE_CURVE('',#1935,#1389,#1942,.T.) ;
#1948=EDGE_CURVE('',#1937,#1380,#1947,.T.) ;
#1969=EDGE_CURVE('',#1966,#1968,#1964,.F.) ;
#1977=EDGE_CURVE('',#1396,#1966,#1970,.T.) ;
#1984=EDGE_CURVE('',#1983,#1389,#1981,.F.) ;
#1989=EDGE_CURVE('',#1968,#1983,#1988,.F.) ;
#2009=EDGE_CURVE('',#2008,#1403,#2006,.T.) ;
#2014=EDGE_CURVE('',#2008,#1966,#2013,.F.) ;
#2033=EDGE_CURVE('',#2032,#2008,#2030,.F.) ;
#2038=EDGE_CURVE('',#2032,#1410,#2037,.T.) ;
#2055=EDGE_CURVE('',#1640,#2032,#2054,.F.) ;
#2072=EDGE_CURVE('',#1880,#1422,#2071,.T.) ;
#2091=EDGE_CURVE('',#2090,#1880,#2088,.F.) ;
#2098=EDGE_CURVE('',#2097,#2090,#2095,.F.) ;
#2103=EDGE_CURVE('',#1382,#2097,#2102,.F.) ;
#2123=EDGE_CURVE('',#2122,#1448,#2120,.F.) ;
#2130=EDGE_CURVE('',#2129,#2122,#2127,.F.) ;
#2135=EDGE_CURVE('',#2129,#1446,#2134,.F.) ;
#2154=EDGE_CURVE('',#2153,#2129,#2151,.F.) ;
#2159=EDGE_CURVE('',#2153,#1455,#2158,.F.) ;
#2178=EDGE_CURVE('',#2177,#1462,#2175,.F.) ;
#2183=EDGE_CURVE('',#2177,#2153,#2182,.F.) ;
#2202=EDGE_CURVE('',#2201,#2177,#2199,.F.) ;
#2207=EDGE_CURVE('',#2201,#1469,#2206,.F.) ;
#2226=EDGE_CURVE('',#2225,#1476,#2223,.F.) ;
#2231=EDGE_CURVE('',#2225,#2201,#2230,.F.) ;
#2250=EDGE_CURVE('',#2249,#2225,#2247,.F.) ;
#2255=EDGE_CURVE('',#2249,#1483,#2254,.F.) ;
#2274=EDGE_CURVE('',#2273,#1490,#2271,.F.) ;
#2279=EDGE_CURVE('',#2273,#2249,#2278,.F.) ;
#2296=EDGE_CURVE('',#2122,#2273,#2295,.F.) ;
#2313=EDGE_CURVE('',#1805,#2032,#2312,.T.) ;
#2333=EDGE_CURVE('',#1856,#1687,#2326,.F.) ;
#2349=EDGE_CURVE('',#1687,#1935,#2348,.T.) ;
#2354=EDGE_CURVE('',#1694,#1937,#2353,.F.) ;
#2369=EDGE_CURVE('',#2366,#2368,#2364,.T.) ;
#2376=EDGE_CURVE('',#2375,#2366,#2373,.F.) ;
#2383=EDGE_CURVE('',#2382,#2375,#2380,.T.) ;
#2390=EDGE_CURVE('',#2389,#2382,#2387,.F.) ;
#2397=EDGE_CURVE('',#2396,#2389,#2394,.T.) ;
#2404=EDGE_CURVE('',#2403,#2396,#2401,.F.) ;
#2411=EDGE_CURVE('',#2410,#2403,#2408,.T.) ;
#2416=EDGE_CURVE('',#2368,#2410,#2415,.F.) ;
#2437=EDGE_CURVE('',#1732,#1694,#2436,.T.) ;
#2453=EDGE_CURVE('',#1718,#1911,#2452,.F.) ;
#2458=EDGE_CURVE('',#1904,#1720,#2457,.F.) ;
#2477=EDGE_CURVE('',#2476,#1275,#2474,.T.) ;
#2482=EDGE_CURVE('',#1720,#2476,#2481,.T.) ;
#2498=EDGE_CURVE('',#1718,#1694,#2497,.T.) ;
#2514=EDGE_CURVE('',#2476,#1757,#2513,.T.) ;
#2530=EDGE_CURVE('',#2090,#1757,#2529,.T.) ;
#2547=EDGE_CURVE('',#1829,#1966,#2546,.T.) ;
#2565=EDGE_CURVE('',#1856,#1968,#2564,.T.) ;
#2582=EDGE_CURVE('',#2097,#1904,#2581,.T.) ;
#2598=EDGE_CURVE('',#1911,#1937,#2597,.F.) ;
#2614=EDGE_CURVE('',#1983,#1935,#2613,.T.) ;
#2630=EDGE_CURVE('',#1935,#1968,#2629,.F.) ;
#2646=EDGE_CURVE('',#1904,#2090,#2645,.F.) ;
#2706=EDGE_CURVE('',#2703,#2705,#2701,.F.) ;
#2711=EDGE_CURVE('',#2366,#2705,#2710,.T.) ;
#2716=EDGE_CURVE('',#2368,#2703,#2715,.T.) ;
#2735=EDGE_CURVE('',#2734,#2705,#2732,.F.) ;
#2740=EDGE_CURVE('',#2375,#2734,#2739,.T.) ;
#2764=EDGE_CURVE('',#2761,#2763,#2747,.T.) ;
#2771=EDGE_CURVE('',#2770,#2761,#2768,.F.) ;
#2787=EDGE_CURVE('',#2786,#2770,#2772,.T.) ;
#2794=EDGE_CURVE('',#2793,#2786,#2791,.F.) ;
#2810=EDGE_CURVE('',#2809,#2793,#2795,.T.) ;
#2817=EDGE_CURVE('',#2816,#2809,#2814,.F.) ;
#2833=EDGE_CURVE('',#2832,#2816,#2818,.T.) ;
#2838=EDGE_CURVE('',#2763,#2832,#2837,.F.) ;
#2857=EDGE_CURVE('',#2854,#2856,#2852,.T.) ;
#2873=EDGE_CURVE('',#2872,#2854,#2858,.T.) ;
#2880=EDGE_CURVE('',#2879,#2872,#2877,.T.) ;
#2896=EDGE_CURVE('',#2895,#2879,#2881,.T.) ;
#2903=EDGE_CURVE('',#2902,#2895,#2900,.T.) ;
#2919=EDGE_CURVE('',#2918,#2902,#2904,.T.) ;
#2926=EDGE_CURVE('',#2925,#2918,#2923,.T.) ;
#2940=EDGE_CURVE('',#2856,#2925,#2927,.T.) ;
#2963=EDGE_CURVE('',#2734,#2962,#2960,.F.) ;
#2968=EDGE_CURVE('',#2382,#2962,#2967,.T.) ;
#2987=EDGE_CURVE('',#2986,#2962,#2984,.F.) ;
#2992=EDGE_CURVE('',#2389,#2986,#2991,.T.) ;
#3011=EDGE_CURVE('',#2986,#3010,#3008,.F.) ;
#3016=EDGE_CURVE('',#2396,#3010,#3015,.T.) ;
#3035=EDGE_CURVE('',#2403,#3034,#3032,.T.) ;
#3040=EDGE_CURVE('',#3034,#3010,#3039,.F.) ;
#3055=EDGE_CURVE('',#3052,#3054,#3050,.T.) ;
#3062=EDGE_CURVE('',#3052,#3061,#3059,.T.) ;
#3069=EDGE_CURVE('',#3068,#3061,#3066,.F.) ;
#3076=EDGE_CURVE('',#3068,#3075,#3073,.T.) ;
#3083=EDGE_CURVE('',#3082,#3075,#3080,.T.) ;
#3090=EDGE_CURVE('',#3082,#3089,#3087,.T.) ;
#3097=EDGE_CURVE('',#3096,#3089,#3094,.F.) ;
#3102=EDGE_CURVE('',#3096,#3054,#3101,.T.) ;
#3121=EDGE_CURVE('',#3118,#3120,#3116,.F.) ;
#3128=EDGE_CURVE('',#3118,#3127,#3125,.T.) ;
#3135=EDGE_CURVE('',#3134,#3127,#3132,.T.) ;
#3142=EDGE_CURVE('',#3134,#3141,#3139,.T.) ;
#3149=EDGE_CURVE('',#3148,#3141,#3146,.F.) ;
#3156=EDGE_CURVE('',#3148,#3155,#3153,.T.) ;
#3163=EDGE_CURVE('',#3162,#3155,#3160,.T.) ;
#3168=EDGE_CURVE('',#3162,#3120,#3167,.T.) ;
#3187=EDGE_CURVE('',#3184,#3186,#3182,.F.) ;
#3194=EDGE_CURVE('',#3184,#3193,#3191,.T.) ;
#3201=EDGE_CURVE('',#3200,#3193,#3198,.F.) ;
#3208=EDGE_CURVE('',#3200,#3207,#3205,.T.) ;
#3215=EDGE_CURVE('',#3214,#3207,#3212,.F.) ;
#3222=EDGE_CURVE('',#3214,#3221,#3219,.T.) ;
#3229=EDGE_CURVE('',#3228,#3221,#3226,.F.) ;
#3234=EDGE_CURVE('',#3228,#3186,#3233,.T.) ;
#3257=EDGE_CURVE('',#3034,#3256,#3254,.F.) ;
#3262=EDGE_CURVE('',#2410,#3256,#3261,.T.) ;
#3279=EDGE_CURVE('',#2703,#3256,#3278,.F.) ;
#3332=EDGE_CURVE('',#3329,#3331,#3315,.T.) ;
#3339=EDGE_CURVE('',#3338,#3331,#3336,.F.) ;
#3346=EDGE_CURVE('',#3338,#3345,#3343,.F.) ;
#3353=EDGE_CURVE('',#3352,#3345,#3350,.F.) ;
#3360=EDGE_CURVE('',#3352,#3359,#3357,.F.) ;
#3367=EDGE_CURVE('',#3366,#3359,#3364,.F.) ;
#3374=EDGE_CURVE('',#3366,#3373,#3371,.F.) ;
#3379=EDGE_CURVE('',#3329,#3373,#3378,.F.) ;
#3402=EDGE_CURVE('',#2761,#3401,#3399,.F.) ;
#3409=EDGE_CURVE('',#2763,#3408,#3406,.F.) ;
#3414=EDGE_CURVE('',#3401,#3408,#3413,.T.) ;
#3433=EDGE_CURVE('',#2770,#3432,#3430,.T.) ;
#3438=EDGE_CURVE('',#3432,#3401,#3437,.F.) ;
#3457=EDGE_CURVE('',#2786,#3456,#3454,.F.) ;
#3462=EDGE_CURVE('',#3456,#3432,#3461,.T.) ;
#3481=EDGE_CURVE('',#2793,#3480,#3478,.T.) ;
#3486=EDGE_CURVE('',#3480,#3456,#3485,.F.) ;
#3505=EDGE_CURVE('',#2809,#3504,#3502,.F.) ;
#3510=EDGE_CURVE('',#3504,#3480,#3509,.T.) ;
#3529=EDGE_CURVE('',#2816,#3528,#3526,.T.) ;
#3534=EDGE_CURVE('',#3528,#3504,#3533,.F.) ;
#3553=EDGE_CURVE('',#2832,#3552,#3550,.F.) ;
#3558=EDGE_CURVE('',#3552,#3528,#3557,.T.) ;
#3575=EDGE_CURVE('',#3408,#3552,#3574,.F.) ;
#3594=EDGE_CURVE('',#2854,#3593,#3591,.F.) ;
#3601=EDGE_CURVE('',#2856,#3600,#3598,.T.) ;
#3606=EDGE_CURVE('',#3593,#3600,#3605,.T.) ;
#3625=EDGE_CURVE('',#2872,#3624,#3622,.F.) ;
#3630=EDGE_CURVE('',#3624,#3593,#3629,.T.) ;
#3644=EDGE_CURVE('',#2879,#3643,#3641,.T.) ;
#3649=EDGE_CURVE('',#3643,#3624,#3648,.T.) ;
#3668=EDGE_CURVE('',#2895,#3667,#3665,.F.) ;
#3673=EDGE_CURVE('',#3667,#3643,#3672,.T.) ;
#3692=EDGE_CURVE('',#2902,#3691,#3689,.T.) ;
#3697=EDGE_CURVE('',#3691,#3667,#3696,.T.) ;
#3716=EDGE_CURVE('',#2918,#3715,#3713,.F.) ;
#3721=EDGE_CURVE('',#3715,#3691,#3720,.T.) ;
#3735=EDGE_CURVE('',#2925,#3734,#3732,.F.) ;
#3740=EDGE_CURVE('',#3734,#3715,#3739,.T.) ;
#3757=EDGE_CURVE('',#3600,#3734,#3756,.T.) ;
#3773=EDGE_CURVE('',#3770,#3772,#3768,.T.) ;
#3778=EDGE_CURVE('',#3770,#3052,#3777,.F.) ;
#3783=EDGE_CURVE('',#3772,#3054,#3782,.F.) ;
#3802=EDGE_CURVE('',#3801,#3770,#3799,.F.) ;
#3807=EDGE_CURVE('',#3801,#3061,#3806,.F.) ;
#3821=EDGE_CURVE('',#3820,#3068,#3818,.F.) ;
#3826=EDGE_CURVE('',#3801,#3820,#3825,.T.) ;
#3845=EDGE_CURVE('',#3844,#3820,#3842,.F.) ;
#3850=EDGE_CURVE('',#3844,#3075,#3849,.F.) ;
#3864=EDGE_CURVE('',#3863,#3844,#3861,.T.) ;
#3869=EDGE_CURVE('',#3863,#3082,#3868,.F.) ;
#3883=EDGE_CURVE('',#3882,#3863,#3880,.F.) ;
#3888=EDGE_CURVE('',#3882,#3089,#3887,.F.) ;
#3902=EDGE_CURVE('',#3901,#3096,#3899,.F.) ;
#3907=EDGE_CURVE('',#3882,#3901,#3906,.T.) ;
#3919=EDGE_CURVE('',#3772,#3901,#3918,.F.) ;
#3933=EDGE_CURVE('',#3932,#3120,#3930,.F.) ;
#3940=EDGE_CURVE('',#3932,#3939,#3937,.T.) ;
#3945=EDGE_CURVE('',#3939,#3118,#3944,.F.) ;
#3959=EDGE_CURVE('',#3958,#3939,#3956,.F.) ;
#3964=EDGE_CURVE('',#3958,#3127,#3963,.F.) ;
#3978=EDGE_CURVE('',#3977,#3134,#3975,.F.) ;
#3983=EDGE_CURVE('',#3958,#3977,#3982,.T.) ;
#3997=EDGE_CURVE('',#3996,#3977,#3994,.F.) ;
#4002=EDGE_CURVE('',#3996,#3141,#4001,.F.) ;
#4016=EDGE_CURVE('',#3996,#4015,#4013,.T.) ;
#4021=EDGE_CURVE('',#4015,#3148,#4020,.F.) ;
#4040=EDGE_CURVE('',#4039,#4015,#4037,.F.) ;
#4045=EDGE_CURVE('',#4039,#3155,#4044,.F.) ;
#4059=EDGE_CURVE('',#4058,#3162,#4056,.F.) ;
#4064=EDGE_CURVE('',#4039,#4058,#4063,.T.) ;
#4081=EDGE_CURVE('',#3932,#4058,#4080,.F.) ;
#4097=EDGE_CURVE('',#4094,#4096,#4092,.T.) ;
#4102=EDGE_CURVE('',#4094,#3184,#4101,.F.) ;
#4107=EDGE_CURVE('',#4096,#3186,#4106,.F.) ;
#4126=EDGE_CURVE('',#4125,#4094,#4123,.F.) ;
#4131=EDGE_CURVE('',#4125,#3193,#4130,.F.) ;
#4150=EDGE_CURVE('',#4125,#4149,#4147,.T.) ;
#4155=EDGE_CURVE('',#4149,#3200,#4154,.F.) ;
#4174=EDGE_CURVE('',#4173,#4149,#4171,.F.) ;
#4179=EDGE_CURVE('',#4173,#3207,#4178,.F.) ;
#4193=EDGE_CURVE('',#4173,#4192,#4190,.T.) ;
#4198=EDGE_CURVE('',#4192,#3214,#4197,.F.) ;
#4217=EDGE_CURVE('',#4216,#4192,#4214,.F.) ;
#4222=EDGE_CURVE('',#4216,#3221,#4221,.F.) ;
#4241=EDGE_CURVE('',#4240,#3228,#4238,.F.) ;
#4246=EDGE_CURVE('',#4216,#4240,#4245,.T.) ;
#4263=EDGE_CURVE('',#4096,#4240,#4262,.F.) ;
#4282=EDGE_CURVE('',#4281,#3329,#4279,.F.) ;
#4289=EDGE_CURVE('',#4288,#4281,#4286,.F.) ;
#4294=EDGE_CURVE('',#4288,#3331,#4293,.F.) ;
#4313=EDGE_CURVE('',#4312,#4288,#4310,.F.) ;
#4318=EDGE_CURVE('',#4312,#3338,#4317,.F.) ;
#4337=EDGE_CURVE('',#4336,#4312,#4334,.F.) ;
#4342=EDGE_CURVE('',#4336,#3345,#4341,.F.) ;
#4361=EDGE_CURVE('',#4360,#4336,#4358,.F.) ;
#4366=EDGE_CURVE('',#4360,#3352,#4365,.F.) ;
#4415=EDGE_CURVE('',#4414,#4360,#4412,.F.) ;
#4420=EDGE_CURVE('',#4414,#3359,#4419,.F.) ;
#4439=EDGE_CURVE('',#4438,#3366,#4436,.F.) ;
#4444=EDGE_CURVE('',#4438,#4414,#4443,.F.) ;
#4463=EDGE_CURVE('',#4462,#4438,#4460,.F.) ;
#4468=EDGE_CURVE('',#4462,#3373,#4467,.F.) ;
#4485=EDGE_CURVE('',#4281,#4462,#4484,.F.) ;
#4576=EDGE_CURVE('',#4573,#4575,#4571,.T.) ;
#4583=EDGE_CURVE('',#4582,#4575,#4580,.F.) ;
#4590=EDGE_CURVE('',#4589,#4582,#4587,.T.) ;
#4595=EDGE_CURVE('',#4589,#4573,#4594,.F.) ;
#4616=EDGE_CURVE('',#4613,#4615,#4611,.T.) ;
#4621=EDGE_CURVE('',#4575,#4615,#4620,.T.) ;
#4626=EDGE_CURVE('',#4573,#4613,#4625,.T.) ;
#4643=EDGE_CURVE('',#4575,#4573,#4642,.T.) ;
#4648=EDGE_CURVE('',#4582,#4589,#4647,.T.) ;
#4679=EDGE_CURVE('',#4676,#4678,#4674,.F.) ;
#4684=EDGE_CURVE('',#4615,#4678,#4683,.T.) ;
#4689=EDGE_CURVE('',#4613,#4676,#4688,.T.) ;
#4706=EDGE_CURVE('',#4615,#4613,#4705,.T.) ;
#4741=EDGE_CURVE('',#4678,#4676,#4719,.F.) ;
#96=EDGE_LOOP('',(#97,#98,#99,#100)) ;
#118=EDGE_LOOP('',(#119,#120,#121,#122)) ;
#144=EDGE_LOOP('',(#145,#146)) ;
#148=EDGE_LOOP('',(#149,#150)) ;
#158=EDGE_LOOP('',(#159,#160)) ;
#331=EDGE_LOOP('',(#332,#333,#334,#335,#336,#337,#338,#339,#340,#341,#342,#343,#344,#345,#346,#347,#348,#349,#350,#351,#352,#353,#354,#355)) ;
#385=EDGE_LOOP('',(#386,#387,#388,#389)) ;
#496=EDGE_LOOP('',(#497,#498,#499,#500,#501,#502,#503,#504,#505,#506,#507,#508,#509,#510,#511,#512,#513,#514,#515,#516,#517,#518,#519,#520)) ;
#550=EDGE_LOOP('',(#551,#552,#553,#554)) ;
#581=EDGE_LOOP('',(#582,#583,#584,#585)) ;
#605=EDGE_LOOP('',(#606,#607,#608,#609)) ;
#629=EDGE_LOOP('',(#630,#631,#632,#633)) ;
#667=EDGE_LOOP('',(#668,#669,#670,#671,#672,#673)) ;
#693=EDGE_LOOP('',(#694,#695,#696,#697)) ;
#724=EDGE_LOOP('',(#725,#726,#727,#728,#729,#730)) ;
#764=EDGE_LOOP('',(#765,#766,#767,#768,#769,#770)) ;
#785=EDGE_LOOP('',(#786,#787,#788,#789)) ;
#816=EDGE_LOOP('',(#817,#818,#819,#820,#821,#822)) ;
#844=EDGE_LOOP('',(#845,#846,#847,#848,#849)) ;
#869=EDGE_LOOP('',(#870,#871,#872,#873)) ;
#888=EDGE_LOOP('',(#889,#890,#891,#892,#893)) ;
#915=EDGE_LOOP('',(#916,#917,#918,#919,#920)) ;
#935=EDGE_LOOP('',(#936,#937,#938,#939)) ;
#954=EDGE_LOOP('',(#955,#956,#957,#958,#959)) ;
#986=EDGE_LOOP('',(#987,#988,#989,#990)) ;
#1010=EDGE_LOOP('',(#1011,#1012,#1013,#1014)) ;
#1034=EDGE_LOOP('',(#1035,#1036,#1037,#1038)) ;
#1046=EDGE_LOOP('',(#1047,#1048,#1049,#1050)) ;
#1077=EDGE_LOOP('',(#1078,#1079,#1080,#1081)) ;
#1089=EDGE_LOOP('',(#1090,#1091,#1092,#1093)) ;
#1101=EDGE_LOOP('',(#1102,#1103,#1104,#1105)) ;
#1113=EDGE_LOOP('',(#1114,#1115,#1116,#1117)) ;
#1125=EDGE_LOOP('',(#1126,#1127,#1128,#1129)) ;
#1156=EDGE_LOOP('',(#1157,#1158,#1159,#1160)) ;
#1168=EDGE_LOOP('',(#1169,#1170,#1171,#1172)) ;
#1194=EDGE_LOOP('',(#1195,#1196,#1197,#1198)) ;
#1218=EDGE_LOOP('',(#1219,#1220,#1221,#1222)) ;
#1237=EDGE_LOOP('',(#1238,#1239,#1240,#1241)) ;
#1249=EDGE_LOOP('',(#1250,#1251,#1252,#1253)) ;
#1308=EDGE_LOOP('',(#1309,#1310,#1311,#1312,#1313,#1314,#1315,#1316,#1317)) ;
#1340=EDGE_LOOP('',(#1341,#1342,#1343)) ;
#1363=EDGE_LOOP('',(#1364,#1365,#1366,#1367)) ;
#1429=EDGE_LOOP('',(#1430,#1431,#1432,#1433,#1434,#1435,#1436,#1437,#1438,#1439)) ;
#1497=EDGE_LOOP('',(#1498,#1499,#1500,#1501,#1502,#1503,#1504,#1505)) ;
#1521=EDGE_LOOP('',(#1522,#1523,#1524)) ;
#1537=EDGE_LOOP('',(#1538,#1539,#1540,#1541)) ;
#1549=EDGE_LOOP('',(#1550,#1551,#1552,#1553)) ;
#1561=EDGE_LOOP('',(#1562,#1563,#1564,#1565)) ;
#1568=EDGE_LOOP('',(#1569,#1570,#1571,#1572)) ;
#1580=EDGE_LOOP('',(#1581,#1582,#1583,#1584)) ;
#1587=EDGE_LOOP('',(#1588,#1589,#1590,#1591)) ;
#1594=EDGE_LOOP('',(#1595,#1596,#1597,#1598)) ;
#1621=EDGE_LOOP('',(#1622,#1623,#1624)) ;
#1647=EDGE_LOOP('',(#1648,#1649,#1650)) ;
#1663=EDGE_LOOP('',(#1664,#1665,#1666,#1667)) ;
#1670=EDGE_LOOP('',(#1671,#1672,#1673,#1674)) ;
#1701=EDGE_LOOP('',(#1702,#1703,#1704,#1705)) ;
#1739=EDGE_LOOP('',(#1740,#1741,#1742,#1743,#1744)) ;
#1771=EDGE_LOOP('',(#1772,#1773,#1774,#1775)) ;
#1788=EDGE_LOOP('',(#1789,#1790,#1791,#1792)) ;
#1812=EDGE_LOOP('',(#1813,#1814,#1815,#1816)) ;
#1839=EDGE_LOOP('',(#1840,#1841,#1842,#1843)) ;
#1863=EDGE_LOOP('',(#1864,#1865,#1866,#1867)) ;
#1887=EDGE_LOOP('',(#1888,#1889,#1890,#1891)) ;
#1918=EDGE_LOOP('',(#1919,#1920,#1921,#1922)) ;
#1949=EDGE_LOOP('',(#1950,#1951,#1952,#1953)) ;
#1990=EDGE_LOOP('',(#1991,#1992,#1993,#1994,#1995)) ;
#2015=EDGE_LOOP('',(#2016,#2017,#2018,#2019)) ;
#2039=EDGE_LOOP('',(#2040,#2041,#2042,#2043)) ;
#2056=EDGE_LOOP('',(#2057,#2058,#2059,#2060)) ;
#2073=EDGE_LOOP('',(#2074,#2075,#2076,#2077)) ;
#2104=EDGE_LOOP('',(#2105,#2106,#2107,#2108,#2109)) ;
#2136=EDGE_LOOP('',(#2137,#2138,#2139,#2140)) ;
#2160=EDGE_LOOP('',(#2161,#2162,#2163,#2164)) ;
#2184=EDGE_LOOP('',(#2185,#2186,#2187,#2188)) ;
#2208=EDGE_LOOP('',(#2209,#2210,#2211,#2212)) ;
#2232=EDGE_LOOP('',(#2233,#2234,#2235,#2236)) ;
#2256=EDGE_LOOP('',(#2257,#2258,#2259,#2260)) ;
#2280=EDGE_LOOP('',(#2281,#2282,#2283,#2284)) ;
#2297=EDGE_LOOP('',(#2298,#2299,#2300,#2301)) ;
#2314=EDGE_LOOP('',(#2315,#2316,#2317,#2318)) ;
#2334=EDGE_LOOP('',(#2335,#2336,#2337)) ;
#2355=EDGE_LOOP('',(#2356,#2357,#2358,#2359)) ;
#2417=EDGE_LOOP('',(#2418,#2419,#2420,#2421,#2422,#2423,#2424,#2425)) ;
#2438=EDGE_LOOP('',(#2439,#2440,#2441)) ;
#2459=EDGE_LOOP('',(#2460,#2461,#2462,#2463)) ;
#2483=EDGE_LOOP('',(#2484,#2485,#2486)) ;
#2499=EDGE_LOOP('',(#2500,#2501,#2502)) ;
#2515=EDGE_LOOP('',(#2516,#2517,#2518)) ;
#2531=EDGE_LOOP('',(#2532,#2533,#2534,#2535)) ;
#2548=EDGE_LOOP('',(#2549,#2550,#2551,#2552,#2553)) ;
#2566=EDGE_LOOP('',(#2567,#2568,#2569,#2570)) ;
#2583=EDGE_LOOP('',(#2584,#2585,#2586)) ;
#2599=EDGE_LOOP('',(#2600,#2601,#2602)) ;
#2615=EDGE_LOOP('',(#2616,#2617,#2618)) ;
#2631=EDGE_LOOP('',(#2632,#2633,#2634)) ;
#2647=EDGE_LOOP('',(#2648,#2649,#2650)) ;
#2658=EDGE_LOOP('',(#2659,#2660,#2661,#2662,#2663,#2664,#2665,#2666)) ;
#2674=EDGE_LOOP('',(#2675,#2676,#2677,#2678)) ;
#2686=EDGE_LOOP('',(#2687,#2688,#2689,#2690)) ;
#2717=EDGE_LOOP('',(#2718,#2719,#2720,#2721)) ;
#2741=EDGE_LOOP('',(#2742,#2743,#2744,#2745)) ;
#2839=EDGE_LOOP('',(#2840,#2841,#2842,#2843,#2844,#2845,#2846,#2847)) ;
#2941=EDGE_LOOP('',(#2942,#2943,#2944,#2945,#2946,#2947,#2948,#2949)) ;
#2969=EDGE_LOOP('',(#2970,#2971,#2972,#2973)) ;
#2993=EDGE_LOOP('',(#2994,#2995,#2996,#2997)) ;
#3017=EDGE_LOOP('',(#3018,#3019,#3020,#3021)) ;
#3041=EDGE_LOOP('',(#3042,#3043,#3044,#3045)) ;
#3103=EDGE_LOOP('',(#3104,#3105,#3106,#3107,#3108,#3109,#3110,#3111)) ;
#3169=EDGE_LOOP('',(#3170,#3171,#3172,#3173,#3174,#3175,#3176,#3177)) ;
#3235=EDGE_LOOP('',(#3236,#3237,#3238,#3239,#3240,#3241,#3242,#3243)) ;
#3263=EDGE_LOOP('',(#3264,#3265,#3266,#3267)) ;
#3280=EDGE_LOOP('',(#3281,#3282,#3283,#3284)) ;
#3292=EDGE_LOOP('',(#3293,#3294,#3295,#3296,#3297)) ;
#3305=EDGE_LOOP('',(#3306,#3307,#3308,#3309,#3310,#3311,#3312,#3313)) ;
#3380=EDGE_LOOP('',(#3381,#3382,#3383,#3384,#3385,#3386,#3387,#3388)) ;
#3415=EDGE_LOOP('',(#3416,#3417,#3418,#3419)) ;
#3439=EDGE_LOOP('',(#3440,#3441,#3442,#3443)) ;
#3463=EDGE_LOOP('',(#3464,#3465,#3466,#3467)) ;
#3487=EDGE_LOOP('',(#3488,#3489,#3490,#3491)) ;
#3511=EDGE_LOOP('',(#3512,#3513,#3514,#3515)) ;
#3535=EDGE_LOOP('',(#3536,#3537,#3538,#3539)) ;
#3559=EDGE_LOOP('',(#3560,#3561,#3562,#3563)) ;
#3576=EDGE_LOOP('',(#3577,#3578,#3579,#3580)) ;
#3607=EDGE_LOOP('',(#3608,#3609,#3610,#3611)) ;
#3631=EDGE_LOOP('',(#3632,#3633,#3634,#3635)) ;
#3650=EDGE_LOOP('',(#3651,#3652,#3653,#3654)) ;
#3674=EDGE_LOOP('',(#3675,#3676,#3677,#3678)) ;
#3698=EDGE_LOOP('',(#3699,#3700,#3701,#3702)) ;
#3722=EDGE_LOOP('',(#3723,#3724,#3725,#3726)) ;
#3741=EDGE_LOOP('',(#3742,#3743,#3744,#3745)) ;
#3758=EDGE_LOOP('',(#3759,#3760,#3761,#3762)) ;
#3784=EDGE_LOOP('',(#3785,#3786,#3787,#3788)) ;
#3808=EDGE_LOOP('',(#3809,#3810,#3811,#3812)) ;
#3827=EDGE_LOOP('',(#3828,#3829,#3830,#3831)) ;
#3851=EDGE_LOOP('',(#3852,#3853,#3854,#3855)) ;
#3870=EDGE_LOOP('',(#3871,#3872,#3873,#3874)) ;
#3889=EDGE_LOOP('',(#3890,#3891,#3892,#3893)) ;
#3908=EDGE_LOOP('',(#3909,#3910,#3911,#3912)) ;
#3920=EDGE_LOOP('',(#3921,#3922,#3923,#3924)) ;
#3946=EDGE_LOOP('',(#3947,#3948,#3949,#3950)) ;
#3965=EDGE_LOOP('',(#3966,#3967,#3968,#3969)) ;
#3984=EDGE_LOOP('',(#3985,#3986,#3987,#3988)) ;
#4003=EDGE_LOOP('',(#4004,#4005,#4006,#4007)) ;
#4022=EDGE_LOOP('',(#4023,#4024,#4025,#4026)) ;
#4046=EDGE_LOOP('',(#4047,#4048,#4049,#4050)) ;
#4065=EDGE_LOOP('',(#4066,#4067,#4068,#4069)) ;
#4082=EDGE_LOOP('',(#4083,#4084,#4085,#4086)) ;
#4108=EDGE_LOOP('',(#4109,#4110,#4111,#4112)) ;
#4132=EDGE_LOOP('',(#4133,#4134,#4135,#4136)) ;
#4156=EDGE_LOOP('',(#4157,#4158,#4159,#4160)) ;
#4180=EDGE_LOOP('',(#4181,#4182,#4183,#4184)) ;
#4199=EDGE_LOOP('',(#4200,#4201,#4202,#4203)) ;
#4223=EDGE_LOOP('',(#4224,#4225,#4226,#4227)) ;
#4247=EDGE_LOOP('',(#4248,#4249,#4250,#4251)) ;
#4264=EDGE_LOOP('',(#4265,#4266,#4267,#4268)) ;
#4295=EDGE_LOOP('',(#4296,#4297,#4298,#4299)) ;
#4319=EDGE_LOOP('',(#4320,#4321,#4322,#4323)) ;
#4343=EDGE_LOOP('',(#4344,#4345,#4346,#4347)) ;
#4367=EDGE_LOOP('',(#4368,#4369,#4370,#4371)) ;
#4373=EDGE_LOOP('',(#4374,#4375,#4376,#4377,#4378,#4379,#4380,#4381)) ;
#4383=EDGE_LOOP('',(#4384,#4385,#4386,#4387,#4388,#4389,#4390,#4391)) ;
#4393=EDGE_LOOP('',(#4394,#4395,#4396,#4397,#4398,#4399,#4400,#4401)) ;
#4421=EDGE_LOOP('',(#4422,#4423,#4424,#4425)) ;
#4445=EDGE_LOOP('',(#4446,#4447,#4448,#4449)) ;
#4469=EDGE_LOOP('',(#4470,#4471,#4472,#4473)) ;
#4486=EDGE_LOOP('',(#4487,#4488,#4489,#4490)) ;
#4498=EDGE_LOOP('',(#4499,#4500,#4501,#4502,#4503,#4504,#4505,#4506)) ;
#4509=EDGE_LOOP('',(#4510,#4511,#4512,#4513,#4514,#4515,#4516,#4517)) ;
#4525=EDGE_LOOP('',(#4526,#4527,#4528,#4529,#4530,#4531,#4532,#4533)) ;
#4596=EDGE_LOOP('',(#4597,#4598,#4599,#4600)) ;
#4627=EDGE_LOOP('',(#4628,#4629,#4630,#4631)) ;
#4649=EDGE_LOOP('',(#4650,#4651,#4652,#4653)) ;
#4661=EDGE_LOOP('',(#4662,#4663)) ;
#4690=EDGE_LOOP('',(#4691,#4692,#4693,#4694)) ;
#4707=EDGE_LOOP('',(#4708,#4709,#4710,#4711)) ;
#4742=EDGE_LOOP('',(#4743,#4744)) ;
#4752=EDGE_LOOP('',(#4753,#4754,#4755,#4756)) ;
#101=FACE_OUTER_BOUND('',#96,.T.) ;
#123=FACE_OUTER_BOUND('',#118,.T.) ;
#147=FACE_OUTER_BOUND('',#144,.T.) ;
#161=FACE_OUTER_BOUND('',#158,.T.) ;
#356=FACE_OUTER_BOUND('',#331,.T.) ;
#521=FACE_OUTER_BOUND('',#496,.T.) ;
#586=FACE_OUTER_BOUND('',#581,.T.) ;
#610=FACE_OUTER_BOUND('',#605,.T.) ;
#634=FACE_OUTER_BOUND('',#629,.T.) ;
#674=FACE_OUTER_BOUND('',#667,.T.) ;
#698=FACE_OUTER_BOUND('',#693,.T.) ;
#731=FACE_OUTER_BOUND('',#724,.T.) ;
#771=FACE_OUTER_BOUND('',#764,.T.) ;
#790=FACE_OUTER_BOUND('',#785,.T.) ;
#823=FACE_OUTER_BOUND('',#816,.T.) ;
#850=FACE_OUTER_BOUND('',#844,.T.) ;
#874=FACE_OUTER_BOUND('',#869,.T.) ;
#894=FACE_OUTER_BOUND('',#888,.T.) ;
#921=FACE_OUTER_BOUND('',#915,.T.) ;
#940=FACE_OUTER_BOUND('',#935,.T.) ;
#960=FACE_OUTER_BOUND('',#954,.T.) ;
#991=FACE_OUTER_BOUND('',#986,.T.) ;
#1015=FACE_OUTER_BOUND('',#1010,.T.) ;
#1039=FACE_OUTER_BOUND('',#1034,.T.) ;
#1051=FACE_OUTER_BOUND('',#1046,.T.) ;
#1082=FACE_OUTER_BOUND('',#1077,.T.) ;
#1094=FACE_OUTER_BOUND('',#1089,.T.) ;
#1106=FACE_OUTER_BOUND('',#1101,.T.) ;
#1118=FACE_OUTER_BOUND('',#1113,.T.) ;
#1130=FACE_OUTER_BOUND('',#1125,.T.) ;
#1161=FACE_OUTER_BOUND('',#1156,.T.) ;
#1173=FACE_OUTER_BOUND('',#1168,.T.) ;
#1199=FACE_OUTER_BOUND('',#1194,.T.) ;
#1223=FACE_OUTER_BOUND('',#1218,.T.) ;
#1242=FACE_OUTER_BOUND('',#1237,.T.) ;
#1254=FACE_OUTER_BOUND('',#1249,.T.) ;
#1318=FACE_OUTER_BOUND('',#1308,.T.) ;
#1344=FACE_OUTER_BOUND('',#1340,.T.) ;
#1368=FACE_OUTER_BOUND('',#1363,.T.) ;
#1440=FACE_OUTER_BOUND('',#1429,.T.) ;
#1525=FACE_OUTER_BOUND('',#1521,.T.) ;
#1542=FACE_OUTER_BOUND('',#1537,.T.) ;
#1554=FACE_OUTER_BOUND('',#1549,.T.) ;
#1566=FACE_OUTER_BOUND('',#1561,.T.) ;
#1573=FACE_OUTER_BOUND('',#1568,.T.) ;
#1585=FACE_OUTER_BOUND('',#1580,.T.) ;
#1592=FACE_OUTER_BOUND('',#1587,.T.) ;
#1599=FACE_OUTER_BOUND('',#1594,.T.) ;
#1625=FACE_OUTER_BOUND('',#1621,.T.) ;
#1651=FACE_OUTER_BOUND('',#1647,.T.) ;
#1668=FACE_OUTER_BOUND('',#1663,.T.) ;
#1675=FACE_OUTER_BOUND('',#1670,.T.) ;
#1706=FACE_OUTER_BOUND('',#1701,.T.) ;
#1745=FACE_OUTER_BOUND('',#1739,.T.) ;
#1776=FACE_OUTER_BOUND('',#1771,.T.) ;
#1793=FACE_OUTER_BOUND('',#1788,.T.) ;
#1817=FACE_OUTER_BOUND('',#1812,.T.) ;
#1844=FACE_OUTER_BOUND('',#1839,.T.) ;
#1868=FACE_OUTER_BOUND('',#1863,.T.) ;
#1892=FACE_OUTER_BOUND('',#1887,.T.) ;
#1923=FACE_OUTER_BOUND('',#1918,.T.) ;
#1954=FACE_OUTER_BOUND('',#1949,.T.) ;
#1996=FACE_OUTER_BOUND('',#1990,.T.) ;
#2020=FACE_OUTER_BOUND('',#2015,.T.) ;
#2044=FACE_OUTER_BOUND('',#2039,.T.) ;
#2061=FACE_OUTER_BOUND('',#2056,.T.) ;
#2078=FACE_OUTER_BOUND('',#2073,.T.) ;
#2110=FACE_OUTER_BOUND('',#2104,.T.) ;
#2141=FACE_OUTER_BOUND('',#2136,.T.) ;
#2165=FACE_OUTER_BOUND('',#2160,.T.) ;
#2189=FACE_OUTER_BOUND('',#2184,.T.) ;
#2213=FACE_OUTER_BOUND('',#2208,.T.) ;
#2237=FACE_OUTER_BOUND('',#2232,.T.) ;
#2261=FACE_OUTER_BOUND('',#2256,.T.) ;
#2285=FACE_OUTER_BOUND('',#2280,.T.) ;
#2302=FACE_OUTER_BOUND('',#2297,.T.) ;
#2319=FACE_OUTER_BOUND('',#2314,.T.) ;
#2338=FACE_OUTER_BOUND('',#2334,.T.) ;
#2360=FACE_OUTER_BOUND('',#2355,.T.) ;
#2442=FACE_OUTER_BOUND('',#2438,.T.) ;
#2464=FACE_OUTER_BOUND('',#2459,.T.) ;
#2487=FACE_OUTER_BOUND('',#2483,.T.) ;
#2503=FACE_OUTER_BOUND('',#2499,.T.) ;
#2519=FACE_OUTER_BOUND('',#2515,.T.) ;
#2536=FACE_OUTER_BOUND('',#2531,.T.) ;
#2554=FACE_OUTER_BOUND('',#2548,.T.) ;
#2571=FACE_OUTER_BOUND('',#2566,.T.) ;
#2587=FACE_OUTER_BOUND('',#2583,.T.) ;
#2603=FACE_OUTER_BOUND('',#2599,.T.) ;
#2619=FACE_OUTER_BOUND('',#2615,.T.) ;
#2635=FACE_OUTER_BOUND('',#2631,.T.) ;
#2651=FACE_OUTER_BOUND('',#2647,.T.) ;
#2667=FACE_OUTER_BOUND('',#2658,.T.) ;
#2679=FACE_OUTER_BOUND('',#2674,.T.) ;
#2691=FACE_OUTER_BOUND('',#2686,.T.) ;
#2722=FACE_OUTER_BOUND('',#2717,.T.) ;
#2746=FACE_OUTER_BOUND('',#2741,.T.) ;
#2974=FACE_OUTER_BOUND('',#2969,.T.) ;
#2998=FACE_OUTER_BOUND('',#2993,.T.) ;
#3022=FACE_OUTER_BOUND('',#3017,.T.) ;
#3046=FACE_OUTER_BOUND('',#3041,.T.) ;
#3268=FACE_OUTER_BOUND('',#3263,.T.) ;
#3285=FACE_OUTER_BOUND('',#3280,.T.) ;
#3298=FACE_OUTER_BOUND('',#3292,.T.) ;
#3314=FACE_OUTER_BOUND('',#3305,.T.) ;
#3420=FACE_OUTER_BOUND('',#3415,.T.) ;
#3444=FACE_OUTER_BOUND('',#3439,.T.) ;
#3468=FACE_OUTER_BOUND('',#3463,.T.) ;
#3492=FACE_OUTER_BOUND('',#3487,.T.) ;
#3516=FACE_OUTER_BOUND('',#3511,.T.) ;
#3540=FACE_OUTER_BOUND('',#3535,.T.) ;
#3564=FACE_OUTER_BOUND('',#3559,.T.) ;
#3581=FACE_OUTER_BOUND('',#3576,.T.) ;
#3612=FACE_OUTER_BOUND('',#3607,.T.) ;
#3636=FACE_OUTER_BOUND('',#3631,.T.) ;
#3655=FACE_OUTER_BOUND('',#3650,.T.) ;
#3679=FACE_OUTER_BOUND('',#3674,.T.) ;
#3703=FACE_OUTER_BOUND('',#3698,.T.) ;
#3727=FACE_OUTER_BOUND('',#3722,.T.) ;
#3746=FACE_OUTER_BOUND('',#3741,.T.) ;
#3763=FACE_OUTER_BOUND('',#3758,.T.) ;
#3789=FACE_OUTER_BOUND('',#3784,.T.) ;
#3813=FACE_OUTER_BOUND('',#3808,.T.) ;
#3832=FACE_OUTER_BOUND('',#3827,.T.) ;
#3856=FACE_OUTER_BOUND('',#3851,.T.) ;
#3875=FACE_OUTER_BOUND('',#3870,.T.) ;
#3894=FACE_OUTER_BOUND('',#3889,.T.) ;
#3913=FACE_OUTER_BOUND('',#3908,.T.) ;
#3925=FACE_OUTER_BOUND('',#3920,.T.) ;
#3951=FACE_OUTER_BOUND('',#3946,.T.) ;
#3970=FACE_OUTER_BOUND('',#3965,.T.) ;
#3989=FACE_OUTER_BOUND('',#3984,.T.) ;
#4008=FACE_OUTER_BOUND('',#4003,.T.) ;
#4027=FACE_OUTER_BOUND('',#4022,.T.) ;
#4051=FACE_OUTER_BOUND('',#4046,.T.) ;
#4070=FACE_OUTER_BOUND('',#4065,.T.) ;
#4087=FACE_OUTER_BOUND('',#4082,.T.) ;
#4113=FACE_OUTER_BOUND('',#4108,.T.) ;
#4137=FACE_OUTER_BOUND('',#4132,.T.) ;
#4161=FACE_OUTER_BOUND('',#4156,.T.) ;
#4185=FACE_OUTER_BOUND('',#4180,.T.) ;
#4204=FACE_OUTER_BOUND('',#4199,.T.) ;
#4228=FACE_OUTER_BOUND('',#4223,.T.) ;
#4252=FACE_OUTER_BOUND('',#4247,.T.) ;
#4269=FACE_OUTER_BOUND('',#4264,.T.) ;
#4300=FACE_OUTER_BOUND('',#4295,.T.) ;
#4324=FACE_OUTER_BOUND('',#4319,.T.) ;
#4348=FACE_OUTER_BOUND('',#4343,.T.) ;
#4372=FACE_OUTER_BOUND('',#4367,.T.) ;
#4426=FACE_OUTER_BOUND('',#4421,.T.) ;
#4450=FACE_OUTER_BOUND('',#4445,.T.) ;
#4474=FACE_OUTER_BOUND('',#4469,.T.) ;
#4491=FACE_OUTER_BOUND('',#4486,.T.) ;
#4507=FACE_OUTER_BOUND('',#4498,.T.) ;
#4518=FACE_OUTER_BOUND('',#4509,.T.) ;
#4534=FACE_OUTER_BOUND('',#4525,.T.) ;
#4601=FACE_OUTER_BOUND('',#4596,.T.) ;
#4632=FACE_OUTER_BOUND('',#4627,.T.) ;
#4654=FACE_OUTER_BOUND('',#4649,.T.) ;
#4664=FACE_OUTER_BOUND('',#4661,.T.) ;
#4695=FACE_OUTER_BOUND('',#4690,.T.) ;
#4712=FACE_OUTER_BOUND('',#4707,.T.) ;
#4745=FACE_OUTER_BOUND('',#4742,.T.) ;
#4757=FACE_OUTER_BOUND('',#4752,.T.) ;
#50=UNCERTAINTY_MEASURE_WITH_UNIT(LENGTH_MEASURE(0.005),#46,'distance_accuracy_value','CONFUSED CURVE UNCERTAINTY') ;
#52=UNCERTAINTY_MEASURE_WITH_UNIT(LENGTH_MEASURE(0.005),#46,'distance_accuracy_value','CONFUSED CURVE UNCERTAINTY') ;
#4552=UNCERTAINTY_MEASURE_WITH_UNIT(LENGTH_MEASURE(0.005),#46,'distance_accuracy_value','CONFUSED CURVE UNCERTAINTY') ;
#4775=UNCERTAINTY_MEASURE_WITH_UNIT(LENGTH_MEASURE(0.005),#46,'distance_accuracy_value','CONFUSED CURVE UNCERTAINTY') ;
#71=LINE('Line',#68,#70) ;
#87=LINE('Line',#84,#86) ;
#171=LINE('Line',#168,#170) ;
#205=LINE('Line',#202,#204) ;
#212=LINE('Line',#209,#211) ;
#226=LINE('Line',#223,#225) ;
#240=LINE('Line',#237,#239) ;
#254=LINE('Line',#251,#253) ;
#268=LINE('Line',#265,#267) ;
#273=LINE('Line',#270,#272) ;
#287=LINE('Line',#284,#286) ;
#301=LINE('Line',#298,#300) ;
#315=LINE('Line',#312,#314) ;
#329=LINE('Line',#326,#328) ;
#369=LINE('Line',#366,#368) ;
#383=LINE('Line',#380,#382) ;
#416=LINE('Line',#413,#415) ;
#435=LINE('Line',#432,#434) ;
#454=LINE('Line',#451,#453) ;
#473=LINE('Line',#470,#472) ;
#534=LINE('Line',#531,#533) ;
#548=LINE('Line',#545,#547) ;
#565=LINE('Line',#562,#564) ;
#572=LINE('Line',#569,#571) ;
#596=LINE('Line',#593,#595) ;
#603=LINE('Line',#600,#602) ;
#620=LINE('Line',#617,#619) ;
#644=LINE('Line',#641,#643) ;
#665=LINE('Line',#662,#664) ;
#684=LINE('Line',#681,#683) ;
#691=LINE('Line',#688,#690) ;
#722=LINE('Line',#719,#721) ;
#741=LINE('Line',#738,#740) ;
#762=LINE('Line',#759,#761) ;
#776=LINE('Line',#773,#775) ;
#783=LINE('Line',#780,#782) ;
#814=LINE('Line',#811,#813) ;
#828=LINE('Line',#825,#827) ;
#842=LINE('Line',#839,#841) ;
#860=LINE('Line',#857,#859) ;
#867=LINE('Line',#864,#866) ;
#886=LINE('Line',#883,#885) ;
#899=LINE('Line',#896,#898) ;
#913=LINE('Line',#910,#912) ;
#926=LINE('Line',#923,#925) ;
#933=LINE('Line',#930,#932) ;
#952=LINE('Line',#949,#951) ;
#970=LINE('Line',#967,#969) ;
#984=LINE('Line',#981,#983) ;
#1001=LINE('Line',#998,#1000) ;
#1008=LINE('Line',#1005,#1007) ;
#1032=LINE('Line',#1029,#1031) ;
#1044=LINE('Line',#1041,#1043) ;
#1061=LINE('Line',#1058,#1060) ;
#1068=LINE('Line',#1065,#1067) ;
#1087=LINE('Line',#1084,#1086) ;
#1099=LINE('Line',#1096,#1098) ;
#1111=LINE('Line',#1108,#1110) ;
#1123=LINE('Line',#1120,#1122) ;
#1140=LINE('Line',#1137,#1139) ;
#1147=LINE('Line',#1144,#1146) ;
#1166=LINE('Line',#1163,#1165) ;
#1178=LINE('Line',#1175,#1177) ;
#1192=LINE('Line',#1189,#1191) ;
#1209=LINE('Line',#1206,#1208) ;
#1216=LINE('Line',#1213,#1215) ;
#1235=LINE('Line',#1232,#1234) ;
#1247=LINE('Line',#1244,#1246) ;
#1264=LINE('Line',#1261,#1263) ;
#1273=LINE('Line',#1270,#1272) ;
#1287=LINE('Line',#1284,#1286) ;
#1292=LINE('Line',#1289,#1291) ;
#1306=LINE('Line',#1303,#1305) ;
#1354=LINE('Line',#1351,#1353) ;
#1378=LINE('Line',#1375,#1377) ;
#1387=LINE('Line',#1384,#1386) ;
#1394=LINE('Line',#1391,#1393) ;
#1415=LINE('Line',#1412,#1414) ;
#1420=LINE('Line',#1417,#1419) ;
#1444=LINE('Line',#1441,#1443) ;
#1460=LINE('Line',#1457,#1459) ;
#1474=LINE('Line',#1471,#1473) ;
#1488=LINE('Line',#1485,#1487) ;
#1535=LINE('Line',#1532,#1534) ;
#1559=LINE('Line',#1556,#1558) ;
#1661=LINE('Line',#1658,#1660) ;
#1692=LINE('Line',#1689,#1691) ;
#1716=LINE('Line',#1713,#1715) ;
#1786=LINE('Line',#1783,#1785) ;
#1803=LINE('Line',#1800,#1802) ;
#1854=LINE('Line',#1851,#1853) ;
#1878=LINE('Line',#1875,#1877) ;
#1885=LINE('Line',#1882,#1884) ;
#1909=LINE('Line',#1906,#1908) ;
#1933=LINE('Line',#1930,#1932) ;
#1964=LINE('Line',#1961,#1963) ;
#2054=LINE('Line',#2051,#2053) ;
#2120=LINE('Line',#2117,#2119) ;
#2127=LINE('Line',#2124,#2126) ;
#2134=LINE('Line',#2131,#2133) ;
#2158=LINE('Line',#2155,#2157) ;
#2175=LINE('Line',#2172,#2174) ;
#2182=LINE('Line',#2179,#2181) ;
#2206=LINE('Line',#2203,#2205) ;
#2223=LINE('Line',#2220,#2222) ;
#2230=LINE('Line',#2227,#2229) ;
#2254=LINE('Line',#2251,#2253) ;
#2271=LINE('Line',#2268,#2270) ;
#2278=LINE('Line',#2275,#2277) ;
#2312=LINE('Line',#2309,#2311) ;
#2348=LINE('Line',#2345,#2347) ;
#2353=LINE('Line',#2350,#2352) ;
#2373=LINE('Line',#2370,#2372) ;
#2387=LINE('Line',#2384,#2386) ;
#2401=LINE('Line',#2398,#2400) ;
#2415=LINE('Line',#2412,#2414) ;
#2452=LINE('Line',#2449,#2451) ;
#2457=LINE('Line',#2454,#2456) ;
#2529=LINE('Line',#2526,#2528) ;
#2546=LINE('Line',#2543,#2545) ;
#2564=LINE('Line',#2561,#2563) ;
#2710=LINE('Line',#2707,#2709) ;
#2715=LINE('Line',#2712,#2714) ;
#2732=LINE('Line',#2729,#2731) ;
#2739=LINE('Line',#2736,#2738) ;
#2768=LINE('Line',#2765,#2767) ;
#2791=LINE('Line',#2788,#2790) ;
#2814=LINE('Line',#2811,#2813) ;
#2837=LINE('Line',#2834,#2836) ;
#2852=LINE('Line',#2849,#2851) ;
#2877=LINE('Line',#2874,#2876) ;
#2900=LINE('Line',#2897,#2899) ;
#2923=LINE('Line',#2920,#2922) ;
#2967=LINE('Line',#2964,#2966) ;
#2984=LINE('Line',#2981,#2983) ;
#2991=LINE('Line',#2988,#2990) ;
#3015=LINE('Line',#3012,#3014) ;
#3032=LINE('Line',#3029,#3031) ;
#3039=LINE('Line',#3036,#3038) ;
#3050=LINE('Line',#3047,#3049) ;
#3066=LINE('Line',#3063,#3065) ;
#3080=LINE('Line',#3077,#3079) ;
#3094=LINE('Line',#3091,#3093) ;
#3116=LINE('Line',#3113,#3115) ;
#3132=LINE('Line',#3129,#3131) ;
#3146=LINE('Line',#3143,#3145) ;
#3160=LINE('Line',#3157,#3159) ;
#3182=LINE('Line',#3179,#3181) ;
#3198=LINE('Line',#3195,#3197) ;
#3212=LINE('Line',#3209,#3211) ;
#3226=LINE('Line',#3223,#3225) ;
#3261=LINE('Line',#3258,#3260) ;
#3278=LINE('Line',#3275,#3277) ;
#3336=LINE('Line',#3333,#3335) ;
#3350=LINE('Line',#3347,#3349) ;
#3364=LINE('Line',#3361,#3363) ;
#3378=LINE('Line',#3375,#3377) ;
#3399=LINE('Line',#3396,#3398) ;
#3406=LINE('Line',#3403,#3405) ;
#3430=LINE('Line',#3427,#3429) ;
#3437=LINE('Line',#3434,#3436) ;
#3454=LINE('Line',#3451,#3453) ;
#3478=LINE('Line',#3475,#3477) ;
#3485=LINE('Line',#3482,#3484) ;
#3502=LINE('Line',#3499,#3501) ;
#3526=LINE('Line',#3523,#3525) ;
#3533=LINE('Line',#3530,#3532) ;
#3550=LINE('Line',#3547,#3549) ;
#3574=LINE('Line',#3571,#3573) ;
#3591=LINE('Line',#3588,#3590) ;
#3598=LINE('Line',#3595,#3597) ;
#3605=LINE('Line',#3602,#3604) ;
#3622=LINE('Line',#3619,#3621) ;
#3641=LINE('Line',#3638,#3640) ;
#3648=LINE('Line',#3645,#3647) ;
#3665=LINE('Line',#3662,#3664) ;
#3689=LINE('Line',#3686,#3688) ;
#3696=LINE('Line',#3693,#3695) ;
#3713=LINE('Line',#3710,#3712) ;
#3732=LINE('Line',#3729,#3731) ;
#3739=LINE('Line',#3736,#3738) ;
#3768=LINE('Line',#3765,#3767) ;
#3777=LINE('Line',#3774,#3776) ;
#3782=LINE('Line',#3779,#3781) ;
#3806=LINE('Line',#3803,#3805) ;
#3818=LINE('Line',#3815,#3817) ;
#3825=LINE('Line',#3822,#3824) ;
#3849=LINE('Line',#3846,#3848) ;
#3861=LINE('Line',#3858,#3860) ;
#3868=LINE('Line',#3865,#3867) ;
#3887=LINE('Line',#3884,#3886) ;
#3899=LINE('Line',#3896,#3898) ;
#3906=LINE('Line',#3903,#3905) ;
#3930=LINE('Line',#3927,#3929) ;
#3937=LINE('Line',#3934,#3936) ;
#3944=LINE('Line',#3941,#3943) ;
#3963=LINE('Line',#3960,#3962) ;
#3975=LINE('Line',#3972,#3974) ;
#3982=LINE('Line',#3979,#3981) ;
#4001=LINE('Line',#3998,#4000) ;
#4013=LINE('Line',#4010,#4012) ;
#4020=LINE('Line',#4017,#4019) ;
#4044=LINE('Line',#4041,#4043) ;
#4056=LINE('Line',#4053,#4055) ;
#4063=LINE('Line',#4060,#4062) ;
#4092=LINE('Line',#4089,#4091) ;
#4101=LINE('Line',#4098,#4100) ;
#4106=LINE('Line',#4103,#4105) ;
#4130=LINE('Line',#4127,#4129) ;
#4147=LINE('Line',#4144,#4146) ;
#4154=LINE('Line',#4151,#4153) ;
#4178=LINE('Line',#4175,#4177) ;
#4190=LINE('Line',#4187,#4189) ;
#4197=LINE('Line',#4194,#4196) ;
#4221=LINE('Line',#4218,#4220) ;
#4238=LINE('Line',#4235,#4237) ;
#4245=LINE('Line',#4242,#4244) ;
#4279=LINE('Line',#4276,#4278) ;
#4293=LINE('Line',#4290,#4292) ;
#4310=LINE('Line',#4307,#4309) ;
#4317=LINE('Line',#4314,#4316) ;
#4341=LINE('Line',#4338,#4340) ;
#4358=LINE('Line',#4355,#4357) ;
#4365=LINE('Line',#4362,#4364) ;
#4419=LINE('Line',#4416,#4418) ;
#4436=LINE('Line',#4433,#4435) ;
#4443=LINE('Line',#4440,#4442) ;
#4467=LINE('Line',#4464,#4466) ;
#4484=LINE('Line',#4481,#4483) ;
#4580=LINE('Line',#4577,#4579) ;
#4594=LINE('Line',#4591,#4593) ;
#4683=LINE('Line',#4680,#4682) ;
#4688=LINE('Line',#4685,#4687) ;
#2=MECHANICAL_CONTEXT(' ',#1,'mechanical') ;
#4539=NEXT_ASSEMBLY_USAGE_OCCURRENCE('Part1.1','Part1.1','',#17,#58,' ') ;
#4762=NEXT_ASSEMBLY_USAGE_OCCURRENCE('Part1.2','Part1.2','',#17,#4558,' ') ;
#4777=NEXT_ASSEMBLY_USAGE_OCCURRENCE('Part1.3','Part1.3','',#17,#58,' ') ;
#27=PERSONAL_ADDRESS(' ',' ',' ',' ',' ',' ',' ',' ',' ',' ',' ',' ',(#25),' ') ;
#129=PLANE('',#128) ;
#157=PLANE('',#156) ;
#592=PLANE('',#591) ;
#640=PLANE('',#639) ;
#680=PLANE('',#679) ;
#704=PLANE('',#703) ;
#737=PLANE('',#736) ;
#796=PLANE('',#795) ;
#856=PLANE('',#855) ;
#966=PLANE('',#965) ;
#997=PLANE('',#996) ;
#1021=PLANE('',#1020) ;
#1205=PLANE('',#1204) ;
#1260=PLANE('',#1259) ;
#1374=PLANE('',#1373) ;
#1874=PLANE('',#1873) ;
#2116=PLANE('',#2115) ;
#2171=PLANE('',#2170) ;
#2219=PLANE('',#2218) ;
#2267=PLANE('',#2266) ;
#2308=PLANE('',#2307) ;
#2344=PLANE('',#2343) ;
#2448=PLANE('',#2447) ;
#2560=PLANE('',#2559) ;
#2657=PLANE('',#2656) ;
#2728=PLANE('',#2727) ;
#2980=PLANE('',#2979) ;
#3028=PLANE('',#3027) ;
#3274=PLANE('',#3273) ;
#3304=PLANE('',#3303) ;
#3426=PLANE('',#3425) ;
#3474=PLANE('',#3473) ;
#3522=PLANE('',#3521) ;
#3570=PLANE('',#3569) ;
#3587=PLANE('',#3586) ;
#3685=PLANE('',#3684) ;
#4143=PLANE('',#4142) ;
#4234=PLANE('',#4233) ;
#4306=PLANE('',#4305) ;
#4354=PLANE('',#4353) ;
#4432=PLANE('',#4431) ;
#4480=PLANE('',#4479) ;
#4497=PLANE('',#4496) ;
#4524=PLANE('',#4523) ;
#4660=PLANE('',#4659) ;
#4718=PLANE('',#4717) ;
#48=PLANE_ANGLE_MEASURE_WITH_UNIT(PLANE_ANGLE_MEASURE(0.0174532925199),#47) ;
#7=PRODUCT_CATEGORY('part',$) ;
#14=PRODUCT_CATEGORY('part',$) ;
#9=PRODUCT_CATEGORY_RELATIONSHIP(' ',' ',#7,#8) ;
#16=PRODUCT_CATEGORY_RELATIONSHIP(' ',' ',#14,#15) ;
#6=PRODUCT_DEFINITION_FORMATION_WITH_SPECIFIED_SOURCE('',' ',#5,.NOT_KNOWN.) ;
#57=PRODUCT_DEFINITION_FORMATION_WITH_SPECIFIED_SOURCE('',' ',#56,.NOT_KNOWN.) ;
#4557=PRODUCT_DEFINITION_FORMATION_WITH_SPECIFIED_SOURCE('',' ',#4556,.NOT_KNOWN.) ;
#58=PRODUCT_DEFINITION_WITH_ASSOCIATED_DOCUMENTS('',' ',#57,#3,(#60)) ;
#4558=PRODUCT_DEFINITION_WITH_ASSOCIATED_DOCUMENTS('',' ',#4557,#3,(#4560)) ;
#8=PRODUCT_RELATED_PRODUCT_CATEGORY('detail',$,(#56,#4556)) ;
#15=PRODUCT_RELATED_PRODUCT_CATEGORY('part',$,(#5)) ;
#43=SHAPE_DEFINITION_REPRESENTATION(#45,#44) ;
#55=SHAPE_DEFINITION_REPRESENTATION(#61,#54) ;
#4555=SHAPE_DEFINITION_REPRESENTATION(#4561,#4554) ;
#1324=SPHERICAL_SURFACE('',#1323,0.5) ;
#1512=SPHERICAL_SURFACE('',#1511,0.5) ;
#1605=SPHERICAL_SURFACE('',#1604,0.5) ;
#1631=SPHERICAL_SURFACE('',#1630,0.5) ;
#2325=SPHERICAL_SURFACE('',#2324,0.5) ;
#2432=SPHERICAL_SURFACE('',#2431,0.5) ;
#2470=SPHERICAL_SURFACE('',#2469,0.5) ;
#2493=SPHERICAL_SURFACE('',#2492,0.5) ;
#2509=SPHERICAL_SURFACE('',#2508,0.5) ;
#2577=SPHERICAL_SURFACE('',#2576,0.5) ;
#2593=SPHERICAL_SURFACE('',#2592,0.5) ;
#2609=SPHERICAL_SURFACE('',#2608,0.5) ;
#2625=SPHERICAL_SURFACE('',#2624,0.5) ;
#2641=SPHERICAL_SURFACE('',#2640,0.5) ;
#73=VERTEX_POINT('',#72) ;
#75=VERTEX_POINT('',#74) ;
#82=VERTEX_POINT('',#81) ;
#89=VERTEX_POINT('',#88) ;
#135=VERTEX_POINT('',#134) ;
#137=VERTEX_POINT('',#136) ;
#173=VERTEX_POINT('',#172) ;
#175=VERTEX_POINT('',#174) ;
#184=VERTEX_POINT('',#183) ;
#191=VERTEX_POINT('',#190) ;
#200=VERTEX_POINT('',#199) ;
#207=VERTEX_POINT('',#206) ;
#214=VERTEX_POINT('',#213) ;
#221=VERTEX_POINT('',#220) ;
#228=VERTEX_POINT('',#227) ;
#235=VERTEX_POINT('',#234) ;
#242=VERTEX_POINT('',#241) ;
#249=VERTEX_POINT('',#248) ;
#256=VERTEX_POINT('',#255) ;
#263=VERTEX_POINT('',#262) ;
#275=VERTEX_POINT('',#274) ;
#282=VERTEX_POINT('',#281) ;
#289=VERTEX_POINT('',#288) ;
#296=VERTEX_POINT('',#295) ;
#303=VERTEX_POINT('',#302) ;
#310=VERTEX_POINT('',#309) ;
#317=VERTEX_POINT('',#316) ;
#324=VERTEX_POINT('',#323) ;
#362=VERTEX_POINT('',#361) ;
#364=VERTEX_POINT('',#363) ;
#371=VERTEX_POINT('',#370) ;
#378=VERTEX_POINT('',#377) ;
#404=VERTEX_POINT('',#403) ;
#411=VERTEX_POINT('',#410) ;
#418=VERTEX_POINT('',#417) ;
#430=VERTEX_POINT('',#429) ;
#437=VERTEX_POINT('',#436) ;
#449=VERTEX_POINT('',#448) ;
#456=VERTEX_POINT('',#455) ;
#468=VERTEX_POINT('',#467) ;
#475=VERTEX_POINT('',#474) ;
#489=VERTEX_POINT('',#488) ;
#527=VERTEX_POINT('',#526) ;
#529=VERTEX_POINT('',#528) ;
#536=VERTEX_POINT('',#535) ;
#543=VERTEX_POINT('',#542) ;
#567=VERTEX_POINT('',#566) ;
#574=VERTEX_POINT('',#573) ;
#598=VERTEX_POINT('',#597) ;
#622=VERTEX_POINT('',#621) ;
#646=VERTEX_POINT('',#645) ;
#653=VERTEX_POINT('',#652) ;
#660=VERTEX_POINT('',#659) ;
#686=VERTEX_POINT('',#685) ;
#710=VERTEX_POINT('',#709) ;
#717=VERTEX_POINT('',#716) ;
#743=VERTEX_POINT('',#742) ;
#750=VERTEX_POINT('',#749) ;
#757=VERTEX_POINT('',#756) ;
#778=VERTEX_POINT('',#777) ;
#802=VERTEX_POINT('',#801) ;
#809=VERTEX_POINT('',#808) ;
#830=VERTEX_POINT('',#829) ;
#837=VERTEX_POINT('',#836) ;
#862=VERTEX_POINT('',#861) ;
#881=VERTEX_POINT('',#880) ;
#901=VERTEX_POINT('',#900) ;
#908=VERTEX_POINT('',#907) ;
#928=VERTEX_POINT('',#927) ;
#947=VERTEX_POINT('',#946) ;
#972=VERTEX_POINT('',#971) ;
#979=VERTEX_POINT('',#978) ;
#1003=VERTEX_POINT('',#1002) ;
#1027=VERTEX_POINT('',#1026) ;
#1063=VERTEX_POINT('',#1062) ;
#1070=VERTEX_POINT('',#1069) ;
#1142=VERTEX_POINT('',#1141) ;
#1149=VERTEX_POINT('',#1148) ;
#1180=VERTEX_POINT('',#1179) ;
#1187=VERTEX_POINT('',#1186) ;
#1211=VERTEX_POINT('',#1210) ;
#1230=VERTEX_POINT('',#1229) ;
#1266=VERTEX_POINT('',#1265) ;
#1268=VERTEX_POINT('',#1267) ;
#1275=VERTEX_POINT('',#1274) ;
#1282=VERTEX_POINT('',#1281) ;
#1294=VERTEX_POINT('',#1293) ;
#1301=VERTEX_POINT('',#1300) ;
#1333=VERTEX_POINT('',#1332) ;
#1356=VERTEX_POINT('',#1355) ;
#1380=VERTEX_POINT('',#1379) ;
#1382=VERTEX_POINT('',#1381) ;
#1389=VERTEX_POINT('',#1388) ;
#1396=VERTEX_POINT('',#1395) ;
#1403=VERTEX_POINT('',#1402) ;
#1410=VERTEX_POINT('',#1409) ;
#1422=VERTEX_POINT('',#1421) ;
#1446=VERTEX_POINT('',#1445) ;
#1448=VERTEX_POINT('',#1447) ;
#1455=VERTEX_POINT('',#1454) ;
#1462=VERTEX_POINT('',#1461) ;
#1469=VERTEX_POINT('',#1468) ;
#1476=VERTEX_POINT('',#1475) ;
#1483=VERTEX_POINT('',#1482) ;
#1490=VERTEX_POINT('',#1489) ;
#1611=VERTEX_POINT('',#1610) ;
#1640=VERTEX_POINT('',#1639) ;
#1687=VERTEX_POINT('',#1686) ;
#1694=VERTEX_POINT('',#1693) ;
#1718=VERTEX_POINT('',#1717) ;
#1720=VERTEX_POINT('',#1719) ;
#1732=VERTEX_POINT('',#1731) ;
#1757=VERTEX_POINT('',#1756) ;
#1764=VERTEX_POINT('',#1763) ;
#1805=VERTEX_POINT('',#1804) ;
#1829=VERTEX_POINT('',#1828) ;
#1856=VERTEX_POINT('',#1855) ;
#1880=VERTEX_POINT('',#1879) ;
#1904=VERTEX_POINT('',#1903) ;
#1911=VERTEX_POINT('',#1910) ;
#1935=VERTEX_POINT('',#1934) ;
#1937=VERTEX_POINT('',#1936) ;
#1966=VERTEX_POINT('',#1965) ;
#1968=VERTEX_POINT('',#1967) ;
#1983=VERTEX_POINT('',#1982) ;
#2008=VERTEX_POINT('',#2007) ;
#2032=VERTEX_POINT('',#2031) ;
#2090=VERTEX_POINT('',#2089) ;
#2097=VERTEX_POINT('',#2096) ;
#2122=VERTEX_POINT('',#2121) ;
#2129=VERTEX_POINT('',#2128) ;
#2153=VERTEX_POINT('',#2152) ;
#2177=VERTEX_POINT('',#2176) ;
#2201=VERTEX_POINT('',#2200) ;
#2225=VERTEX_POINT('',#2224) ;
#2249=VERTEX_POINT('',#2248) ;
#2273=VERTEX_POINT('',#2272) ;
#2366=VERTEX_POINT('',#2365) ;
#2368=VERTEX_POINT('',#2367) ;
#2375=VERTEX_POINT('',#2374) ;
#2382=VERTEX_POINT('',#2381) ;
#2389=VERTEX_POINT('',#2388) ;
#2396=VERTEX_POINT('',#2395) ;
#2403=VERTEX_POINT('',#2402) ;
#2410=VERTEX_POINT('',#2409) ;
#2476=VERTEX_POINT('',#2475) ;
#2703=VERTEX_POINT('',#2702) ;
#2705=VERTEX_POINT('',#2704) ;
#2734=VERTEX_POINT('',#2733) ;
#2761=VERTEX_POINT('',#2760) ;
#2763=VERTEX_POINT('',#2762) ;
#2770=VERTEX_POINT('',#2769) ;
#2786=VERTEX_POINT('',#2785) ;
#2793=VERTEX_POINT('',#2792) ;
#2809=VERTEX_POINT('',#2808) ;
#2816=VERTEX_POINT('',#2815) ;
#2832=VERTEX_POINT('',#2831) ;
#2854=VERTEX_POINT('',#2853) ;
#2856=VERTEX_POINT('',#2855) ;
#2872=VERTEX_POINT('',#2871) ;
#2879=VERTEX_POINT('',#2878) ;
#2895=VERTEX_POINT('',#2894) ;
#2902=VERTEX_POINT('',#2901) ;
#2918=VERTEX_POINT('',#2917) ;
#2925=VERTEX_POINT('',#2924) ;
#2962=VERTEX_POINT('',#2961) ;
#2986=VERTEX_POINT('',#2985) ;
#3010=VERTEX_POINT('',#3009) ;
#3034=VERTEX_POINT('',#3033) ;
#3052=VERTEX_POINT('',#3051) ;
#3054=VERTEX_POINT('',#3053) ;
#3061=VERTEX_POINT('',#3060) ;
#3068=VERTEX_POINT('',#3067) ;
#3075=VERTEX_POINT('',#3074) ;
#3082=VERTEX_POINT('',#3081) ;
#3089=VERTEX_POINT('',#3088) ;
#3096=VERTEX_POINT('',#3095) ;
#3118=VERTEX_POINT('',#3117) ;
#3120=VERTEX_POINT('',#3119) ;
#3127=VERTEX_POINT('',#3126) ;
#3134=VERTEX_POINT('',#3133) ;
#3141=VERTEX_POINT('',#3140) ;
#3148=VERTEX_POINT('',#3147) ;
#3155=VERTEX_POINT('',#3154) ;
#3162=VERTEX_POINT('',#3161) ;
#3184=VERTEX_POINT('',#3183) ;
#3186=VERTEX_POINT('',#3185) ;
#3193=VERTEX_POINT('',#3192) ;
#3200=VERTEX_POINT('',#3199) ;
#3207=VERTEX_POINT('',#3206) ;
#3214=VERTEX_POINT('',#3213) ;
#3221=VERTEX_POINT('',#3220) ;
#3228=VERTEX_POINT('',#3227) ;
#3256=VERTEX_POINT('',#3255) ;
#3329=VERTEX_POINT('',#3328) ;
#3331=VERTEX_POINT('',#3330) ;
#3338=VERTEX_POINT('',#3337) ;
#3345=VERTEX_POINT('',#3344) ;
#3352=VERTEX_POINT('',#3351) ;
#3359=VERTEX_POINT('',#3358) ;
#3366=VERTEX_POINT('',#3365) ;
#3373=VERTEX_POINT('',#3372) ;
#3401=VERTEX_POINT('',#3400) ;
#3408=VERTEX_POINT('',#3407) ;
#3432=VERTEX_POINT('',#3431) ;
#3456=VERTEX_POINT('',#3455) ;
#3480=VERTEX_POINT('',#3479) ;
#3504=VERTEX_POINT('',#3503) ;
#3528=VERTEX_POINT('',#3527) ;
#3552=VERTEX_POINT('',#3551) ;
#3593=VERTEX_POINT('',#3592) ;
#3600=VERTEX_POINT('',#3599) ;
#3624=VERTEX_POINT('',#3623) ;
#3643=VERTEX_POINT('',#3642) ;
#3667=VERTEX_POINT('',#3666) ;
#3691=VERTEX_POINT('',#3690) ;
#3715=VERTEX_POINT('',#3714) ;
#3734=VERTEX_POINT('',#3733) ;
#3770=VERTEX_POINT('',#3769) ;
#3772=VERTEX_POINT('',#3771) ;
#3801=VERTEX_POINT('',#3800) ;
#3820=VERTEX_POINT('',#3819) ;
#3844=VERTEX_POINT('',#3843) ;
#3863=VERTEX_POINT('',#3862) ;
#3882=VERTEX_POINT('',#3881) ;
#3901=VERTEX_POINT('',#3900) ;
#3932=VERTEX_POINT('',#3931) ;
#3939=VERTEX_POINT('',#3938) ;
#3958=VERTEX_POINT('',#3957) ;
#3977=VERTEX_POINT('',#3976) ;
#3996=VERTEX_POINT('',#3995) ;
#4015=VERTEX_POINT('',#4014) ;
#4039=VERTEX_POINT('',#4038) ;
#4058=VERTEX_POINT('',#4057) ;
#4094=VERTEX_POINT('',#4093) ;
#4096=VERTEX_POINT('',#4095) ;
#4125=VERTEX_POINT('',#4124) ;
#4149=VERTEX_POINT('',#4148) ;
#4173=VERTEX_POINT('',#4172) ;
#4192=VERTEX_POINT('',#4191) ;
#4216=VERTEX_POINT('',#4215) ;
#4240=VERTEX_POINT('',#4239) ;
#4281=VERTEX_POINT('',#4280) ;
#4288=VERTEX_POINT('',#4287) ;
#4312=VERTEX_POINT('',#4311) ;
#4336=VERTEX_POINT('',#4335) ;
#4360=VERTEX_POINT('',#4359) ;
#4414=VERTEX_POINT('',#4413) ;
#4438=VERTEX_POINT('',#4437) ;
#4462=VERTEX_POINT('',#4461) ;
#4573=VERTEX_POINT('',#4572) ;
#4575=VERTEX_POINT('',#4574) ;
#4582=VERTEX_POINT('',#4581) ;
#4589=VERTEX_POINT('',#4588) ;
#4613=VERTEX_POINT('',#4612) ;
#4615=VERTEX_POINT('',#4614) ;
#4676=VERTEX_POINT('',#4675) ;
#4678=VERTEX_POINT('',#4677) ;
#46=(LENGTH_UNIT()NAMED_UNIT(*)SI_UNIT(.MILLI.,.METRE.)) ;
#47=(NAMED_UNIT(*)PLANE_ANGLE_UNIT()SI_UNIT($,.RADIAN.)) ;
#49=(NAMED_UNIT(*)SI_UNIT($,.STERADIAN.)SOLID_ANGLE_UNIT()) ;
#51=(GEOMETRIC_REPRESENTATION_CONTEXT(3)GLOBAL_UNCERTAINTY_ASSIGNED_CONTEXT((#50))GLOBAL_UNIT_ASSIGNED_CONTEXT((#46,#47,#49))REPRESENTATION_CONTEXT(' ',' ')) ;
#53=(GEOMETRIC_REPRESENTATION_CONTEXT(3)GLOBAL_UNCERTAINTY_ASSIGNED_CONTEXT((#52))GLOBAL_UNIT_ASSIGNED_CONTEXT((#46,#47,#49))REPRESENTATION_CONTEXT(' ',' ')) ;
#4553=(GEOMETRIC_REPRESENTATION_CONTEXT(3)GLOBAL_UNCERTAINTY_ASSIGNED_CONTEXT((#4552))GLOBAL_UNIT_ASSIGNED_CONTEXT((#46,#47,#49))REPRESENTATION_CONTEXT(' ',' ')) ;
#4776=(GEOMETRIC_REPRESENTATION_CONTEXT(3)GLOBAL_UNCERTAINTY_ASSIGNED_CONTEXT((#4775))GLOBAL_UNIT_ASSIGNED_CONTEXT((#46,#47,#49))REPRESENTATION_CONTEXT(' ',' ')) ;
#4542=(REPRESENTATION_RELATIONSHIP(' ',' ',#54,#44)REPRESENTATION_RELATIONSHIP_WITH_TRANSFORMATION(#4543)SHAPE_REPRESENTATION_RELATIONSHIP()) ;
#4765=(REPRESENTATION_RELATIONSHIP(' ',' ',#4554,#44)REPRESENTATION_RELATIONSHIP_WITH_TRANSFORMATION(#4766)SHAPE_REPRESENTATION_RELATIONSHIP()) ;
#4780=(REPRESENTATION_RELATIONSHIP(' ',' ',#54,#44)REPRESENTATION_RELATIONSHIP_WITH_TRANSFORMATION(#4781)SHAPE_REPRESENTATION_RELATIONSHIP()) ;
ENDSEC;
END-ISO-10303-21;
