ISO-10303-21;
HEADER;
FILE_DESCRIPTION(('CATIA V5 STEP Exchange'),'2;1');

FILE_NAME('C:\\Users\\Dell\\Desktop\\2022-1-5\X2\516C53F863A55355\X0\750\\13\X2\4E2A4EA44ED8\X0\\\BMSDD90618-0.5M\\BMSDD90618-0.5M.stp','2023-02-20T08:59:36+00:00',('none'),('none'),'CATIA Version 5 Release 21 GA (IN-10)','CATIA V5 STEP AP203','none');

FILE_SCHEMA(('CONFIG_CONTROL_DESIGN'));

ENDSEC;
/* file written by CATIA V5R21 */
DATA;
#5=PRODUCT('Product1','','',(#2)) ;
#56=PRODUCT('Part1','','',(#2)) ;
#7254=PRODUCT('Part2','','',(#2)) ;
#1=APPLICATION_CONTEXT('configuration controlled 3D design of mechanical parts and assemblies') ;
#17=PRODUCT_DEFINITION('',' ',#6,#3) ;
#19=SECURITY_CLASSIFICATION(' ',' ',#18) ;
#18=SECURITY_CLASSIFICATION_LEVEL('unclassified') ;
#63=CARTESIAN_POINT('Axis2P3D Location',(0.,0.,-46.)) ;
#68=CARTESIAN_POINT('Line Origine',(3.,0.,-46.)) ;
#72=CARTESIAN_POINT('Vertex',(3.,0.,-31.)) ;
#74=CARTESIAN_POINT('Vertex',(3.,0.,-61.)) ;
#77=CARTESIAN_POINT('Axis2P3D Location',(0.,0.,-31.)) ;
#81=CARTESIAN_POINT('Vertex',(-3.,-3.67381906147E-016,-31.)) ;
#84=CARTESIAN_POINT('Line Origine',(-3.,-3.67381906147E-016,-46.)) ;
#88=CARTESIAN_POINT('Vertex',(-3.,-3.67381906147E-016,-61.)) ;
#91=CARTESIAN_POINT('Axis2P3D Location',(0.,0.,-61.)) ;
#103=CARTESIAN_POINT('Axis2P3D Location',(0.,0.,-46.)) ;
#108=CARTESIAN_POINT('Axis2P3D Location',(0.,0.,-31.)) ;
#113=CARTESIAN_POINT('Axis2P3D Location',(0.,0.,-61.)) ;
#125=CARTESIAN_POINT('Axis2P3D Location',(0.,0.,-31.)) ;
#130=CARTESIAN_POINT('Line Origine',(0.,5.,-31.)) ;
#134=CARTESIAN_POINT('Vertex',(-4.,5.,-31.)) ;
#136=CARTESIAN_POINT('Vertex',(4.,5.,-31.)) ;
#139=CARTESIAN_POINT('Axis2P3D Location',(3.99999999684,3.99999999684,-31.)) ;
#143=CARTESIAN_POINT('Vertex',(5.,4.,-31.)) ;
#146=CARTESIAN_POINT('Line Origine',(5.,0.,-31.)) ;
#150=CARTESIAN_POINT('Vertex',(5.,-4.,-31.)) ;
#153=CARTESIAN_POINT('Axis2P3D Location',(3.99999999684,-3.99999999684,-31.)) ;
#157=CARTESIAN_POINT('Vertex',(4.,-5.,-31.)) ;
#160=CARTESIAN_POINT('Line Origine',(0.,-5.,-31.)) ;
#164=CARTESIAN_POINT('Vertex',(-4.,-5.,-31.)) ;
#167=CARTESIAN_POINT('Axis2P3D Location',(-3.99999999684,-3.99999999684,-31.)) ;
#171=CARTESIAN_POINT('Vertex',(-5.,-4.,-31.)) ;
#174=CARTESIAN_POINT('Line Origine',(-5.,0.,-31.)) ;
#178=CARTESIAN_POINT('Vertex',(-5.,4.,-31.)) ;
#181=CARTESIAN_POINT('Axis2P3D Location',(-3.99999999684,3.99999999684,-31.)) ;
#201=CARTESIAN_POINT('Axis2P3D Location',(0.,0.,-61.)) ;
#211=CARTESIAN_POINT('Axis2P3D Location',(5.,5.,-23.)) ;
#216=CARTESIAN_POINT('Line Origine',(0.,5.,-30.)) ;
#220=CARTESIAN_POINT('Vertex',(4.,5.,-30.)) ;
#222=CARTESIAN_POINT('Vertex',(-4.,5.,-30.)) ;
#225=CARTESIAN_POINT('Line Origine',(4.,5.,-30.5)) ;
#230=CARTESIAN_POINT('Line Origine',(-4.,5.,-30.5)) ;
#242=CARTESIAN_POINT('Axis2P3D Location',(4.,4.,-27.)) ;
#247=CARTESIAN_POINT('Line Origine',(5.,4.,-27.)) ;
#251=CARTESIAN_POINT('Vertex',(5.,4.,-30.)) ;
#254=CARTESIAN_POINT('Axis2P3D Location',(4.,4.,-30.)) ;
#266=CARTESIAN_POINT('Axis2P3D Location',(5.,-5.,-23.)) ;
#271=CARTESIAN_POINT('Line Origine',(5.,0.,-28.)) ;
#275=CARTESIAN_POINT('Vertex',(5.,-4.,-28.)) ;
#277=CARTESIAN_POINT('Vertex',(5.,4.,-28.)) ;
#280=CARTESIAN_POINT('Line Origine',(5.,-4.,-28.5)) ;
#284=CARTESIAN_POINT('Vertex',(5.,-4.,-29.)) ;
#287=CARTESIAN_POINT('Line Origine',(5.,-2.25,-29.)) ;
#291=CARTESIAN_POINT('Vertex',(5.,-0.5,-29.)) ;
#294=CARTESIAN_POINT('Line Origine',(5.,-0.5,-29.5)) ;
#298=CARTESIAN_POINT('Vertex',(5.,-0.5,-30.)) ;
#301=CARTESIAN_POINT('Line Origine',(5.,-2.25,-30.)) ;
#305=CARTESIAN_POINT('Vertex',(5.,-4.,-30.)) ;
#308=CARTESIAN_POINT('Line Origine',(5.,-4.,-30.5)) ;
#313=CARTESIAN_POINT('Line Origine',(5.,2.25,-30.)) ;
#317=CARTESIAN_POINT('Vertex',(5.00000000058,0.5,-30.)) ;
#320=CARTESIAN_POINT('Line Origine',(5.,0.5,-29.5)) ;
#324=CARTESIAN_POINT('Vertex',(5.,0.5,-29.)) ;
#327=CARTESIAN_POINT('Line Origine',(5.,2.25,-29.)) ;
#331=CARTESIAN_POINT('Vertex',(5.,4.,-29.)) ;
#334=CARTESIAN_POINT('Line Origine',(5.,4.,-28.5)) ;
#354=CARTESIAN_POINT('Axis2P3D Location',(4.,-4.,-27.)) ;
#359=CARTESIAN_POINT('Line Origine',(4.,-5.,-27.)) ;
#363=CARTESIAN_POINT('Vertex',(4.,-5.,-30.)) ;
#366=CARTESIAN_POINT('Axis2P3D Location',(4.,-4.,-30.)) ;
#378=CARTESIAN_POINT('Axis2P3D Location',(-5.,-5.,-23.)) ;
#383=CARTESIAN_POINT('Line Origine',(0.,-5.,-30.)) ;
#387=CARTESIAN_POINT('Vertex',(-4.,-5.,-30.)) ;
#390=CARTESIAN_POINT('Line Origine',(-4.,-5.,-30.5)) ;
#402=CARTESIAN_POINT('Axis2P3D Location',(-4.,-4.,-27.)) ;
#407=CARTESIAN_POINT('Line Origine',(-5.,-4.,-27.)) ;
#411=CARTESIAN_POINT('Vertex',(-5.,-4.,-30.)) ;
#414=CARTESIAN_POINT('Axis2P3D Location',(-4.,-4.,-30.)) ;
#426=CARTESIAN_POINT('Axis2P3D Location',(-5.,5.,-23.)) ;
#431=CARTESIAN_POINT('Line Origine',(-5.,0.,-28.)) ;
#435=CARTESIAN_POINT('Vertex',(-5.,4.,-28.)) ;
#437=CARTESIAN_POINT('Vertex',(-5.,-4.,-28.)) ;
#440=CARTESIAN_POINT('Line Origine',(-5.,4.,-28.5)) ;
#444=CARTESIAN_POINT('Vertex',(-5.,4.,-29.)) ;
#447=CARTESIAN_POINT('Line Origine',(-5.,2.25,-29.)) ;
#451=CARTESIAN_POINT('Vertex',(-5.,0.5,-29.)) ;
#454=CARTESIAN_POINT('Line Origine',(-5.,0.5,-29.5)) ;
#458=CARTESIAN_POINT('Vertex',(-5.,0.5,-30.)) ;
#461=CARTESIAN_POINT('Line Origine',(-5.,2.25,-30.)) ;
#465=CARTESIAN_POINT('Vertex',(-5.,4.,-30.)) ;
#468=CARTESIAN_POINT('Line Origine',(-5.,4.,-30.5)) ;
#473=CARTESIAN_POINT('Line Origine',(-5.,-2.25,-30.)) ;
#477=CARTESIAN_POINT('Vertex',(-4.99999999977,-0.5,-30.)) ;
#480=CARTESIAN_POINT('Line Origine',(-5.,-0.5,-29.5)) ;
#484=CARTESIAN_POINT('Vertex',(-5.,-0.5,-29.)) ;
#487=CARTESIAN_POINT('Line Origine',(-5.,-2.25,-29.)) ;
#491=CARTESIAN_POINT('Vertex',(-5.,-4.,-29.)) ;
#494=CARTESIAN_POINT('Line Origine',(-5.,-4.,-28.5)) ;
#514=CARTESIAN_POINT('Axis2P3D Location',(-4.,4.,-27.)) ;
#519=CARTESIAN_POINT('Axis2P3D Location',(-4.,4.,-30.)) ;
#531=CARTESIAN_POINT('Axis2P3D Location',(0.,0.,-30.)) ;
#536=CARTESIAN_POINT('Line Origine',(-3.97901994549,0.5,-30.)) ;
#540=CARTESIAN_POINT('Vertex',(-2.95803989155,0.5,-30.)) ;
#543=CARTESIAN_POINT('Axis2P3D Location',(2.22044604925E-016,6.80406175846E-010,-30.)) ;
#547=CARTESIAN_POINT('Vertex',(2.95803989155,0.500000000001,-30.)) ;
#550=CARTESIAN_POINT('Line Origine',(3.97901994549,0.5,-30.)) ;
#566=CARTESIAN_POINT('Axis2P3D Location',(0.,0.,-28.)) ;
#571=CARTESIAN_POINT('Line Origine',(0.5,3.97901994549,-28.)) ;
#575=CARTESIAN_POINT('Vertex',(0.5,5.,-28.)) ;
#577=CARTESIAN_POINT('Vertex',(0.5,2.95803989155,-28.)) ;
#580=CARTESIAN_POINT('Axis2P3D Location',(6.80406175846E-010,-2.22044604925E-016,-28.)) ;
#584=CARTESIAN_POINT('Vertex',(0.500000000001,-2.95803989155,-28.)) ;
#587=CARTESIAN_POINT('Line Origine',(0.5,-3.97901994549,-28.)) ;
#591=CARTESIAN_POINT('Vertex',(0.5,-5.,-28.)) ;
#594=CARTESIAN_POINT('Line Origine',(2.25,-5.,-28.)) ;
#598=CARTESIAN_POINT('Vertex',(4.,-5.,-28.)) ;
#602=CARTESIAN_POINT('Control Point',(5.,-4.,-28.)) ;
#603=CARTESIAN_POINT('Control Point',(5.,-4.09797855682,-28.)) ;
#604=CARTESIAN_POINT('Control Point',(4.98800025302,-4.19595668938,-28.)) ;
#605=CARTESIAN_POINT('Control Point',(4.96399758011,-4.29198034652,-28.)) ;
#606=CARTESIAN_POINT('Control Point',(4.89296903065,-4.47618252637,-28.)) ;
#607=CARTESIAN_POINT('Control Point',(4.77958789119,-4.63779796501,-28.)) ;
#608=CARTESIAN_POINT('Control Point',(4.71322581428,-4.71123329188,-28.)) ;
#609=CARTESIAN_POINT('Control Point',(4.56387785418,-4.84034829324,-28.)) ;
#610=CARTESIAN_POINT('Control Point',(4.38778665042,-4.92960477549,-28.)) ;
#611=CARTESIAN_POINT('Control Point',(4.29467606544,-4.9631769691,-28.)) ;
#612=CARTESIAN_POINT('Control Point',(4.17854540885,-4.98950822291,-28.)) ;
#613=CARTESIAN_POINT('Control Point',(4.0606528709,-4.99846608947,-28.)) ;
#614=CARTESIAN_POINT('Control Point',(4.04043240059,-4.99948913201,-28.)) ;
#615=CARTESIAN_POINT('Control Point',(4.02021619126,-5.,-28.)) ;
#616=CARTESIAN_POINT('Control Point',(4.,-5.,-28.)) ;
#619=CARTESIAN_POINT('Control Point',(4.,5.,-28.)) ;
#620=CARTESIAN_POINT('Control Point',(4.09797855682,5.,-28.)) ;
#621=CARTESIAN_POINT('Control Point',(4.19595668938,4.98800025302,-28.)) ;
#622=CARTESIAN_POINT('Control Point',(4.29198034652,4.96399758011,-28.)) ;
#623=CARTESIAN_POINT('Control Point',(4.47618252637,4.89296903065,-28.)) ;
#624=CARTESIAN_POINT('Control Point',(4.63779796501,4.77958789119,-28.)) ;
#625=CARTESIAN_POINT('Control Point',(4.71123329189,4.71322581428,-28.)) ;
#626=CARTESIAN_POINT('Control Point',(4.84034829324,4.56387785418,-28.)) ;
#627=CARTESIAN_POINT('Control Point',(4.92960477549,4.38778665042,-28.)) ;
#628=CARTESIAN_POINT('Control Point',(4.9631769691,4.29467606544,-28.)) ;
#629=CARTESIAN_POINT('Control Point',(4.98950822291,4.17854540885,-28.)) ;
#630=CARTESIAN_POINT('Control Point',(4.99846608947,4.0606528709,-28.)) ;
#631=CARTESIAN_POINT('Control Point',(4.99948913201,4.04043240059,-28.)) ;
#632=CARTESIAN_POINT('Control Point',(5.,4.02021619126,-28.)) ;
#633=CARTESIAN_POINT('Control Point',(5.,4.,-28.)) ;
#634=CARTESIAN_POINT('Vertex',(4.,5.,-28.)) ;
#637=CARTESIAN_POINT('Line Origine',(2.25,5.,-28.)) ;
#653=CARTESIAN_POINT('Line Origine',(4.,-5.,-27.)) ;
#657=CARTESIAN_POINT('Vertex',(4.,-5.,-29.)) ;
#660=CARTESIAN_POINT('Axis2P3D Location',(4.,-4.,-29.)) ;
#672=CARTESIAN_POINT('Axis2P3D Location',(0.,0.,-29.)) ;
#677=CARTESIAN_POINT('Line Origine',(0.,-5.,-29.)) ;
#681=CARTESIAN_POINT('Vertex',(-4.,-5.,-29.)) ;
#684=CARTESIAN_POINT('Axis2P3D Location',(-3.99999999684,-3.99999999684,-29.)) ;
#689=CARTESIAN_POINT('Line Origine',(-3.97901994549,-0.5,-29.)) ;
#693=CARTESIAN_POINT('Vertex',(-2.95803989155,-0.5,-29.)) ;
#696=CARTESIAN_POINT('Axis2P3D Location',(-2.22044604925E-016,-6.80406175846E-010,-29.)) ;
#700=CARTESIAN_POINT('Vertex',(0.500000000001,-2.95803989155,-29.)) ;
#703=CARTESIAN_POINT('Axis2P3D Location',(-2.22044604925E-016,-6.80406175846E-010,-29.)) ;
#707=CARTESIAN_POINT('Vertex',(2.95803989155,-0.5,-29.)) ;
#710=CARTESIAN_POINT('Line Origine',(3.97901994549,-0.5,-29.)) ;
#727=CARTESIAN_POINT('Axis2P3D Location',(-6.87096857815,-0.5,-30.)) ;
#732=CARTESIAN_POINT('Line Origine',(2.95803989121,-0.5,-29.5)) ;
#736=CARTESIAN_POINT('Vertex',(2.95803989155,-0.5,-30.)) ;
#739=CARTESIAN_POINT('Line Origine',(3.97901994572,-0.5,-30.)) ;
#751=CARTESIAN_POINT('Axis2P3D Location',(-2.22044604925E-016,-6.80406175846E-010,-30.)) ;
#755=CARTESIAN_POINT('Vertex',(0.500000000001,-2.95803989155,-30.)) ;
#758=CARTESIAN_POINT('Axis2P3D Location',(-2.22044604925E-016,-6.80406175846E-010,-30.)) ;
#762=CARTESIAN_POINT('Vertex',(-2.95803989155,-0.5,-30.)) ;
#765=CARTESIAN_POINT('Line Origine',(-3.97901994549,-0.5,-30.)) ;
#782=CARTESIAN_POINT('Axis2P3D Location',(2.95803989155,0.5,-30.)) ;
#787=CARTESIAN_POINT('Line Origine',(2.95803989155,0.5,-29.5)) ;
#791=CARTESIAN_POINT('Vertex',(2.95803989155,0.5,-29.)) ;
#794=CARTESIAN_POINT('Line Origine',(3.97901994606,0.5,-29.)) ;
#806=CARTESIAN_POINT('Axis2P3D Location',(-3.99999999684,3.99999999684,-29.)) ;
#810=CARTESIAN_POINT('Vertex',(-4.,5.,-29.)) ;
#813=CARTESIAN_POINT('Line Origine',(0.,5.,-29.)) ;
#817=CARTESIAN_POINT('Vertex',(4.,5.,-29.)) ;
#820=CARTESIAN_POINT('Axis2P3D Location',(3.99999999684,3.99999999684,-29.)) ;
#825=CARTESIAN_POINT('Axis2P3D Location',(2.22044604925E-016,6.80406175846E-010,-29.)) ;
#829=CARTESIAN_POINT('Vertex',(-2.95803989155,0.5,-29.)) ;
#832=CARTESIAN_POINT('Line Origine',(-3.97901994549,0.5,-29.)) ;
#848=CARTESIAN_POINT('Line Origine',(4.,5.,-27.)) ;
#860=CARTESIAN_POINT('Line Origine',(-0.5,-3.97901994549,-28.)) ;
#864=CARTESIAN_POINT('Vertex',(-0.5,-5.,-28.)) ;
#866=CARTESIAN_POINT('Vertex',(-0.5,-2.95803989155,-28.)) ;
#869=CARTESIAN_POINT('Axis2P3D Location',(-6.80406175846E-010,2.22044604925E-016,-28.)) ;
#873=CARTESIAN_POINT('Vertex',(-0.500000000001,2.95803989155,-28.)) ;
#876=CARTESIAN_POINT('Line Origine',(-0.5,3.97901994549,-28.)) ;
#880=CARTESIAN_POINT('Vertex',(-0.5,5.,-28.)) ;
#883=CARTESIAN_POINT('Line Origine',(-2.25,5.,-28.)) ;
#887=CARTESIAN_POINT('Vertex',(-4.,5.,-28.)) ;
#891=CARTESIAN_POINT('Control Point',(-5.,4.,-28.)) ;
#892=CARTESIAN_POINT('Control Point',(-5.,4.09797855681,-28.)) ;
#893=CARTESIAN_POINT('Control Point',(-4.98800025302,4.19595668937,-28.)) ;
#894=CARTESIAN_POINT('Control Point',(-4.96399758011,4.29198034652,-28.)) ;
#895=CARTESIAN_POINT('Control Point',(-4.89296903065,4.47618252637,-28.)) ;
#896=CARTESIAN_POINT('Control Point',(-4.77958789119,4.63779796501,-28.)) ;
#897=CARTESIAN_POINT('Control Point',(-4.71322581428,4.71123329188,-28.)) ;
#898=CARTESIAN_POINT('Control Point',(-4.56387785418,4.84034829324,-28.)) ;
#899=CARTESIAN_POINT('Control Point',(-4.38778665042,4.92960477549,-28.)) ;
#900=CARTESIAN_POINT('Control Point',(-4.29467606544,4.9631769691,-28.)) ;
#901=CARTESIAN_POINT('Control Point',(-4.17854540885,4.98950822291,-28.)) ;
#902=CARTESIAN_POINT('Control Point',(-4.0606528709,4.99846608947,-28.)) ;
#903=CARTESIAN_POINT('Control Point',(-4.04043240059,4.99948913201,-28.)) ;
#904=CARTESIAN_POINT('Control Point',(-4.02021619126,5.,-28.)) ;
#905=CARTESIAN_POINT('Control Point',(-4.,5.,-28.)) ;
#908=CARTESIAN_POINT('Control Point',(-4.,-5.,-28.)) ;
#909=CARTESIAN_POINT('Control Point',(-4.09797855681,-5.,-28.)) ;
#910=CARTESIAN_POINT('Control Point',(-4.19595668937,-4.98800025302,-28.)) ;
#911=CARTESIAN_POINT('Control Point',(-4.29198034652,-4.96399758011,-28.)) ;
#912=CARTESIAN_POINT('Control Point',(-4.47618252637,-4.89296903065,-28.)) ;
#913=CARTESIAN_POINT('Control Point',(-4.63779796501,-4.77958789119,-28.)) ;
#914=CARTESIAN_POINT('Control Point',(-4.71123329188,-4.71322581428,-28.)) ;
#915=CARTESIAN_POINT('Control Point',(-4.84034829324,-4.56387785418,-28.)) ;
#916=CARTESIAN_POINT('Control Point',(-4.92960477549,-4.38778665042,-28.)) ;
#917=CARTESIAN_POINT('Control Point',(-4.9631769691,-4.29467606544,-28.)) ;
#918=CARTESIAN_POINT('Control Point',(-4.98950822291,-4.17854540885,-28.)) ;
#919=CARTESIAN_POINT('Control Point',(-4.99846608947,-4.0606528709,-28.)) ;
#920=CARTESIAN_POINT('Control Point',(-4.99948913201,-4.04043240059,-28.)) ;
#921=CARTESIAN_POINT('Control Point',(-5.,-4.02021619126,-28.)) ;
#922=CARTESIAN_POINT('Control Point',(-5.,-4.,-28.)) ;
#923=CARTESIAN_POINT('Vertex',(-4.,-5.,-28.)) ;
#926=CARTESIAN_POINT('Line Origine',(-2.25,-5.,-28.)) ;
#942=CARTESIAN_POINT('Line Origine',(-4.,5.,-27.)) ;
#954=CARTESIAN_POINT('Line Origine',(-2.95803989226,0.5,-29.5)) ;
#966=CARTESIAN_POINT('Line Origine',(-2.95803989074,-0.5,-29.5)) ;
#978=CARTESIAN_POINT('Line Origine',(-4.,-5.,-27.)) ;
#990=CARTESIAN_POINT('Axis2P3D Location',(0.,0.,-29.5)) ;
#1002=CARTESIAN_POINT('Axis2P3D Location',(0.5,-3.5,13.)) ;
#1007=CARTESIAN_POINT('Line Origine',(0.5,5.,-27.5)) ;
#1011=CARTESIAN_POINT('Vertex',(0.5,5.,-27.)) ;
#1014=CARTESIAN_POINT('Line Origine',(0.5,3.97901994549,-27.)) ;
#1018=CARTESIAN_POINT('Vertex',(0.5,2.95803989155,-27.)) ;
#1021=CARTESIAN_POINT('Line Origine',(0.5,2.95803989097,-27.5)) ;
#1033=CARTESIAN_POINT('Axis2P3D Location',(0.,0.,-29.5)) ;
#1038=CARTESIAN_POINT('Axis2P3D Location',(0.,0.,-27.)) ;
#1042=CARTESIAN_POINT('Vertex',(0.500000000001,-2.95803989155,-27.)) ;
#1045=CARTESIAN_POINT('Line Origine',(0.500000000001,-2.95803989155,-29.5)) ;
#1057=CARTESIAN_POINT('Line Origine',(0.5,-5.,-27.5)) ;
#1061=CARTESIAN_POINT('Vertex',(0.5,-5.,-27.)) ;
#1064=CARTESIAN_POINT('Line Origine',(0.5,-3.97901994549,-27.)) ;
#1076=CARTESIAN_POINT('Line Origine',(0.,-5.,-26.)) ;
#1080=CARTESIAN_POINT('Vertex',(-4.,-5.,-26.)) ;
#1082=CARTESIAN_POINT('Vertex',(4.,-5.,-26.)) ;
#1085=CARTESIAN_POINT('Line Origine',(-4.,-5.,-26.5)) ;
#1089=CARTESIAN_POINT('Vertex',(-4.,-5.,-27.)) ;
#1092=CARTESIAN_POINT('Line Origine',(-2.25,-5.,-27.)) ;
#1096=CARTESIAN_POINT('Vertex',(-0.5,-5.,-27.)) ;
#1099=CARTESIAN_POINT('Line Origine',(-0.5,-5.,-27.5)) ;
#1104=CARTESIAN_POINT('Line Origine',(2.25,-5.,-27.)) ;
#1108=CARTESIAN_POINT('Vertex',(4.,-5.,-27.)) ;
#1111=CARTESIAN_POINT('Line Origine',(4.,-5.,-26.5)) ;
#1131=CARTESIAN_POINT('Line Origine',(0.,5.,-26.)) ;
#1135=CARTESIAN_POINT('Vertex',(4.,5.,-26.)) ;
#1137=CARTESIAN_POINT('Vertex',(-4.,5.,-26.)) ;
#1140=CARTESIAN_POINT('Line Origine',(4.,5.,-26.5)) ;
#1144=CARTESIAN_POINT('Vertex',(4.,5.,-27.)) ;
#1147=CARTESIAN_POINT('Line Origine',(2.25,5.,-27.)) ;
#1152=CARTESIAN_POINT('Line Origine',(-0.5,5.,-27.5)) ;
#1156=CARTESIAN_POINT('Vertex',(-0.5,5.,-27.)) ;
#1159=CARTESIAN_POINT('Line Origine',(-2.25,5.,-27.)) ;
#1163=CARTESIAN_POINT('Vertex',(-4.,5.,-27.)) ;
#1166=CARTESIAN_POINT('Line Origine',(-4.,5.,-26.5)) ;
#1186=CARTESIAN_POINT('Axis2P3D Location',(0.,0.,-29.5)) ;
#1191=CARTESIAN_POINT('Line Origine',(0.500000000001,-2.95803989155,-29.5)) ;
#1210=CARTESIAN_POINT('Axis2P3D Location',(-0.5,-3.5,13.)) ;
#1215=CARTESIAN_POINT('Line Origine',(-0.5,-3.97901994549,-27.)) ;
#1219=CARTESIAN_POINT('Vertex',(-0.5,-2.95803989155,-27.)) ;
#1222=CARTESIAN_POINT('Line Origine',(-0.5,-2.95803989097,-27.5)) ;
#1234=CARTESIAN_POINT('Axis2P3D Location',(0.,0.,-27.)) ;
#1238=CARTESIAN_POINT('Vertex',(-0.5,2.95803989155,-27.)) ;
#1241=CARTESIAN_POINT('Line Origine',(-0.500000000001,2.95803989155,-29.5)) ;
#1253=CARTESIAN_POINT('Line Origine',(-0.5,3.97901994549,-27.)) ;
#1265=CARTESIAN_POINT('Axis2P3D Location',(0.,0.,-27.)) ;
#1270=CARTESIAN_POINT('Axis2P3D Location',(3.99999999684,3.99999999684,-27.)) ;
#1274=CARTESIAN_POINT('Vertex',(5.,4.,-27.)) ;
#1277=CARTESIAN_POINT('Line Origine',(5.,0.,-27.)) ;
#1281=CARTESIAN_POINT('Vertex',(5.,-4.,-27.)) ;
#1284=CARTESIAN_POINT('Axis2P3D Location',(3.99999999684,-3.99999999684,-27.)) ;
#1300=CARTESIAN_POINT('Axis2P3D Location',(0.,0.,-26.)) ;
#1305=CARTESIAN_POINT('Line Origine',(3.97901994549,-0.5,-26.)) ;
#1309=CARTESIAN_POINT('Vertex',(5.,-0.5,-26.)) ;
#1311=CARTESIAN_POINT('Vertex',(2.95803989155,-0.5,-26.)) ;
#1314=CARTESIAN_POINT('Axis2P3D Location',(-2.22044604925E-016,-6.80406175846E-010,-26.)) ;
#1318=CARTESIAN_POINT('Vertex',(0.500000000001,-2.95803989155,-26.)) ;
#1321=CARTESIAN_POINT('Axis2P3D Location',(-2.22044604925E-016,-6.80406175846E-010,-26.)) ;
#1325=CARTESIAN_POINT('Vertex',(-2.95803989155,-0.5,-26.)) ;
#1328=CARTESIAN_POINT('Line Origine',(-3.97901994549,-0.5,-26.)) ;
#1332=CARTESIAN_POINT('Vertex',(-4.99999999977,-0.5,-26.)) ;
#1335=CARTESIAN_POINT('Line Origine',(-5.,-2.25,-26.)) ;
#1339=CARTESIAN_POINT('Vertex',(-5.,-4.,-26.)) ;
#1343=CARTESIAN_POINT('Control Point',(-4.,-5.,-26.)) ;
#1344=CARTESIAN_POINT('Control Point',(-4.09797855681,-5.,-26.)) ;
#1345=CARTESIAN_POINT('Control Point',(-4.19595668937,-4.98800025302,-26.)) ;
#1346=CARTESIAN_POINT('Control Point',(-4.29198034652,-4.96399758011,-26.)) ;
#1347=CARTESIAN_POINT('Control Point',(-4.47618252637,-4.89296903065,-26.)) ;
#1348=CARTESIAN_POINT('Control Point',(-4.63779796501,-4.77958789119,-26.)) ;
#1349=CARTESIAN_POINT('Control Point',(-4.71123329188,-4.71322581428,-26.)) ;
#1350=CARTESIAN_POINT('Control Point',(-4.84034829324,-4.56387785418,-26.)) ;
#1351=CARTESIAN_POINT('Control Point',(-4.92960477549,-4.38778665042,-26.)) ;
#1352=CARTESIAN_POINT('Control Point',(-4.9631769691,-4.29467606544,-26.)) ;
#1353=CARTESIAN_POINT('Control Point',(-4.98950822291,-4.17854540885,-26.)) ;
#1354=CARTESIAN_POINT('Control Point',(-4.99846608947,-4.0606528709,-26.)) ;
#1355=CARTESIAN_POINT('Control Point',(-4.99948913201,-4.04043240059,-26.)) ;
#1356=CARTESIAN_POINT('Control Point',(-5.,-4.02021619126,-26.)) ;
#1357=CARTESIAN_POINT('Control Point',(-5.,-4.,-26.)) ;
#1360=CARTESIAN_POINT('Control Point',(5.,-4.,-26.)) ;
#1361=CARTESIAN_POINT('Control Point',(5.,-4.09797855682,-26.)) ;
#1362=CARTESIAN_POINT('Control Point',(4.98800025302,-4.19595668938,-26.)) ;
#1363=CARTESIAN_POINT('Control Point',(4.96399758011,-4.29198034652,-26.)) ;
#1364=CARTESIAN_POINT('Control Point',(4.89296903065,-4.47618252637,-26.)) ;
#1365=CARTESIAN_POINT('Control Point',(4.77958789119,-4.63779796501,-26.)) ;
#1366=CARTESIAN_POINT('Control Point',(4.71322581428,-4.71123329188,-26.)) ;
#1367=CARTESIAN_POINT('Control Point',(4.56387785418,-4.84034829324,-26.)) ;
#1368=CARTESIAN_POINT('Control Point',(4.38778665042,-4.92960477549,-26.)) ;
#1369=CARTESIAN_POINT('Control Point',(4.29467606544,-4.9631769691,-26.)) ;
#1370=CARTESIAN_POINT('Control Point',(4.17854540885,-4.98950822291,-26.)) ;
#1371=CARTESIAN_POINT('Control Point',(4.0606528709,-4.99846608947,-26.)) ;
#1372=CARTESIAN_POINT('Control Point',(4.04043240059,-4.99948913201,-26.)) ;
#1373=CARTESIAN_POINT('Control Point',(4.02021619126,-5.,-26.)) ;
#1374=CARTESIAN_POINT('Control Point',(4.,-5.,-26.)) ;
#1375=CARTESIAN_POINT('Vertex',(5.,-4.,-26.)) ;
#1378=CARTESIAN_POINT('Line Origine',(5.,-2.25,-26.)) ;
#1395=CARTESIAN_POINT('Line Origine',(-5.,-4.,-27.)) ;
#1399=CARTESIAN_POINT('Vertex',(-5.,-4.,-27.)) ;
#1402=CARTESIAN_POINT('Axis2P3D Location',(-4.,-4.,-27.)) ;
#1414=CARTESIAN_POINT('Line Origine',(-5.,0.,-27.)) ;
#1418=CARTESIAN_POINT('Vertex',(-5.,4.,-27.)) ;
#1421=CARTESIAN_POINT('Axis2P3D Location',(-3.99999999684,3.99999999684,-27.)) ;
#1437=CARTESIAN_POINT('Line Origine',(5.,-4.,-27.)) ;
#1449=CARTESIAN_POINT('Line Origine',(-3.97901994549,0.5,-26.)) ;
#1453=CARTESIAN_POINT('Vertex',(-5.,0.5,-26.)) ;
#1455=CARTESIAN_POINT('Vertex',(-2.95803989155,0.5,-26.)) ;
#1458=CARTESIAN_POINT('Axis2P3D Location',(2.22044604925E-016,6.80406175846E-010,-26.)) ;
#1462=CARTESIAN_POINT('Vertex',(2.95803989155,0.500000000001,-26.)) ;
#1465=CARTESIAN_POINT('Line Origine',(3.97901994549,0.5,-26.)) ;
#1469=CARTESIAN_POINT('Vertex',(5.00000000058,0.5,-26.)) ;
#1472=CARTESIAN_POINT('Line Origine',(5.,2.25,-26.)) ;
#1476=CARTESIAN_POINT('Vertex',(5.,4.,-26.)) ;
#1480=CARTESIAN_POINT('Control Point',(4.,5.,-26.)) ;
#1481=CARTESIAN_POINT('Control Point',(4.09797855682,5.,-26.)) ;
#1482=CARTESIAN_POINT('Control Point',(4.19595668938,4.98800025302,-26.)) ;
#1483=CARTESIAN_POINT('Control Point',(4.29198034652,4.96399758011,-26.)) ;
#1484=CARTESIAN_POINT('Control Point',(4.47618252637,4.89296903065,-26.)) ;
#1485=CARTESIAN_POINT('Control Point',(4.63779796501,4.77958789119,-26.)) ;
#1486=CARTESIAN_POINT('Control Point',(4.71123329189,4.71322581428,-26.)) ;
#1487=CARTESIAN_POINT('Control Point',(4.84034829324,4.56387785418,-26.)) ;
#1488=CARTESIAN_POINT('Control Point',(4.92960477549,4.38778665042,-26.)) ;
#1489=CARTESIAN_POINT('Control Point',(4.9631769691,4.29467606544,-26.)) ;
#1490=CARTESIAN_POINT('Control Point',(4.98950822291,4.17854540885,-26.)) ;
#1491=CARTESIAN_POINT('Control Point',(4.99846608947,4.0606528709,-26.)) ;
#1492=CARTESIAN_POINT('Control Point',(4.99948913201,4.04043240059,-26.)) ;
#1493=CARTESIAN_POINT('Control Point',(5.,4.02021619126,-26.)) ;
#1494=CARTESIAN_POINT('Control Point',(5.,4.,-26.)) ;
#1497=CARTESIAN_POINT('Control Point',(-5.,4.,-26.)) ;
#1498=CARTESIAN_POINT('Control Point',(-5.,4.09797855681,-26.)) ;
#1499=CARTESIAN_POINT('Control Point',(-4.98800025302,4.19595668937,-26.)) ;
#1500=CARTESIAN_POINT('Control Point',(-4.96399758011,4.29198034652,-26.)) ;
#1501=CARTESIAN_POINT('Control Point',(-4.89296903065,4.47618252637,-26.)) ;
#1502=CARTESIAN_POINT('Control Point',(-4.77958789119,4.63779796501,-26.)) ;
#1503=CARTESIAN_POINT('Control Point',(-4.71322581428,4.71123329188,-26.)) ;
#1504=CARTESIAN_POINT('Control Point',(-4.56387785418,4.84034829324,-26.)) ;
#1505=CARTESIAN_POINT('Control Point',(-4.38778665042,4.92960477549,-26.)) ;
#1506=CARTESIAN_POINT('Control Point',(-4.29467606544,4.9631769691,-26.)) ;
#1507=CARTESIAN_POINT('Control Point',(-4.17854540885,4.98950822291,-26.)) ;
#1508=CARTESIAN_POINT('Control Point',(-4.0606528709,4.99846608947,-26.)) ;
#1509=CARTESIAN_POINT('Control Point',(-4.04043240059,4.99948913201,-26.)) ;
#1510=CARTESIAN_POINT('Control Point',(-4.02021619126,5.,-26.)) ;
#1511=CARTESIAN_POINT('Control Point',(-4.,5.,-26.)) ;
#1512=CARTESIAN_POINT('Vertex',(-5.,4.,-26.)) ;
#1515=CARTESIAN_POINT('Line Origine',(-5.,2.25,-26.)) ;
#1531=CARTESIAN_POINT('Line Origine',(5.,4.,-27.)) ;
#1543=CARTESIAN_POINT('Line Origine',(-5.,4.,-27.)) ;
#1555=CARTESIAN_POINT('Line Origine',(5.,0.,-24.)) ;
#1559=CARTESIAN_POINT('Vertex',(5.,-4.,-24.)) ;
#1561=CARTESIAN_POINT('Vertex',(5.,4.,-24.)) ;
#1564=CARTESIAN_POINT('Line Origine',(5.,-4.,-24.5)) ;
#1568=CARTESIAN_POINT('Vertex',(5.,-4.,-25.)) ;
#1571=CARTESIAN_POINT('Line Origine',(5.,-2.25,-25.)) ;
#1575=CARTESIAN_POINT('Vertex',(5.,-0.5,-25.)) ;
#1578=CARTESIAN_POINT('Line Origine',(5.,-0.5,-25.5)) ;
#1583=CARTESIAN_POINT('Line Origine',(5.,0.5,-25.5)) ;
#1587=CARTESIAN_POINT('Vertex',(5.,0.5,-25.)) ;
#1590=CARTESIAN_POINT('Line Origine',(5.,2.25,-25.)) ;
#1594=CARTESIAN_POINT('Vertex',(5.,4.,-25.)) ;
#1597=CARTESIAN_POINT('Line Origine',(5.,4.,-24.5)) ;
#1617=CARTESIAN_POINT('Line Origine',(3.97901994572,-0.5,-25.)) ;
#1621=CARTESIAN_POINT('Vertex',(2.95803989155,-0.5,-25.)) ;
#1624=CARTESIAN_POINT('Line Origine',(2.95803989121,-0.5,-25.5)) ;
#1636=CARTESIAN_POINT('Line Origine',(0.500000000001,-2.95803989155,-29.5)) ;
#1640=CARTESIAN_POINT('Vertex',(0.500000000001,-2.95803989155,-25.)) ;
#1643=CARTESIAN_POINT('Axis2P3D Location',(0.,0.,-25.)) ;
#1655=CARTESIAN_POINT('Axis2P3D Location',(0.,0.,-25.)) ;
#1659=CARTESIAN_POINT('Vertex',(-2.95803989155,-0.5,-25.)) ;
#1662=CARTESIAN_POINT('Line Origine',(-2.95803989155,-0.5,-29.5)) ;
#1674=CARTESIAN_POINT('Line Origine',(-3.97901994525,-0.5,-25.)) ;
#1678=CARTESIAN_POINT('Vertex',(-5.,-0.5,-25.)) ;
#1681=CARTESIAN_POINT('Line Origine',(-4.99999999977,-0.5,-25.5)) ;
#1693=CARTESIAN_POINT('Line Origine',(-5.,0.,-24.)) ;
#1697=CARTESIAN_POINT('Vertex',(-5.,4.,-24.)) ;
#1699=CARTESIAN_POINT('Vertex',(-5.,-4.,-24.)) ;
#1702=CARTESIAN_POINT('Line Origine',(-5.,4.,-24.5)) ;
#1706=CARTESIAN_POINT('Vertex',(-5.,4.,-25.)) ;
#1709=CARTESIAN_POINT('Line Origine',(-5.,2.25,-25.)) ;
#1713=CARTESIAN_POINT('Vertex',(-5.,0.5,-25.)) ;
#1716=CARTESIAN_POINT('Line Origine',(-5.,0.5,-25.5)) ;
#1721=CARTESIAN_POINT('Line Origine',(-5.,-2.25,-25.)) ;
#1725=CARTESIAN_POINT('Vertex',(-5.,-4.,-25.)) ;
#1728=CARTESIAN_POINT('Line Origine',(-5.,-4.,-24.5)) ;
#1748=CARTESIAN_POINT('Line Origine',(-3.97901994584,0.5,-25.)) ;
#1752=CARTESIAN_POINT('Vertex',(-2.95803989155,0.5,-25.)) ;
#1755=CARTESIAN_POINT('Line Origine',(-2.95803989226,0.5,-25.5)) ;
#1767=CARTESIAN_POINT('Axis2P3D Location',(0.,0.,-25.)) ;
#1771=CARTESIAN_POINT('Vertex',(2.95803989155,0.5,-25.)) ;
#1774=CARTESIAN_POINT('Line Origine',(2.95803989155,0.500000000001,-29.5)) ;
#1786=CARTESIAN_POINT('Line Origine',(3.97901994606,0.5,-25.)) ;
#1798=CARTESIAN_POINT('Axis2P3D Location',(0.,0.,-24.)) ;
#1803=CARTESIAN_POINT('Line Origine',(0.5,3.97901994549,-24.)) ;
#1807=CARTESIAN_POINT('Vertex',(0.5,5.,-24.)) ;
#1809=CARTESIAN_POINT('Vertex',(0.5,2.95803989155,-24.)) ;
#1812=CARTESIAN_POINT('Axis2P3D Location',(6.80406175846E-010,-2.22044604925E-016,-24.)) ;
#1816=CARTESIAN_POINT('Vertex',(0.500000000001,-2.95803989155,-24.)) ;
#1819=CARTESIAN_POINT('Line Origine',(0.5,-3.97901994549,-24.)) ;
#1823=CARTESIAN_POINT('Vertex',(0.5,-5.,-24.)) ;
#1826=CARTESIAN_POINT('Line Origine',(2.25,-5.,-24.)) ;
#1830=CARTESIAN_POINT('Vertex',(4.,-5.,-24.)) ;
#1834=CARTESIAN_POINT('Control Point',(5.,-4.,-24.)) ;
#1835=CARTESIAN_POINT('Control Point',(5.,-4.09797855682,-24.)) ;
#1836=CARTESIAN_POINT('Control Point',(4.98800025302,-4.19595668938,-24.)) ;
#1837=CARTESIAN_POINT('Control Point',(4.96399758011,-4.29198034652,-24.)) ;
#1838=CARTESIAN_POINT('Control Point',(4.89296903065,-4.47618252637,-24.)) ;
#1839=CARTESIAN_POINT('Control Point',(4.77958789119,-4.63779796501,-24.)) ;
#1840=CARTESIAN_POINT('Control Point',(4.71322581428,-4.71123329188,-24.)) ;
#1841=CARTESIAN_POINT('Control Point',(4.56387785418,-4.84034829324,-24.)) ;
#1842=CARTESIAN_POINT('Control Point',(4.38778665042,-4.92960477549,-24.)) ;
#1843=CARTESIAN_POINT('Control Point',(4.29467606544,-4.9631769691,-24.)) ;
#1844=CARTESIAN_POINT('Control Point',(4.17854540885,-4.98950822291,-24.)) ;
#1845=CARTESIAN_POINT('Control Point',(4.0606528709,-4.99846608947,-24.)) ;
#1846=CARTESIAN_POINT('Control Point',(4.04043240059,-4.99948913201,-24.)) ;
#1847=CARTESIAN_POINT('Control Point',(4.02021619126,-5.,-24.)) ;
#1848=CARTESIAN_POINT('Control Point',(4.,-5.,-24.)) ;
#1851=CARTESIAN_POINT('Control Point',(4.,5.,-24.)) ;
#1852=CARTESIAN_POINT('Control Point',(4.09797855682,5.,-24.)) ;
#1853=CARTESIAN_POINT('Control Point',(4.19595668938,4.98800025302,-24.)) ;
#1854=CARTESIAN_POINT('Control Point',(4.29198034652,4.96399758011,-24.)) ;
#1855=CARTESIAN_POINT('Control Point',(4.47618252637,4.89296903065,-24.)) ;
#1856=CARTESIAN_POINT('Control Point',(4.63779796501,4.77958789119,-24.)) ;
#1857=CARTESIAN_POINT('Control Point',(4.71123329189,4.71322581428,-24.)) ;
#1858=CARTESIAN_POINT('Control Point',(4.84034829324,4.56387785418,-24.)) ;
#1859=CARTESIAN_POINT('Control Point',(4.92960477549,4.38778665042,-24.)) ;
#1860=CARTESIAN_POINT('Control Point',(4.9631769691,4.29467606544,-24.)) ;
#1861=CARTESIAN_POINT('Control Point',(4.98950822291,4.17854540885,-24.)) ;
#1862=CARTESIAN_POINT('Control Point',(4.99846608947,4.0606528709,-24.)) ;
#1863=CARTESIAN_POINT('Control Point',(4.99948913201,4.04043240059,-24.)) ;
#1864=CARTESIAN_POINT('Control Point',(5.,4.02021619126,-24.)) ;
#1865=CARTESIAN_POINT('Control Point',(5.,4.,-24.)) ;
#1866=CARTESIAN_POINT('Vertex',(4.,5.,-24.)) ;
#1869=CARTESIAN_POINT('Line Origine',(2.25,5.,-24.)) ;
#1885=CARTESIAN_POINT('Line Origine',(4.,-5.,-27.)) ;
#1889=CARTESIAN_POINT('Vertex',(4.,-5.,-25.)) ;
#1892=CARTESIAN_POINT('Axis2P3D Location',(4.,-4.,-25.)) ;
#1904=CARTESIAN_POINT('Axis2P3D Location',(0.,0.,-25.)) ;
#1909=CARTESIAN_POINT('Line Origine',(0.,-5.,-25.)) ;
#1913=CARTESIAN_POINT('Vertex',(-4.,-5.,-25.)) ;
#1916=CARTESIAN_POINT('Axis2P3D Location',(-3.99999999684,-3.99999999684,-25.)) ;
#1933=CARTESIAN_POINT('Axis2P3D Location',(-3.99999999684,3.99999999684,-25.)) ;
#1937=CARTESIAN_POINT('Vertex',(-4.,5.,-25.)) ;
#1940=CARTESIAN_POINT('Line Origine',(0.,5.,-25.)) ;
#1944=CARTESIAN_POINT('Vertex',(4.,5.,-25.)) ;
#1947=CARTESIAN_POINT('Axis2P3D Location',(3.99999999684,3.99999999684,-25.)) ;
#1963=CARTESIAN_POINT('Line Origine',(4.,5.,-27.)) ;
#1975=CARTESIAN_POINT('Line Origine',(-0.5,-3.97901994549,-24.)) ;
#1979=CARTESIAN_POINT('Vertex',(-0.5,-5.,-24.)) ;
#1981=CARTESIAN_POINT('Vertex',(-0.5,-2.95803989155,-24.)) ;
#1984=CARTESIAN_POINT('Axis2P3D Location',(-6.80406175846E-010,2.22044604925E-016,-24.)) ;
#1988=CARTESIAN_POINT('Vertex',(-0.500000000001,2.95803989155,-24.)) ;
#1991=CARTESIAN_POINT('Line Origine',(-0.5,3.97901994549,-24.)) ;
#1995=CARTESIAN_POINT('Vertex',(-0.5,5.,-24.)) ;
#1998=CARTESIAN_POINT('Line Origine',(-2.25,5.,-24.)) ;
#2002=CARTESIAN_POINT('Vertex',(-4.,5.,-24.)) ;
#2006=CARTESIAN_POINT('Control Point',(-5.,4.,-24.)) ;
#2007=CARTESIAN_POINT('Control Point',(-5.,4.09797855681,-24.)) ;
#2008=CARTESIAN_POINT('Control Point',(-4.98800025302,4.19595668937,-24.)) ;
#2009=CARTESIAN_POINT('Control Point',(-4.96399758011,4.29198034652,-24.)) ;
#2010=CARTESIAN_POINT('Control Point',(-4.89296903065,4.47618252637,-24.)) ;
#2011=CARTESIAN_POINT('Control Point',(-4.77958789119,4.63779796501,-24.)) ;
#2012=CARTESIAN_POINT('Control Point',(-4.71322581428,4.71123329188,-24.)) ;
#2013=CARTESIAN_POINT('Control Point',(-4.56387785418,4.84034829324,-24.)) ;
#2014=CARTESIAN_POINT('Control Point',(-4.38778665042,4.92960477549,-24.)) ;
#2015=CARTESIAN_POINT('Control Point',(-4.29467606544,4.9631769691,-24.)) ;
#2016=CARTESIAN_POINT('Control Point',(-4.17854540885,4.98950822291,-24.)) ;
#2017=CARTESIAN_POINT('Control Point',(-4.0606528709,4.99846608947,-24.)) ;
#2018=CARTESIAN_POINT('Control Point',(-4.04043240059,4.99948913201,-24.)) ;
#2019=CARTESIAN_POINT('Control Point',(-4.02021619126,5.,-24.)) ;
#2020=CARTESIAN_POINT('Control Point',(-4.,5.,-24.)) ;
#2023=CARTESIAN_POINT('Control Point',(-4.,-5.,-24.)) ;
#2024=CARTESIAN_POINT('Control Point',(-4.09797855681,-5.,-24.)) ;
#2025=CARTESIAN_POINT('Control Point',(-4.19595668937,-4.98800025302,-24.)) ;
#2026=CARTESIAN_POINT('Control Point',(-4.29198034652,-4.96399758011,-24.)) ;
#2027=CARTESIAN_POINT('Control Point',(-4.47618252637,-4.89296903065,-24.)) ;
#2028=CARTESIAN_POINT('Control Point',(-4.63779796501,-4.77958789119,-24.)) ;
#2029=CARTESIAN_POINT('Control Point',(-4.71123329188,-4.71322581428,-24.)) ;
#2030=CARTESIAN_POINT('Control Point',(-4.84034829324,-4.56387785418,-24.)) ;
#2031=CARTESIAN_POINT('Control Point',(-4.92960477549,-4.38778665042,-24.)) ;
#2032=CARTESIAN_POINT('Control Point',(-4.9631769691,-4.29467606544,-24.)) ;
#2033=CARTESIAN_POINT('Control Point',(-4.98950822291,-4.17854540885,-24.)) ;
#2034=CARTESIAN_POINT('Control Point',(-4.99846608947,-4.0606528709,-24.)) ;
#2035=CARTESIAN_POINT('Control Point',(-4.99948913201,-4.04043240059,-24.)) ;
#2036=CARTESIAN_POINT('Control Point',(-5.,-4.02021619126,-24.)) ;
#2037=CARTESIAN_POINT('Control Point',(-5.,-4.,-24.)) ;
#2038=CARTESIAN_POINT('Vertex',(-4.,-5.,-24.)) ;
#2041=CARTESIAN_POINT('Line Origine',(-2.25,-5.,-24.)) ;
#2057=CARTESIAN_POINT('Line Origine',(-4.,5.,-27.)) ;
#2069=CARTESIAN_POINT('Line Origine',(-4.,-5.,-27.)) ;
#2081=CARTESIAN_POINT('Line Origine',(0.5,4.79999999981,-23.2000000002)) ;
#2085=CARTESIAN_POINT('Vertex',(0.5,4.59999999963,-23.)) ;
#2087=CARTESIAN_POINT('Vertex',(0.5,5.,-23.4000000004)) ;
#2090=CARTESIAN_POINT('Line Origine',(0.5,4.54999999981,-23.)) ;
#2094=CARTESIAN_POINT('Vertex',(0.5,4.5,-23.)) ;
#2097=CARTESIAN_POINT('Line Origine',(0.5,3.72901994549,-23.)) ;
#2101=CARTESIAN_POINT('Vertex',(0.5,2.95803989155,-23.)) ;
#2104=CARTESIAN_POINT('Line Origine',(0.5,2.95803989097,-23.5)) ;
#2109=CARTESIAN_POINT('Line Origine',(0.5,5.,-23.7000000002)) ;
#2123=CARTESIAN_POINT('Axis2P3D Location',(0.,0.,-23.)) ;
#2127=CARTESIAN_POINT('Vertex',(0.500000000001,-2.95803989155,-23.)) ;
#2130=CARTESIAN_POINT('Line Origine',(0.500000000001,-2.95803989155,-29.5)) ;
#2142=CARTESIAN_POINT('Line Origine',(0.5,-4.79999999981,-23.2000000002)) ;
#2146=CARTESIAN_POINT('Vertex',(0.5,-5.,-23.4000000004)) ;
#2148=CARTESIAN_POINT('Vertex',(0.5,-4.59999999963,-23.)) ;
#2151=CARTESIAN_POINT('Line Origine',(0.5,-5.,-23.7000000002)) ;
#2156=CARTESIAN_POINT('Line Origine',(0.5,-3.72901994549,-23.)) ;
#2160=CARTESIAN_POINT('Vertex',(0.5,-4.5,-23.)) ;
#2163=CARTESIAN_POINT('Line Origine',(0.5,-4.54999999981,-23.)) ;
#2177=CARTESIAN_POINT('Line Origine',(0.,-5.,-23.4000000004)) ;
#2181=CARTESIAN_POINT('Vertex',(-0.5,-5.,-23.4000000004)) ;
#2184=CARTESIAN_POINT('Line Origine',(-0.5,-5.,-23.7000000002)) ;
#2200=CARTESIAN_POINT('Line Origine',(0.,5.,-23.4000000004)) ;
#2204=CARTESIAN_POINT('Vertex',(-0.5,5.,-23.4000000004)) ;
#2207=CARTESIAN_POINT('Line Origine',(-0.5,5.,-23.7000000002)) ;
#2223=CARTESIAN_POINT('Line Origine',(-0.5,-4.54999999981,-23.)) ;
#2227=CARTESIAN_POINT('Vertex',(-0.5,-4.59999999963,-23.)) ;
#2229=CARTESIAN_POINT('Vertex',(-0.5,-4.5,-23.)) ;
#2232=CARTESIAN_POINT('Line Origine',(-0.5,-3.72901994549,-23.)) ;
#2236=CARTESIAN_POINT('Vertex',(-0.5,-2.95803989155,-23.)) ;
#2239=CARTESIAN_POINT('Line Origine',(-0.5,-2.95803989097,-23.5)) ;
#2244=CARTESIAN_POINT('Line Origine',(-0.5,-4.79999999981,-23.2000000002)) ;
#2258=CARTESIAN_POINT('Axis2P3D Location',(0.,0.,-23.)) ;
#2262=CARTESIAN_POINT('Vertex',(-0.5,2.95803989155,-23.)) ;
#2265=CARTESIAN_POINT('Line Origine',(-0.500000000001,2.95803989155,-29.5)) ;
#2277=CARTESIAN_POINT('Line Origine',(-0.5,3.72901994549,-23.)) ;
#2281=CARTESIAN_POINT('Vertex',(-0.5,4.5,-23.)) ;
#2284=CARTESIAN_POINT('Line Origine',(-0.5,4.54999999981,-23.)) ;
#2288=CARTESIAN_POINT('Vertex',(-0.5,4.59999999963,-23.)) ;
#2291=CARTESIAN_POINT('Line Origine',(-0.5,4.79999999981,-23.2000000002)) ;
#2305=CARTESIAN_POINT('Axis2P3D Location',(5.6,4.6,-23.)) ;
#2310=CARTESIAN_POINT('Line Origine',(3.72528674575E-010,4.6,-23.)) ;
#2322=CARTESIAN_POINT('Axis2P3D Location',(0.,0.,-23.)) ;
#2327=CARTESIAN_POINT('Line Origine',(0.,4.5,-23.)) ;
#2339=CARTESIAN_POINT('Line Origine',(5.,0.,-23.)) ;
#2343=CARTESIAN_POINT('Vertex',(5.,3.49999999925,-23.)) ;
#2345=CARTESIAN_POINT('Vertex',(5.,-3.50000000075,-23.)) ;
#2349=CARTESIAN_POINT('Control Point',(5.,-3.5,-23.)) ;
#2350=CARTESIAN_POINT('Control Point',(5.,-3.59594512196,-23.)) ;
#2351=CARTESIAN_POINT('Control Point',(4.98770554116,-3.69197545732,-23.)) ;
#2352=CARTESIAN_POINT('Control Point',(4.96366778485,-3.7859537553,-23.)) ;
#2353=CARTESIAN_POINT('Control Point',(4.89265408889,-3.96826910602,-23.)) ;
#2354=CARTESIAN_POINT('Control Point',(4.78024989333,-4.12817012819,-23.)) ;
#2355=CARTESIAN_POINT('Control Point',(4.7137933221,-4.20164832219,-23.)) ;
#2356=CARTESIAN_POINT('Control Point',(4.56323404081,-4.33199962482,-23.)) ;
#2357=CARTESIAN_POINT('Control Point',(4.38568073635,-4.42286685815,-23.)) ;
#2358=CARTESIAN_POINT('Control Point',(4.29105528254,-4.45765267504,-23.)) ;
#2359=CARTESIAN_POINT('Control Point',(4.16863670048,-4.48681510975,-23.)) ;
#2360=CARTESIAN_POINT('Control Point',(4.04417238196,-4.4977976401,-23.)) ;
#2361=CARTESIAN_POINT('Control Point',(4.01917550924,-4.49926637392,-23.)) ;
#2362=CARTESIAN_POINT('Control Point',(3.99419289738,-4.5,-23.)) ;
#2363=CARTESIAN_POINT('Control Point',(3.96922359429,-4.5,-23.)) ;
#2364=CARTESIAN_POINT('Vertex',(3.96922359429,-4.5,-23.)) ;
#2367=CARTESIAN_POINT('Line Origine',(2.23461179715,-4.5,-23.)) ;
#2372=CARTESIAN_POINT('Line Origine',(2.23461179715,4.5,-23.)) ;
#2376=CARTESIAN_POINT('Vertex',(3.96922359429,4.5,-23.)) ;
#2380=CARTESIAN_POINT('Control Point',(5.,3.5,-23.)) ;
#2381=CARTESIAN_POINT('Control Point',(5.,3.59594512196,-23.)) ;
#2382=CARTESIAN_POINT('Control Point',(4.98770554116,3.69197545732,-23.)) ;
#2383=CARTESIAN_POINT('Control Point',(4.96366778486,3.7859537553,-23.)) ;
#2384=CARTESIAN_POINT('Control Point',(4.89265408889,3.96826910602,-23.)) ;
#2385=CARTESIAN_POINT('Control Point',(4.78024989333,4.12817012819,-23.)) ;
#2386=CARTESIAN_POINT('Control Point',(4.71379332211,4.20164832219,-23.)) ;
#2387=CARTESIAN_POINT('Control Point',(4.56323404081,4.33199962481,-23.)) ;
#2388=CARTESIAN_POINT('Control Point',(4.38568073636,4.42286685814,-23.)) ;
#2389=CARTESIAN_POINT('Control Point',(4.29105528253,4.45765267504,-23.)) ;
#2390=CARTESIAN_POINT('Control Point',(4.16863670048,4.48681510975,-23.)) ;
#2391=CARTESIAN_POINT('Control Point',(4.04417238196,4.4977976401,-23.)) ;
#2392=CARTESIAN_POINT('Control Point',(4.01917550924,4.49926637392,-23.)) ;
#2393=CARTESIAN_POINT('Control Point',(3.99419289738,4.5,-23.)) ;
#2394=CARTESIAN_POINT('Control Point',(3.96922359429,4.5,-23.)) ;
#2407=CARTESIAN_POINT('Axis2P3D Location',(-5.6,-4.6,-23.)) ;
#2412=CARTESIAN_POINT('Line Origine',(-3.72528674575E-010,-4.6,-23.)) ;
#2424=CARTESIAN_POINT('Line Origine',(0.,-4.5,-23.)) ;
#2437=CARTESIAN_POINT('Control Point',(-5.,3.5,-23.)) ;
#2438=CARTESIAN_POINT('Control Point',(-5.,3.59594512196,-23.)) ;
#2439=CARTESIAN_POINT('Control Point',(-4.98770554116,3.69197545732,-23.)) ;
#2440=CARTESIAN_POINT('Control Point',(-4.96366778485,3.7859537553,-23.)) ;
#2441=CARTESIAN_POINT('Control Point',(-4.8926540889,3.96826910601,-23.)) ;
#2442=CARTESIAN_POINT('Control Point',(-4.78024989334,4.12817012818,-23.)) ;
#2443=CARTESIAN_POINT('Control Point',(-4.71379332209,4.2016483222,-23.)) ;
#2444=CARTESIAN_POINT('Control Point',(-4.56323404081,4.33199962482,-23.)) ;
#2445=CARTESIAN_POINT('Control Point',(-4.38568073636,4.42286685814,-23.)) ;
#2446=CARTESIAN_POINT('Control Point',(-4.29105528252,4.45765267504,-23.)) ;
#2447=CARTESIAN_POINT('Control Point',(-4.16863670048,4.48681510975,-23.)) ;
#2448=CARTESIAN_POINT('Control Point',(-4.04417238196,4.4977976401,-23.)) ;
#2449=CARTESIAN_POINT('Control Point',(-4.01917550924,4.49926637392,-23.)) ;
#2450=CARTESIAN_POINT('Control Point',(-3.99419289738,4.5,-23.)) ;
#2451=CARTESIAN_POINT('Control Point',(-3.96922359429,4.5,-23.)) ;
#2452=CARTESIAN_POINT('Vertex',(-3.96922359429,4.5,-23.)) ;
#2454=CARTESIAN_POINT('Vertex',(-5.,3.50000000075,-23.)) ;
#2457=CARTESIAN_POINT('Line Origine',(-2.23461179715,4.5,-23.)) ;
#2462=CARTESIAN_POINT('Line Origine',(-2.23461179715,-4.5,-23.)) ;
#2466=CARTESIAN_POINT('Vertex',(-3.96922359429,-4.5,-23.)) ;
#2470=CARTESIAN_POINT('Control Point',(-5.,-3.5,-23.)) ;
#2471=CARTESIAN_POINT('Control Point',(-5.,-3.59594512196,-23.)) ;
#2472=CARTESIAN_POINT('Control Point',(-4.98770554116,-3.69197545732,-23.)) ;
#2473=CARTESIAN_POINT('Control Point',(-4.96366778485,-3.7859537553,-23.)) ;
#2474=CARTESIAN_POINT('Control Point',(-4.89265408889,-3.96826910602,-23.)) ;
#2475=CARTESIAN_POINT('Control Point',(-4.78024989333,-4.12817012819,-23.)) ;
#2476=CARTESIAN_POINT('Control Point',(-4.7137933221,-4.20164832219,-23.)) ;
#2477=CARTESIAN_POINT('Control Point',(-4.56323404081,-4.33199962482,-23.)) ;
#2478=CARTESIAN_POINT('Control Point',(-4.38568073635,-4.42286685815,-23.)) ;
#2479=CARTESIAN_POINT('Control Point',(-4.29105528254,-4.45765267504,-23.)) ;
#2480=CARTESIAN_POINT('Control Point',(-4.16863670048,-4.48681510975,-23.)) ;
#2481=CARTESIAN_POINT('Control Point',(-4.04417238196,-4.4977976401,-23.)) ;
#2482=CARTESIAN_POINT('Control Point',(-4.01917550924,-4.49926637392,-23.)) ;
#2483=CARTESIAN_POINT('Control Point',(-3.99419289738,-4.5,-23.)) ;
#2484=CARTESIAN_POINT('Control Point',(-3.96922359429,-4.5,-23.)) ;
#2485=CARTESIAN_POINT('Vertex',(-5.,-3.49999999925,-23.)) ;
#2488=CARTESIAN_POINT('Line Origine',(-5.,0.,-23.)) ;
#2504=CARTESIAN_POINT('Axis2P3D Location',(7.,4.5,0.)) ;
#2509=CARTESIAN_POINT('Line Origine',(0.,4.5,-22.5)) ;
#2513=CARTESIAN_POINT('Vertex',(-4.09422359429,4.5,-22.5)) ;
#2515=CARTESIAN_POINT('Vertex',(4.09422359429,4.5,-22.5)) ;
#2518=CARTESIAN_POINT('Line Origine',(4.03172359429,4.5,-22.75)) ;
#2523=CARTESIAN_POINT('Line Origine',(-4.03172359429,4.5,-22.75)) ;
#2537=CARTESIAN_POINT('Axis2P3D Location',(7.,6.3,-15.)) ;
#2542=CARTESIAN_POINT('Line Origine',(5.92535625047,3.49999999925,-19.2985749981)) ;
#2546=CARTESIAN_POINT('Vertex',(6.85071250095,3.49999999925,-15.5971499962)) ;
#2549=CARTESIAN_POINT('Line Origine',(6.85071250095,-7.45058237328E-010,-15.5971499962)) ;
#2553=CARTESIAN_POINT('Vertex',(6.85071250095,-3.50000000075,-15.5971499962)) ;
#2556=CARTESIAN_POINT('Line Origine',(5.92535625047,-3.50000000075,-19.2985749981)) ;
#2568=CARTESIAN_POINT('Axis2P3D Location',(6.3096117968,-3.5,-13.6384471872)) ;
#2573=CARTESIAN_POINT('Axis2P3D Location',(5.88057000055,-3.5,-15.3546143722)) ;
#2577=CARTESIAN_POINT('Vertex',(5.88057000004,-4.5,-15.3546143714)) ;
#2580=CARTESIAN_POINT('Line Origine',(6.30961179687,-4.5,-13.6384471878)) ;
#2592=CARTESIAN_POINT('Axis2P3D Location',(-7.,-4.5,0.)) ;
#2597=CARTESIAN_POINT('Line Origine',(-6.,-4.5,-7.19223593641)) ;
#2601=CARTESIAN_POINT('Vertex',(-6.,-4.5,-14.3844718728)) ;
#2603=CARTESIAN_POINT('Vertex',(-6.,-4.5,0.)) ;
#2606=CARTESIAN_POINT('Axis2P3D Location',(-1.99999991379,-4.5,-14.3844718585)) ;
#2610=CARTESIAN_POINT('Vertex',(-5.88057000004,-4.5,-15.3546143714)) ;
#2613=CARTESIAN_POINT('Line Origine',(-4.92489679717,-4.5,-19.1773071857)) ;
#2618=CARTESIAN_POINT('Axis2P3D Location',(1.99999991379,-4.5,-14.3844718585)) ;
#2622=CARTESIAN_POINT('Vertex',(6.,-4.5,-14.3844718728)) ;
#2625=CARTESIAN_POINT('Line Origine',(6.,-4.5,-7.19223593641)) ;
#2629=CARTESIAN_POINT('Vertex',(6.,-4.5,0.)) ;
#2632=CARTESIAN_POINT('Line Origine',(0.,-4.5,0.)) ;
#2649=CARTESIAN_POINT('Line Origine',(-1.70460271835,-4.5,-3.43467843533)) ;
#2653=CARTESIAN_POINT('Vertex',(-1.70460271835,-4.5,-4.64133548737)) ;
#2655=CARTESIAN_POINT('Vertex',(-1.70460271835,-4.5,-2.22802138329)) ;
#2658=CARTESIAN_POINT('Line Origine',(-2.66744065285,-4.5,-4.64133548737)) ;
#2662=CARTESIAN_POINT('Vertex',(-3.63027858734,-4.5,-4.64133548737)) ;
#2665=CARTESIAN_POINT('Line Origine',(-3.63027858734,-4.5,-3.43467843533)) ;
#2669=CARTESIAN_POINT('Vertex',(-3.63027858734,-4.5,-2.22802138329)) ;
#2672=CARTESIAN_POINT('Line Origine',(-2.66744065285,-4.5,-2.22802138329)) ;
#2683=CARTESIAN_POINT('Line Origine',(2.66744065285,-4.5,-4.64133548737)) ;
#2687=CARTESIAN_POINT('Vertex',(1.70460271836,-4.5,-4.64133548737)) ;
#2689=CARTESIAN_POINT('Vertex',(3.63027858734,-4.5,-4.64133548737)) ;
#2692=CARTESIAN_POINT('Line Origine',(1.70460271835,-4.5,-3.43467843533)) ;
#2696=CARTESIAN_POINT('Vertex',(1.70460271835,-4.5,-2.22802138329)) ;
#2699=CARTESIAN_POINT('Line Origine',(2.66744065285,-4.5,-2.22802138329)) ;
#2703=CARTESIAN_POINT('Vertex',(3.63027858734,-4.5,-2.22802138329)) ;
#2706=CARTESIAN_POINT('Line Origine',(3.63027858734,-4.5,-3.43467843533)) ;
#2718=CARTESIAN_POINT('Axis2P3D Location',(6.2096117968,3.5,-14.0384471872)) ;
#2723=CARTESIAN_POINT('Line Origine',(6.20961179677,4.5,-14.0384471864)) ;
#2727=CARTESIAN_POINT('Vertex',(4.5,4.5,-20.8768943753)) ;
#2730=CARTESIAN_POINT('Line Origine',(6.20961179677,4.5,-14.0384471864)) ;
#2734=CARTESIAN_POINT('Vertex',(5.88057000059,4.5,-15.354614372)) ;
#2737=CARTESIAN_POINT('Axis2P3D Location',(5.88057000066,3.5,-15.3546143717)) ;
#2751=CARTESIAN_POINT('Axis2P3D Location',(-6.3096117968,3.5,-13.6384471872)) ;
#2756=CARTESIAN_POINT('Line Origine',(-7.27975429688,3.5,-13.8809828125)) ;
#2760=CARTESIAN_POINT('Vertex',(-6.85071250095,3.50000000075,-15.5971499962)) ;
#2763=CARTESIAN_POINT('Axis2P3D Location',(-5.88057000055,3.5,-15.3546143722)) ;
#2767=CARTESIAN_POINT('Vertex',(-5.88057000055,4.5,-15.3546143722)) ;
#2770=CARTESIAN_POINT('Line Origine',(-6.30961179687,4.5,-13.6384471878)) ;
#2774=CARTESIAN_POINT('Vertex',(-4.5,4.5,-20.8768943753)) ;
#2777=CARTESIAN_POINT('Line Origine',(-6.30961179687,4.5,-13.6384471878)) ;
#2791=CARTESIAN_POINT('Axis2P3D Location',(-6.2096117968,-3.5,-14.0384471872)) ;
#2796=CARTESIAN_POINT('Axis2P3D Location',(-5.88057000066,-3.5,-15.3546143717)) ;
#2800=CARTESIAN_POINT('Vertex',(-6.85071250095,-3.49999999925,-15.5971499962)) ;
#2803=CARTESIAN_POINT('Line Origine',(-7.17975429678,-3.5,-14.280982811)) ;
#2815=CARTESIAN_POINT('Axis2P3D Location',(-7.,-6.3,-15.)) ;
#2820=CARTESIAN_POINT('Line Origine',(-6.85071250095,7.45058237328E-010,-15.5971499962)) ;
#2832=CARTESIAN_POINT('Axis2P3D Location',(0.,4.5,-22.5)) ;
#2837=CARTESIAN_POINT('Line Origine',(4.29711179715,4.5,-22.5)) ;
#2841=CARTESIAN_POINT('Vertex',(4.5,4.5,-22.5)) ;
#2844=CARTESIAN_POINT('Line Origine',(-4.29711179715,4.5,-22.5)) ;
#2848=CARTESIAN_POINT('Vertex',(-4.5,4.5,-22.5)) ;
#2851=CARTESIAN_POINT('Line Origine',(-4.5,5.,-22.5)) ;
#2855=CARTESIAN_POINT('Vertex',(-4.5,5.5,-22.5)) ;
#2858=CARTESIAN_POINT('Line Origine',(0.,5.5,-22.5)) ;
#2862=CARTESIAN_POINT('Vertex',(4.5,5.5,-22.5)) ;
#2865=CARTESIAN_POINT('Line Origine',(4.5,5.,-22.5)) ;
#2879=CARTESIAN_POINT('Axis2P3D Location',(2.,-2.6645352591E-015,-14.3844718719)) ;
#2884=CARTESIAN_POINT('Axis2P3D Location',(2.,3.5,-14.3844718719)) ;
#2888=CARTESIAN_POINT('Vertex',(7.,3.5,-14.3844718719)) ;
#2891=CARTESIAN_POINT('Line Origine',(7.,0.,-14.3844718719)) ;
#2895=CARTESIAN_POINT('Vertex',(7.,-3.5,-14.3844718719)) ;
#2898=CARTESIAN_POINT('Axis2P3D Location',(2.,-3.5,-14.3844718719)) ;
#2910=CARTESIAN_POINT('Axis2P3D Location',(2.,-3.5,-14.3844718719)) ;
#2915=CARTESIAN_POINT('Axis2P3D Location',(6.,-3.5,-14.3844718719)) ;
#2927=CARTESIAN_POINT('Axis2P3D Location',(-6.,-3.5,-11.5)) ;
#2932=CARTESIAN_POINT('Line Origine',(-7.,-3.5,-11.5)) ;
#2936=CARTESIAN_POINT('Vertex',(-7.,-3.5,-14.3844718719)) ;
#2938=CARTESIAN_POINT('Vertex',(-7.,-3.5,0.)) ;
#2941=CARTESIAN_POINT('Axis2P3D Location',(-6.,-3.5,-14.3844718728)) ;
#2946=CARTESIAN_POINT('Axis2P3D Location',(-6.,-3.5,0.)) ;
#2958=CARTESIAN_POINT('Axis2P3D Location',(-2.,-3.5,-14.3844718719)) ;
#2963=CARTESIAN_POINT('Axis2P3D Location',(-2.,-3.5,-14.3844718719)) ;
#2975=CARTESIAN_POINT('Axis2P3D Location',(6.,-3.5,-11.5)) ;
#2980=CARTESIAN_POINT('Line Origine',(7.,-3.5,-11.5)) ;
#2984=CARTESIAN_POINT('Vertex',(7.,-3.5,0.)) ;
#2987=CARTESIAN_POINT('Axis2P3D Location',(6.,-3.5,0.)) ;
#2999=CARTESIAN_POINT('Axis2P3D Location',(0.,0.,0.)) ;
#3004=CARTESIAN_POINT('Line Origine',(-3.76277401298,4.5,0.)) ;
#3008=CARTESIAN_POINT('Vertex',(-6.,4.5,0.)) ;
#3010=CARTESIAN_POINT('Vertex',(-1.52554802597,4.5,0.)) ;
#3013=CARTESIAN_POINT('Axis2P3D Location',(-5.99999999684,3.49999999684,0.)) ;
#3017=CARTESIAN_POINT('Vertex',(-7.,3.5,0.)) ;
#3020=CARTESIAN_POINT('Line Origine',(-7.,0.,0.)) ;
#3025=CARTESIAN_POINT('Line Origine',(7.,0.,0.)) ;
#3029=CARTESIAN_POINT('Vertex',(7.,3.5,0.)) ;
#3032=CARTESIAN_POINT('Axis2P3D Location',(5.99999999684,3.49999999684,0.)) ;
#3036=CARTESIAN_POINT('Vertex',(6.,4.5,0.)) ;
#3039=CARTESIAN_POINT('Line Origine',(3.76277401298,4.5,0.)) ;
#3043=CARTESIAN_POINT('Vertex',(1.52554802597,4.5,0.)) ;
#3046=CARTESIAN_POINT('Line Origine',(1.52554802597,4.25,0.)) ;
#3050=CARTESIAN_POINT('Vertex',(1.52554802597,4.,0.)) ;
#3053=CARTESIAN_POINT('Line Origine',(0.,4.,0.)) ;
#3057=CARTESIAN_POINT('Vertex',(-1.52554802597,4.,0.)) ;
#3060=CARTESIAN_POINT('Line Origine',(-1.52554802597,4.25,0.)) ;
#3079=CARTESIAN_POINT('Axis2P3D Location',(5.49999999842,2.99999999842,0.)) ;
#3083=CARTESIAN_POINT('Vertex',(6.,3.,0.)) ;
#3085=CARTESIAN_POINT('Vertex',(5.5,3.5,0.)) ;
#3088=CARTESIAN_POINT('Line Origine',(6.,0.,0.)) ;
#3092=CARTESIAN_POINT('Vertex',(6.,-3.,0.)) ;
#3095=CARTESIAN_POINT('Axis2P3D Location',(5.49999999842,-2.99999999842,0.)) ;
#3099=CARTESIAN_POINT('Vertex',(5.5,-3.5,0.)) ;
#3102=CARTESIAN_POINT('Line Origine',(0.,-3.5,0.)) ;
#3106=CARTESIAN_POINT('Vertex',(-5.5,-3.5,0.)) ;
#3109=CARTESIAN_POINT('Axis2P3D Location',(-5.49999999842,-2.99999999842,0.)) ;
#3113=CARTESIAN_POINT('Vertex',(-6.,-3.,0.)) ;
#3116=CARTESIAN_POINT('Line Origine',(-6.,0.,0.)) ;
#3120=CARTESIAN_POINT('Vertex',(-6.,3.,0.)) ;
#3123=CARTESIAN_POINT('Axis2P3D Location',(-5.49999999842,2.99999999842,0.)) ;
#3127=CARTESIAN_POINT('Vertex',(-5.5,3.5,0.)) ;
#3130=CARTESIAN_POINT('Line Origine',(0.,3.5,0.)) ;
#3146=CARTESIAN_POINT('Axis2P3D Location',(-1.70460271835,-4.5,-4.64133548737)) ;
#3151=CARTESIAN_POINT('Line Origine',(-1.70460271835,-4.25,-4.64133548737)) ;
#3155=CARTESIAN_POINT('Vertex',(-1.70460271835,-4.,-4.64133548737)) ;
#3158=CARTESIAN_POINT('Line Origine',(-1.70460271835,-4.25,-2.22802138329)) ;
#3162=CARTESIAN_POINT('Vertex',(-1.70460271835,-4.,-2.22802138329)) ;
#3165=CARTESIAN_POINT('Line Origine',(-1.70460271835,-4.,-3.43467843533)) ;
#3177=CARTESIAN_POINT('Axis2P3D Location',(-1.70460271835,-4.5,-4.64133548737)) ;
#3182=CARTESIAN_POINT('Line Origine',(-3.63027858734,-4.25,-4.64133548737)) ;
#3186=CARTESIAN_POINT('Vertex',(-3.63027858734,-4.,-4.64133548737)) ;
#3189=CARTESIAN_POINT('Line Origine',(-2.66744065284,-4.,-4.64133548737)) ;
#3201=CARTESIAN_POINT('Axis2P3D Location',(-3.63027858734,-4.5,-2.22802138329)) ;
#3206=CARTESIAN_POINT('Line Origine',(-3.63027858734,-4.25,-2.22802138329)) ;
#3210=CARTESIAN_POINT('Vertex',(-3.63027858734,-4.,-2.22802138329)) ;
#3213=CARTESIAN_POINT('Line Origine',(-3.63027858734,-4.,-3.43467843533)) ;
#3225=CARTESIAN_POINT('Axis2P3D Location',(-3.63027858734,-4.5,-2.22802138329)) ;
#3230=CARTESIAN_POINT('Line Origine',(-2.66744065285,-4.,-2.22802138329)) ;
#3242=CARTESIAN_POINT('Line Origine',(1.70460271836,-4.25,-4.64133548737)) ;
#3246=CARTESIAN_POINT('Vertex',(1.70460271836,-4.,-4.64133548737)) ;
#3249=CARTESIAN_POINT('Line Origine',(3.63027858734,-4.25,-4.64133548737)) ;
#3253=CARTESIAN_POINT('Vertex',(3.63027858734,-4.,-4.64133548737)) ;
#3256=CARTESIAN_POINT('Line Origine',(2.66744065285,-4.,-4.64133548737)) ;
#3268=CARTESIAN_POINT('Axis2P3D Location',(1.70460271835,-4.5,-4.64133548737)) ;
#3273=CARTESIAN_POINT('Line Origine',(1.70460271835,-4.25,-2.22802138329)) ;
#3277=CARTESIAN_POINT('Vertex',(1.70460271835,-4.,-2.22802138329)) ;
#3280=CARTESIAN_POINT('Line Origine',(1.70460271835,-4.,-3.43467843533)) ;
#3292=CARTESIAN_POINT('Line Origine',(3.63027858734,-4.25,-2.22802138329)) ;
#3296=CARTESIAN_POINT('Vertex',(3.63027858734,-4.,-2.22802138329)) ;
#3299=CARTESIAN_POINT('Line Origine',(2.66744065285,-4.,-2.22802138329)) ;
#3311=CARTESIAN_POINT('Axis2P3D Location',(3.63027858734,-4.5,-2.22802138329)) ;
#3316=CARTESIAN_POINT('Line Origine',(3.63027858734,-4.,-3.43467843533)) ;
#3328=CARTESIAN_POINT('Line Origine',(4.5,4.5,-21.6884471877)) ;
#3339=CARTESIAN_POINT('Line Origine',(4.5,4.5,-13.6699425476)) ;
#3343=CARTESIAN_POINT('Vertex',(4.5,4.5,-6.46299071983)) ;
#3346=CARTESIAN_POINT('Line Origine',(0.,4.5,-6.46299071983)) ;
#3350=CARTESIAN_POINT('Vertex',(-4.5,4.5,-6.46299071983)) ;
#3353=CARTESIAN_POINT('Line Origine',(-4.5,4.5,-13.6699425476)) ;
#3358=CARTESIAN_POINT('Axis2P3D Location',(-1.99999991379,4.5,-14.3844718585)) ;
#3362=CARTESIAN_POINT('Vertex',(-6.,4.5,-14.3844718719)) ;
#3365=CARTESIAN_POINT('Line Origine',(-6.,4.5,-7.19223593641)) ;
#3370=CARTESIAN_POINT('Line Origine',(-1.52554802597,4.5,-1.71912586689)) ;
#3374=CARTESIAN_POINT('Vertex',(-1.52554802597,4.5,-3.43825173378)) ;
#3377=CARTESIAN_POINT('Line Origine',(0.,4.5,-3.43825173378)) ;
#3381=CARTESIAN_POINT('Vertex',(1.52554802596,4.5,-3.43825173378)) ;
#3384=CARTESIAN_POINT('Line Origine',(1.52554802597,4.5,-1.71912586689)) ;
#3389=CARTESIAN_POINT('Line Origine',(6.,4.5,-7.19223593641)) ;
#3393=CARTESIAN_POINT('Vertex',(6.,4.5,-14.3844718719)) ;
#3396=CARTESIAN_POINT('Axis2P3D Location',(1.99999991379,4.5,-14.3844718585)) ;
#3417=CARTESIAN_POINT('Line Origine',(-5.32302188873,4.5,-3.83993756771)) ;
#3421=CARTESIAN_POINT('Vertex',(-5.32302188873,4.5,-4.73063278198)) ;
#3423=CARTESIAN_POINT('Vertex',(-5.32302188873,4.5,-2.94924235344)) ;
#3426=CARTESIAN_POINT('Line Origine',(-4.52171993256,4.5,-4.73063278198)) ;
#3430=CARTESIAN_POINT('Vertex',(-3.72041797638,4.5,-4.73063278198)) ;
#3433=CARTESIAN_POINT('Line Origine',(-3.72041797638,4.5,-3.83993756771)) ;
#3437=CARTESIAN_POINT('Vertex',(-3.72041797638,4.5,-2.94924235344)) ;
#3440=CARTESIAN_POINT('Line Origine',(-4.52171993256,4.5,-2.94924235344)) ;
#3451=CARTESIAN_POINT('Line Origine',(4.52171993256,4.5,-4.73063278198)) ;
#3455=CARTESIAN_POINT('Vertex',(5.32302188874,4.5,-4.73063278198)) ;
#3457=CARTESIAN_POINT('Vertex',(3.72041797638,4.5,-4.73063278198)) ;
#3460=CARTESIAN_POINT('Line Origine',(5.32302188873,4.5,-3.83993756771)) ;
#3464=CARTESIAN_POINT('Vertex',(5.32302188873,4.5,-2.94924235344)) ;
#3467=CARTESIAN_POINT('Line Origine',(4.52171993256,4.5,-2.94924235344)) ;
#3471=CARTESIAN_POINT('Vertex',(3.72041797638,4.5,-2.94924235344)) ;
#3474=CARTESIAN_POINT('Line Origine',(3.72041797638,4.5,-3.83993756771)) ;
#3486=CARTESIAN_POINT('Axis2P3D Location',(2.,3.5,-14.3844718719)) ;
#3491=CARTESIAN_POINT('Axis2P3D Location',(6.,3.5,-14.3844718719)) ;
#3503=CARTESIAN_POINT('Axis2P3D Location',(-2.,3.5,-14.3844718719)) ;
#3508=CARTESIAN_POINT('Axis2P3D Location',(-6.,3.5,-14.3844718719)) ;
#3512=CARTESIAN_POINT('Vertex',(-7.,3.5,-14.3844718719)) ;
#3515=CARTESIAN_POINT('Axis2P3D Location',(-2.,3.5,-14.3844718719)) ;
#3527=CARTESIAN_POINT('Line Origine',(-4.5,4.5,-21.6884471877)) ;
#3538=CARTESIAN_POINT('Axis2P3D Location',(-2.,1.7763568394E-015,-14.3844718719)) ;
#3543=CARTESIAN_POINT('Line Origine',(-7.,0.,-14.3844718719)) ;
#3555=CARTESIAN_POINT('Axis2P3D Location',(-4.5,0.,0.)) ;
#3560=CARTESIAN_POINT('Axis2P3D Location',(-4.5,7.3787530317,-2.21040802214)) ;
#3564=CARTESIAN_POINT('Vertex',(-4.5,7.57633713007,-2.24140034463)) ;
#3566=CARTESIAN_POINT('Vertex',(-4.5,7.20889183498,-2.10482784423)) ;
#3569=CARTESIAN_POINT('Line Origine',(-4.5,7.03816856537,-5.67236457858)) ;
#3573=CARTESIAN_POINT('Vertex',(-4.5,6.5,-9.10332881273)) ;
#3576=CARTESIAN_POINT('Line Origine',(-4.5,6.5,-15.3016644064)) ;
#3580=CARTESIAN_POINT('Vertex',(-4.5,6.5,-21.5)) ;
#3583=CARTESIAN_POINT('Line Origine',(-4.5,6.25,-21.5)) ;
#3587=CARTESIAN_POINT('Vertex',(-4.5,6.,-21.5)) ;
#3590=CARTESIAN_POINT('Line Origine',(-4.5,6.,-21.75)) ;
#3594=CARTESIAN_POINT('Vertex',(-4.5,6.,-22.)) ;
#3597=CARTESIAN_POINT('Line Origine',(-4.5,5.75,-22.)) ;
#3601=CARTESIAN_POINT('Vertex',(-4.5,5.5,-22.)) ;
#3604=CARTESIAN_POINT('Line Origine',(-4.5,5.5,-22.25)) ;
#3609=CARTESIAN_POINT('Line Origine',(-4.5,5.85444591753,-4.28390928172)) ;
#3628=CARTESIAN_POINT('Axis2P3D Location',(0.,5.5,-22.5)) ;
#3633=CARTESIAN_POINT('Line Origine',(0.,5.5,-22.)) ;
#3637=CARTESIAN_POINT('Vertex',(4.5,5.5,-22.)) ;
#3640=CARTESIAN_POINT('Line Origine',(4.5,5.5,-22.25)) ;
#3652=CARTESIAN_POINT('Axis2P3D Location',(4.5,0.,0.)) ;
#3657=CARTESIAN_POINT('Line Origine',(4.5,5.85444591753,-4.28390928172)) ;
#3661=CARTESIAN_POINT('Vertex',(4.5,7.20889183498,-2.10482784423)) ;
#3664=CARTESIAN_POINT('Line Origine',(4.5,5.75,-22.)) ;
#3668=CARTESIAN_POINT('Vertex',(4.5,6.,-22.)) ;
#3671=CARTESIAN_POINT('Line Origine',(4.5,6.,-21.75)) ;
#3675=CARTESIAN_POINT('Vertex',(4.5,6.,-21.5)) ;
#3678=CARTESIAN_POINT('Line Origine',(4.5,6.25,-21.5)) ;
#3682=CARTESIAN_POINT('Vertex',(4.5,6.5,-21.5)) ;
#3685=CARTESIAN_POINT('Line Origine',(4.5,6.5,-15.3016644064)) ;
#3689=CARTESIAN_POINT('Vertex',(4.5,6.5,-9.10332881273)) ;
#3692=CARTESIAN_POINT('Line Origine',(4.5,7.03816856537,-5.67236457858)) ;
#3696=CARTESIAN_POINT('Vertex',(4.5,7.57633713007,-2.24140034463)) ;
#3699=CARTESIAN_POINT('Axis2P3D Location',(4.5,7.3787530317,-2.21040802214)) ;
#3718=CARTESIAN_POINT('Axis2P3D Location',(7.,-4.5,0.)) ;
#3723=CARTESIAN_POINT('Line Origine',(7.,3.5,-7.19223593641)) ;
#3735=CARTESIAN_POINT('Axis2P3D Location',(-7.,4.5,0.)) ;
#3740=CARTESIAN_POINT('Line Origine',(-7.,3.5,-7.19223593641)) ;
#3752=CARTESIAN_POINT('Axis2P3D Location',(-6.,3.5,-11.5)) ;
#3764=CARTESIAN_POINT('Axis2P3D Location',(6.,3.5,-11.5)) ;
#3776=CARTESIAN_POINT('Axis2P3D Location',(1.52554802597,4.5,-3.43825173378)) ;
#3781=CARTESIAN_POINT('Line Origine',(1.52554802597,4.25,-3.43825173378)) ;
#3785=CARTESIAN_POINT('Vertex',(1.52554802596,4.,-3.43825173378)) ;
#3788=CARTESIAN_POINT('Line Origine',(1.52554802597,4.,-1.71912586689)) ;
#3800=CARTESIAN_POINT('Axis2P3D Location',(0.,4.,13.5)) ;
#3805=CARTESIAN_POINT('Line Origine',(0.,4.,-3.43825173378)) ;
#3809=CARTESIAN_POINT('Vertex',(-1.52554802597,4.,-3.43825173378)) ;
#3812=CARTESIAN_POINT('Line Origine',(-1.52554802597,4.,-1.71912586689)) ;
#3824=CARTESIAN_POINT('Axis2P3D Location',(-1.52554802597,4.5,1.8011329174)) ;
#3829=CARTESIAN_POINT('Line Origine',(-1.52554802597,4.25,-3.43825173378)) ;
#3841=CARTESIAN_POINT('Axis2P3D Location',(5.5,3.,6.5)) ;
#3846=CARTESIAN_POINT('Axis2P3D Location',(5.5,3.,11.9161300659)) ;
#3850=CARTESIAN_POINT('Vertex',(5.5,3.5,11.9161300659)) ;
#3852=CARTESIAN_POINT('Vertex',(6.,3.,11.9161300659)) ;
#3855=CARTESIAN_POINT('Line Origine',(6.,3.,6.5)) ;
#3860=CARTESIAN_POINT('Line Origine',(5.5,3.5,6.5)) ;
#3872=CARTESIAN_POINT('Axis2P3D Location',(6.,3.5,0.)) ;
#3877=CARTESIAN_POINT('Line Origine',(6.,2.76204299927,11.9161300659)) ;
#3881=CARTESIAN_POINT('Vertex',(6.,2.52408599854,11.9161300659)) ;
#3884=CARTESIAN_POINT('Line Origine',(6.,2.52408599854,12.458065033)) ;
#3888=CARTESIAN_POINT('Vertex',(6.,2.52408599854,13.)) ;
#3891=CARTESIAN_POINT('Line Origine',(6.,-0.237957000732,13.)) ;
#3895=CARTESIAN_POINT('Vertex',(6.,-3.,13.)) ;
#3898=CARTESIAN_POINT('Line Origine',(6.,-3.,6.5)) ;
#3912=CARTESIAN_POINT('Axis2P3D Location',(5.5,-3.,6.5)) ;
#3917=CARTESIAN_POINT('Axis2P3D Location',(5.5,-3.,13.)) ;
#3921=CARTESIAN_POINT('Vertex',(5.5,-3.5,13.)) ;
#3924=CARTESIAN_POINT('Line Origine',(5.5,-3.5,6.5)) ;
#3936=CARTESIAN_POINT('Axis2P3D Location',(6.,-3.5,0.)) ;
#3941=CARTESIAN_POINT('Line Origine',(4.75,-3.5,13.)) ;
#3945=CARTESIAN_POINT('Vertex',(4.,-3.5,13.)) ;
#3948=CARTESIAN_POINT('Line Origine',(4.,-3.5,8.)) ;
#3952=CARTESIAN_POINT('Vertex',(4.,-3.5,3.)) ;
#3955=CARTESIAN_POINT('Line Origine',(3.75,-3.5,3.)) ;
#3959=CARTESIAN_POINT('Vertex',(3.5,-3.5,3.)) ;
#3962=CARTESIAN_POINT('Line Origine',(3.5,-3.5,8.)) ;
#3966=CARTESIAN_POINT('Vertex',(3.5,-3.5,13.)) ;
#3969=CARTESIAN_POINT('Line Origine',(3.25,-3.5,13.)) ;
#3973=CARTESIAN_POINT('Vertex',(3.,-3.5,13.)) ;
#3976=CARTESIAN_POINT('Line Origine',(3.,-3.5,8.)) ;
#3980=CARTESIAN_POINT('Vertex',(3.,-3.5,3.)) ;
#3983=CARTESIAN_POINT('Line Origine',(2.75,-3.5,3.)) ;
#3987=CARTESIAN_POINT('Vertex',(2.5,-3.5,3.)) ;
#3990=CARTESIAN_POINT('Line Origine',(2.5,-3.5,8.)) ;
#3994=CARTESIAN_POINT('Vertex',(2.5,-3.5,13.)) ;
#3997=CARTESIAN_POINT('Line Origine',(2.25,-3.5,13.)) ;
#4001=CARTESIAN_POINT('Vertex',(2.,-3.5,13.)) ;
#4004=CARTESIAN_POINT('Line Origine',(2.,-3.5,8.)) ;
#4008=CARTESIAN_POINT('Vertex',(2.,-3.5,3.)) ;
#4011=CARTESIAN_POINT('Line Origine',(1.75,-3.5,3.)) ;
#4015=CARTESIAN_POINT('Vertex',(1.5,-3.5,3.)) ;
#4018=CARTESIAN_POINT('Line Origine',(1.5,-3.5,8.)) ;
#4022=CARTESIAN_POINT('Vertex',(1.5,-3.5,13.)) ;
#4025=CARTESIAN_POINT('Line Origine',(1.25,-3.5,13.)) ;
#4029=CARTESIAN_POINT('Vertex',(1.,-3.5,13.)) ;
#4032=CARTESIAN_POINT('Line Origine',(1.,-3.5,8.)) ;
#4036=CARTESIAN_POINT('Vertex',(1.,-3.5,3.)) ;
#4039=CARTESIAN_POINT('Line Origine',(0.75,-3.5,3.)) ;
#4043=CARTESIAN_POINT('Vertex',(0.5,-3.5,3.)) ;
#4046=CARTESIAN_POINT('Line Origine',(0.5,-3.5,8.)) ;
#4050=CARTESIAN_POINT('Vertex',(0.5,-3.5,13.)) ;
#4053=CARTESIAN_POINT('Line Origine',(0.25,-3.5,13.)) ;
#4057=CARTESIAN_POINT('Vertex',(0.,-3.5,13.)) ;
#4060=CARTESIAN_POINT('Line Origine',(0.,-3.5,8.)) ;
#4064=CARTESIAN_POINT('Vertex',(0.,-3.5,3.)) ;
#4067=CARTESIAN_POINT('Line Origine',(-0.25,-3.5,3.)) ;
#4071=CARTESIAN_POINT('Vertex',(-0.5,-3.5,3.)) ;
#4074=CARTESIAN_POINT('Line Origine',(-0.5,-3.5,8.)) ;
#4078=CARTESIAN_POINT('Vertex',(-0.5,-3.5,13.)) ;
#4081=CARTESIAN_POINT('Line Origine',(-0.75,-3.5,13.)) ;
#4085=CARTESIAN_POINT('Vertex',(-1.,-3.5,13.)) ;
#4088=CARTESIAN_POINT('Line Origine',(-1.,-3.5,8.)) ;
#4092=CARTESIAN_POINT('Vertex',(-1.,-3.5,3.)) ;
#4095=CARTESIAN_POINT('Line Origine',(-1.25,-3.5,3.)) ;
#4099=CARTESIAN_POINT('Vertex',(-1.5,-3.5,3.)) ;
#4102=CARTESIAN_POINT('Line Origine',(-1.5,-3.5,8.)) ;
#4106=CARTESIAN_POINT('Vertex',(-1.5,-3.5,13.)) ;
#4109=CARTESIAN_POINT('Line Origine',(-1.75,-3.5,13.)) ;
#4113=CARTESIAN_POINT('Vertex',(-2.,-3.5,13.)) ;
#4116=CARTESIAN_POINT('Line Origine',(-2.,-3.5,8.)) ;
#4120=CARTESIAN_POINT('Vertex',(-2.,-3.5,3.)) ;
#4123=CARTESIAN_POINT('Line Origine',(-2.25,-3.5,3.)) ;
#4127=CARTESIAN_POINT('Vertex',(-2.5,-3.5,3.)) ;
#4130=CARTESIAN_POINT('Line Origine',(-2.5,-3.5,8.)) ;
#4134=CARTESIAN_POINT('Vertex',(-2.5,-3.5,13.)) ;
#4137=CARTESIAN_POINT('Line Origine',(-2.75,-3.5,13.)) ;
#4141=CARTESIAN_POINT('Vertex',(-3.,-3.5,13.)) ;
#4144=CARTESIAN_POINT('Line Origine',(-3.,-3.5,8.)) ;
#4148=CARTESIAN_POINT('Vertex',(-3.,-3.5,3.)) ;
#4151=CARTESIAN_POINT('Line Origine',(-3.25,-3.5,3.)) ;
#4155=CARTESIAN_POINT('Vertex',(-3.5,-3.5,3.)) ;
#4158=CARTESIAN_POINT('Line Origine',(-3.5,-3.5,8.)) ;
#4162=CARTESIAN_POINT('Vertex',(-3.5,-3.5,13.)) ;
#4165=CARTESIAN_POINT('Line Origine',(-4.5,-3.5,13.)) ;
#4169=CARTESIAN_POINT('Vertex',(-5.5,-3.5,13.)) ;
#4172=CARTESIAN_POINT('Line Origine',(-5.5,-3.5,6.5)) ;
#4215=CARTESIAN_POINT('Line Origine',(0.,-3.5,1.26576948166)) ;
#4219=CARTESIAN_POINT('Vertex',(-4.01458644867,-3.5,1.26576948166)) ;
#4221=CARTESIAN_POINT('Vertex',(4.01458644867,-3.5,1.26576948166)) ;
#4224=CARTESIAN_POINT('Line Origine',(-4.01458644867,-3.5,1.69531536102)) ;
#4228=CARTESIAN_POINT('Vertex',(-4.01458644867,-3.5,2.12486124039)) ;
#4231=CARTESIAN_POINT('Line Origine',(0.,-3.5,2.12486124039)) ;
#4235=CARTESIAN_POINT('Vertex',(4.01458644867,-3.5,2.12486124039)) ;
#4238=CARTESIAN_POINT('Line Origine',(4.01458644867,-3.5,1.69531536102)) ;
#4250=CARTESIAN_POINT('Axis2P3D Location',(-5.5,-3.,6.5)) ;
#4255=CARTESIAN_POINT('Axis2P3D Location',(-5.5,-3.,13.)) ;
#4259=CARTESIAN_POINT('Vertex',(-6.,-3.,13.)) ;
#4262=CARTESIAN_POINT('Line Origine',(-6.,-3.,6.5)) ;
#4274=CARTESIAN_POINT('Axis2P3D Location',(-6.,-3.5,0.)) ;
#4279=CARTESIAN_POINT('Line Origine',(-6.,3.,5.95806503296)) ;
#4283=CARTESIAN_POINT('Vertex',(-6.,3.,11.9161300659)) ;
#4286=CARTESIAN_POINT('Line Origine',(-6.,-0.237957000732,13.)) ;
#4290=CARTESIAN_POINT('Vertex',(-6.,2.52408599854,13.)) ;
#4293=CARTESIAN_POINT('Line Origine',(-6.,2.52408599854,12.458065033)) ;
#4297=CARTESIAN_POINT('Vertex',(-6.,2.52408599854,11.9161300659)) ;
#4300=CARTESIAN_POINT('Line Origine',(-6.,2.76204299927,11.9161300659)) ;
#4314=CARTESIAN_POINT('Axis2P3D Location',(-5.5,3.,6.5)) ;
#4319=CARTESIAN_POINT('Axis2P3D Location',(-5.5,3.,11.9161300659)) ;
#4323=CARTESIAN_POINT('Vertex',(-5.5,3.5,11.9161300659)) ;
#4326=CARTESIAN_POINT('Line Origine',(-5.5,3.5,6.5)) ;
#4338=CARTESIAN_POINT('Axis2P3D Location',(-6.,3.5,0.)) ;
#4343=CARTESIAN_POINT('Line Origine',(-4.25,3.5,11.9161300659)) ;
#4347=CARTESIAN_POINT('Vertex',(-3.,3.5,11.9161300659)) ;
#4350=CARTESIAN_POINT('Line Origine',(-3.,3.5,10.6313347789)) ;
#4354=CARTESIAN_POINT('Vertex',(-3.,3.5,9.34653949179)) ;
#4357=CARTESIAN_POINT('Line Origine',(0.,3.5,9.34653949179)) ;
#4361=CARTESIAN_POINT('Vertex',(3.,3.5,9.34653949179)) ;
#4364=CARTESIAN_POINT('Line Origine',(3.,3.5,10.6313347789)) ;
#4368=CARTESIAN_POINT('Vertex',(3.,3.5,11.9161300659)) ;
#4371=CARTESIAN_POINT('Line Origine',(4.25,3.5,11.9161300659)) ;
#4387=CARTESIAN_POINT('Axis2P3D Location',(0.,-4.,0.)) ;
#4406=CARTESIAN_POINT('Axis2P3D Location',(0.,7.72901591711,-1.26803346357)) ;
#4411=CARTESIAN_POINT('Line Origine',(0.,7.20889183524,-2.10482784383)) ;
#4423=CARTESIAN_POINT('Axis2P3D Location',(-1.52554802597,4.5,-3.43825173378)) ;
#4435=CARTESIAN_POINT('Axis2P3D Location',(-5.32302188873,4.5,-4.73063278198)) ;
#4440=CARTESIAN_POINT('Line Origine',(-5.32302188873,4.25,-4.73063278198)) ;
#4444=CARTESIAN_POINT('Vertex',(-5.32302188873,4.,-4.73063278198)) ;
#4447=CARTESIAN_POINT('Line Origine',(-5.32302188873,4.25,-2.94924235344)) ;
#4451=CARTESIAN_POINT('Vertex',(-5.32302188873,4.,-2.94924235344)) ;
#4454=CARTESIAN_POINT('Line Origine',(-5.32302188873,4.,-3.83993756771)) ;
#4466=CARTESIAN_POINT('Axis2P3D Location',(-5.32302188873,4.5,-4.73063278198)) ;
#4471=CARTESIAN_POINT('Line Origine',(-3.72041797638,4.25,-4.73063278198)) ;
#4475=CARTESIAN_POINT('Vertex',(-3.72041797638,4.,-4.73063278198)) ;
#4478=CARTESIAN_POINT('Line Origine',(-4.52171993255,4.,-4.73063278198)) ;
#4490=CARTESIAN_POINT('Axis2P3D Location',(-3.72041797638,4.5,-2.94924235344)) ;
#4495=CARTESIAN_POINT('Line Origine',(-3.72041797638,4.25,-2.94924235344)) ;
#4499=CARTESIAN_POINT('Vertex',(-3.72041797638,4.,-2.94924235344)) ;
#4502=CARTESIAN_POINT('Line Origine',(-3.72041797638,4.,-3.83993756771)) ;
#4514=CARTESIAN_POINT('Axis2P3D Location',(-3.72041797638,4.5,-2.94924235344)) ;
#4519=CARTESIAN_POINT('Line Origine',(-4.52171993256,4.,-2.94924235344)) ;
#4531=CARTESIAN_POINT('Line Origine',(5.32302188874,4.25,-4.73063278198)) ;
#4535=CARTESIAN_POINT('Vertex',(5.32302188873,4.,-4.73063278198)) ;
#4538=CARTESIAN_POINT('Line Origine',(3.72041797638,4.25,-4.73063278198)) ;
#4542=CARTESIAN_POINT('Vertex',(3.72041797638,4.,-4.73063278198)) ;
#4545=CARTESIAN_POINT('Line Origine',(4.52171993256,4.,-4.73063278198)) ;
#4557=CARTESIAN_POINT('Axis2P3D Location',(5.32302188873,4.5,-4.73063278198)) ;
#4562=CARTESIAN_POINT('Line Origine',(5.32302188873,4.25,-2.94924235344)) ;
#4566=CARTESIAN_POINT('Vertex',(5.32302188873,4.,-2.94924235344)) ;
#4569=CARTESIAN_POINT('Line Origine',(5.32302188873,4.,-3.83993756771)) ;
#4581=CARTESIAN_POINT('Line Origine',(3.72041797638,4.25,-2.94924235344)) ;
#4585=CARTESIAN_POINT('Vertex',(3.72041797638,4.,-2.94924235344)) ;
#4588=CARTESIAN_POINT('Line Origine',(4.52171993256,4.,-2.94924235344)) ;
#4600=CARTESIAN_POINT('Axis2P3D Location',(3.72041797638,4.5,-2.94924235344)) ;
#4605=CARTESIAN_POINT('Line Origine',(3.72041797638,4.,-3.83993756771)) ;
#4617=CARTESIAN_POINT('Axis2P3D Location',(0.,7.37875303175,-2.2104080215)) ;
#4622=CARTESIAN_POINT('Line Origine',(0.,7.57633713013,-2.2414003442)) ;
#4634=CARTESIAN_POINT('Axis2P3D Location',(0.,6.5,-9.10332881273)) ;
#4639=CARTESIAN_POINT('Line Origine',(0.,6.5,-9.10332881273)) ;
#4650=CARTESIAN_POINT('Line Origine',(-0.846334928647,7.17444866554,-4.80354357902)) ;
#4654=CARTESIAN_POINT('Vertex',(-0.349321071453,7.17444866552,-4.80354357917)) ;
#4656=CARTESIAN_POINT('Vertex',(-1.3433487863,7.17444866547,-4.80354357952)) ;
#4659=CARTESIAN_POINT('Line Origine',(-0.349321071059,6.96450558172,-6.14198520972)) ;
#4663=CARTESIAN_POINT('Vertex',(-0.349321071324,6.75456249788,-7.48042684057)) ;
#4666=CARTESIAN_POINT('Line Origine',(-0.174660535529,6.7545624979,-7.48042684041)) ;
#4670=CARTESIAN_POINT('Vertex',(-2.65511723718E-010,6.75456249788,-7.48042684057)) ;
#4673=CARTESIAN_POINT('Line Origine',(0.174660535529,6.7545624979,-7.48042684041)) ;
#4677=CARTESIAN_POINT('Vertex',(0.349321070793,6.75456249788,-7.48042684056)) ;
#4680=CARTESIAN_POINT('Line Origine',(0.349321071059,6.96450558172,-6.14198520972)) ;
#4684=CARTESIAN_POINT('Vertex',(0.349321070664,7.17444866552,-4.80354357917)) ;
#4687=CARTESIAN_POINT('Line Origine',(0.846334928647,7.17444866554,-4.80354357902)) ;
#4691=CARTESIAN_POINT('Vertex',(1.3433487863,7.17444866547,-4.80354357952)) ;
#4694=CARTESIAN_POINT('Line Origine',(0.671674393117,7.25401112577,-4.296312252)) ;
#4698=CARTESIAN_POINT('Vertex',(-2.22044604925E-016,7.33357358609,-3.78908092437)) ;
#4701=CARTESIAN_POINT('Line Origine',(-0.671674393117,7.25401112577,-4.296312252)) ;
#4717=CARTESIAN_POINT('Axis2P3D Location',(0.,6.5,-21.5)) ;
#4722=CARTESIAN_POINT('Line Origine',(0.,6.5,-21.5)) ;
#4733=CARTESIAN_POINT('Line Origine',(0.,6.5,-11.8410778046)) ;
#4737=CARTESIAN_POINT('Vertex',(3.04252290726,6.5,-11.8410778046)) ;
#4739=CARTESIAN_POINT('Vertex',(-3.04252290726,6.5,-11.8410778046)) ;
#4742=CARTESIAN_POINT('Line Origine',(3.04252290726,6.5,-11.306224823)) ;
#4746=CARTESIAN_POINT('Vertex',(3.04252290726,6.5,-10.7713718414)) ;
#4749=CARTESIAN_POINT('Line Origine',(0.,6.5,-10.7713718414)) ;
#4753=CARTESIAN_POINT('Vertex',(-3.04252290726,6.5,-10.7713718414)) ;
#4756=CARTESIAN_POINT('Line Origine',(-3.04252290726,6.5,-11.306224823)) ;
#4767=CARTESIAN_POINT('Line Origine',(0.,6.5,-15.8410778046)) ;
#4771=CARTESIAN_POINT('Vertex',(3.04252290726,6.5,-15.8410778046)) ;
#4773=CARTESIAN_POINT('Vertex',(-3.04252290726,6.5,-15.8410778046)) ;
#4776=CARTESIAN_POINT('Line Origine',(3.04252290726,6.5,-15.306224823)) ;
#4780=CARTESIAN_POINT('Vertex',(3.04252290726,6.5,-14.7713718414)) ;
#4783=CARTESIAN_POINT('Line Origine',(0.,6.5,-14.7713718414)) ;
#4787=CARTESIAN_POINT('Vertex',(-3.04252290726,6.5,-14.7713718414)) ;
#4790=CARTESIAN_POINT('Line Origine',(-3.04252290726,6.5,-15.306224823)) ;
#4801=CARTESIAN_POINT('Line Origine',(0.,6.5,-19.8410778046)) ;
#4805=CARTESIAN_POINT('Vertex',(3.04252290726,6.5,-19.8410778046)) ;
#4807=CARTESIAN_POINT('Vertex',(-3.04252290726,6.5,-19.8410778046)) ;
#4810=CARTESIAN_POINT('Line Origine',(3.04252290726,6.5,-19.306224823)) ;
#4814=CARTESIAN_POINT('Vertex',(3.04252290726,6.5,-18.7713718414)) ;
#4817=CARTESIAN_POINT('Line Origine',(0.,6.5,-18.7713718414)) ;
#4821=CARTESIAN_POINT('Vertex',(-3.04252290726,6.5,-18.7713718414)) ;
#4824=CARTESIAN_POINT('Line Origine',(-3.04252290726,6.5,-19.306224823)) ;
#4836=CARTESIAN_POINT('Axis2P3D Location',(0.,6.,-21.5)) ;
#4841=CARTESIAN_POINT('Line Origine',(0.,6.,-21.5)) ;
#4853=CARTESIAN_POINT('Axis2P3D Location',(0.,6.,-22.)) ;
#4858=CARTESIAN_POINT('Line Origine',(0.,6.,-22.)) ;
#4870=CARTESIAN_POINT('Axis2P3D Location',(0.,5.5,-22.)) ;
#4882=CARTESIAN_POINT('Axis2P3D Location',(-6.,2.52408599854,11.9161300659)) ;
#4887=CARTESIAN_POINT('Line Origine',(3.,3.01204299927,11.9161300659)) ;
#4891=CARTESIAN_POINT('Vertex',(3.,2.52408599854,11.9161300659)) ;
#4894=CARTESIAN_POINT('Line Origine',(4.5,2.52408599854,11.9161300659)) ;
#4907=CARTESIAN_POINT('Axis2P3D Location',(-6.,2.52408599854,11.9161300659)) ;
#4912=CARTESIAN_POINT('Line Origine',(4.5,2.52408599854,13.)) ;
#4916=CARTESIAN_POINT('Vertex',(3.,2.52408599854,13.)) ;
#4919=CARTESIAN_POINT('Line Origine',(3.,2.52408599854,12.4580650329)) ;
#4931=CARTESIAN_POINT('Axis2P3D Location',(0.,0.,13.)) ;
#4936=CARTESIAN_POINT('Line Origine',(3.,2.27589201927,13.)) ;
#4940=CARTESIAN_POINT('Vertex',(3.,2.02769804001,13.)) ;
#4943=CARTESIAN_POINT('Line Origine',(0.,2.02769804001,13.)) ;
#4947=CARTESIAN_POINT('Vertex',(-3.,2.02769804001,13.)) ;
#4950=CARTESIAN_POINT('Line Origine',(-3.,2.27589201927,13.)) ;
#4954=CARTESIAN_POINT('Vertex',(-3.,2.52408599854,13.)) ;
#4957=CARTESIAN_POINT('Line Origine',(-4.5,2.52408599854,13.)) ;
#4962=CARTESIAN_POINT('Line Origine',(-3.5,-3.25,13.)) ;
#4966=CARTESIAN_POINT('Vertex',(-3.5,-3.,13.)) ;
#4969=CARTESIAN_POINT('Line Origine',(-3.375,-2.53063847777,13.)) ;
#4973=CARTESIAN_POINT('Vertex',(-3.25,-2.06127695553,13.)) ;
#4976=CARTESIAN_POINT('Line Origine',(-3.125,-2.53063847777,13.)) ;
#4980=CARTESIAN_POINT('Vertex',(-3.,-3.,13.)) ;
#4983=CARTESIAN_POINT('Line Origine',(-3.,-3.25,13.)) ;
#4988=CARTESIAN_POINT('Line Origine',(-2.5,-3.25,13.)) ;
#4992=CARTESIAN_POINT('Vertex',(-2.5,-3.,13.)) ;
#4995=CARTESIAN_POINT('Line Origine',(-2.375,-2.53063847777,13.)) ;
#4999=CARTESIAN_POINT('Vertex',(-2.25,-2.06127695553,13.)) ;
#5002=CARTESIAN_POINT('Line Origine',(-2.125,-2.53063847777,13.)) ;
#5006=CARTESIAN_POINT('Vertex',(-2.,-3.,13.)) ;
#5009=CARTESIAN_POINT('Line Origine',(-2.,-3.25,13.)) ;
#5014=CARTESIAN_POINT('Line Origine',(-1.5,-3.25,13.)) ;
#5018=CARTESIAN_POINT('Vertex',(-1.5,-3.,13.)) ;
#5021=CARTESIAN_POINT('Line Origine',(-1.375,-2.53063847777,13.)) ;
#5025=CARTESIAN_POINT('Vertex',(-1.25,-2.06127695553,13.)) ;
#5028=CARTESIAN_POINT('Line Origine',(-1.125,-2.53063847777,13.)) ;
#5032=CARTESIAN_POINT('Vertex',(-1.,-3.,13.)) ;
#5035=CARTESIAN_POINT('Line Origine',(-1.,-3.25,13.)) ;
#5040=CARTESIAN_POINT('Line Origine',(-0.5,-3.25,13.)) ;
#5044=CARTESIAN_POINT('Vertex',(-0.5,-3.,13.)) ;
#5047=CARTESIAN_POINT('Line Origine',(-0.375,-2.53063847777,13.)) ;
#5051=CARTESIAN_POINT('Vertex',(-0.25,-2.06127695553,13.)) ;
#5054=CARTESIAN_POINT('Line Origine',(-0.125,-2.53063847777,13.)) ;
#5058=CARTESIAN_POINT('Vertex',(-1.38777878078E-017,-3.,13.)) ;
#5061=CARTESIAN_POINT('Line Origine',(0.,-3.25,13.)) ;
#5066=CARTESIAN_POINT('Line Origine',(0.5,-3.25,13.)) ;
#5070=CARTESIAN_POINT('Vertex',(0.5,-3.,13.)) ;
#5073=CARTESIAN_POINT('Line Origine',(0.625,-2.53063847777,13.)) ;
#5077=CARTESIAN_POINT('Vertex',(0.75,-2.06127695553,13.)) ;
#5080=CARTESIAN_POINT('Line Origine',(0.875,-2.53063847777,13.)) ;
#5084=CARTESIAN_POINT('Vertex',(1.,-3.,13.)) ;
#5087=CARTESIAN_POINT('Line Origine',(1.,-3.25,13.)) ;
#5092=CARTESIAN_POINT('Line Origine',(1.5,-3.25,13.)) ;
#5096=CARTESIAN_POINT('Vertex',(1.5,-3.,13.)) ;
#5099=CARTESIAN_POINT('Line Origine',(1.625,-2.53063847777,13.)) ;
#5103=CARTESIAN_POINT('Vertex',(1.75,-2.06127695553,13.)) ;
#5106=CARTESIAN_POINT('Line Origine',(1.875,-2.53063847777,13.)) ;
#5110=CARTESIAN_POINT('Vertex',(2.,-3.,13.)) ;
#5113=CARTESIAN_POINT('Line Origine',(2.,-3.25,13.)) ;
#5118=CARTESIAN_POINT('Line Origine',(2.5,-3.25,13.)) ;
#5122=CARTESIAN_POINT('Vertex',(2.5,-3.,13.)) ;
#5125=CARTESIAN_POINT('Line Origine',(2.625,-2.53063847777,13.)) ;
#5129=CARTESIAN_POINT('Vertex',(2.75,-2.06127695553,13.)) ;
#5132=CARTESIAN_POINT('Line Origine',(2.875,-2.53063847777,13.)) ;
#5136=CARTESIAN_POINT('Vertex',(3.,-3.,13.)) ;
#5139=CARTESIAN_POINT('Line Origine',(3.,-3.25,13.)) ;
#5144=CARTESIAN_POINT('Line Origine',(3.5,-3.25,13.)) ;
#5148=CARTESIAN_POINT('Vertex',(3.5,-3.,13.)) ;
#5151=CARTESIAN_POINT('Line Origine',(3.625,-2.53063847777,13.)) ;
#5155=CARTESIAN_POINT('Vertex',(3.75,-2.06127695553,13.)) ;
#5158=CARTESIAN_POINT('Line Origine',(3.875,-2.53063847777,13.)) ;
#5162=CARTESIAN_POINT('Vertex',(4.,-3.,13.)) ;
#5165=CARTESIAN_POINT('Line Origine',(4.,-3.25,13.)) ;
#5223=CARTESIAN_POINT('Axis2P3D Location',(4.,-3.,13.)) ;
#5228=CARTESIAN_POINT('Line Origine',(4.,-3.,8.)) ;
#5232=CARTESIAN_POINT('Vertex',(4.00000000009,-3.00000000036,3.)) ;
#5235=CARTESIAN_POINT('Line Origine',(4.,-3.25,3.)) ;
#5247=CARTESIAN_POINT('Axis2P3D Location',(0.,0.,3.)) ;
#5252=CARTESIAN_POINT('Line Origine',(3.875,-2.53063847777,3.)) ;
#5256=CARTESIAN_POINT('Vertex',(3.75000000009,-2.06127695542,3.)) ;
#5259=CARTESIAN_POINT('Line Origine',(3.625,-2.53063847777,3.)) ;
#5263=CARTESIAN_POINT('Vertex',(3.5,-3.,3.)) ;
#5266=CARTESIAN_POINT('Line Origine',(3.5,-3.25,3.)) ;
#5279=CARTESIAN_POINT('Axis2P3D Location',(3.5,-3.5,13.)) ;
#5284=CARTESIAN_POINT('Line Origine',(3.5,-3.,8.)) ;
#5296=CARTESIAN_POINT('Axis2P3D Location',(3.,-3.,13.)) ;
#5301=CARTESIAN_POINT('Line Origine',(3.,-3.,8.)) ;
#5305=CARTESIAN_POINT('Vertex',(3.00000000009,-3.00000000036,3.)) ;
#5308=CARTESIAN_POINT('Line Origine',(3.,-3.25,3.)) ;
#5320=CARTESIAN_POINT('Line Origine',(2.875,-2.53063847777,3.)) ;
#5324=CARTESIAN_POINT('Vertex',(2.75000000009,-2.06127695542,3.)) ;
#5327=CARTESIAN_POINT('Line Origine',(2.625,-2.53063847777,3.)) ;
#5331=CARTESIAN_POINT('Vertex',(2.5,-3.,3.)) ;
#5334=CARTESIAN_POINT('Line Origine',(2.5,-3.25,3.)) ;
#5347=CARTESIAN_POINT('Axis2P3D Location',(2.5,-3.5,13.)) ;
#5352=CARTESIAN_POINT('Line Origine',(2.5,-3.,8.)) ;
#5364=CARTESIAN_POINT('Axis2P3D Location',(2.,-3.,13.)) ;
#5369=CARTESIAN_POINT('Line Origine',(2.,-3.,8.)) ;
#5373=CARTESIAN_POINT('Vertex',(2.00000000009,-3.00000000036,3.)) ;
#5376=CARTESIAN_POINT('Line Origine',(2.,-3.25,3.)) ;
#5388=CARTESIAN_POINT('Line Origine',(1.875,-2.53063847777,3.)) ;
#5392=CARTESIAN_POINT('Vertex',(1.75000000009,-2.06127695542,3.)) ;
#5395=CARTESIAN_POINT('Line Origine',(1.625,-2.53063847777,3.)) ;
#5399=CARTESIAN_POINT('Vertex',(1.5,-3.,3.)) ;
#5402=CARTESIAN_POINT('Line Origine',(1.5,-3.25,3.)) ;
#5415=CARTESIAN_POINT('Axis2P3D Location',(1.5,-3.5,13.)) ;
#5420=CARTESIAN_POINT('Line Origine',(1.5,-3.,8.)) ;
#5432=CARTESIAN_POINT('Axis2P3D Location',(1.,-3.,13.)) ;
#5437=CARTESIAN_POINT('Line Origine',(1.,-3.,8.)) ;
#5441=CARTESIAN_POINT('Vertex',(1.00000000009,-3.00000000036,3.)) ;
#5444=CARTESIAN_POINT('Line Origine',(1.,-3.25,3.)) ;
#5456=CARTESIAN_POINT('Line Origine',(0.875,-2.53063847777,3.)) ;
#5460=CARTESIAN_POINT('Vertex',(0.750000000095,-2.06127695542,3.)) ;
#5463=CARTESIAN_POINT('Line Origine',(0.625,-2.53063847777,3.)) ;
#5467=CARTESIAN_POINT('Vertex',(0.5,-3.,3.)) ;
#5470=CARTESIAN_POINT('Line Origine',(0.5,-3.25,3.)) ;
#5483=CARTESIAN_POINT('Line Origine',(0.5,-3.,8.)) ;
#5495=CARTESIAN_POINT('Axis2P3D Location',(3.5527136788E-015,-3.,13.)) ;
#5500=CARTESIAN_POINT('Line Origine',(3.5527136788E-015,-3.,8.)) ;
#5504=CARTESIAN_POINT('Vertex',(9.47782963223E-011,-3.00000000036,3.)) ;
#5507=CARTESIAN_POINT('Line Origine',(3.5527136788E-015,-3.25,3.)) ;
#5519=CARTESIAN_POINT('Line Origine',(-0.125,-2.53063847777,3.)) ;
#5523=CARTESIAN_POINT('Vertex',(-0.249999999905,-2.06127695542,3.)) ;
#5526=CARTESIAN_POINT('Line Origine',(-0.375,-2.53063847777,3.)) ;
#5530=CARTESIAN_POINT('Vertex',(-0.5,-3.,3.)) ;
#5533=CARTESIAN_POINT('Line Origine',(-0.5,-3.25,3.)) ;
#5546=CARTESIAN_POINT('Line Origine',(-0.5,-3.,8.)) ;
#5558=CARTESIAN_POINT('Axis2P3D Location',(-1.,-3.,13.)) ;
#5563=CARTESIAN_POINT('Line Origine',(-1.,-3.,8.)) ;
#5567=CARTESIAN_POINT('Vertex',(-0.999999999905,-3.00000000036,3.)) ;
#5570=CARTESIAN_POINT('Line Origine',(-1.,-3.25,3.)) ;
#5582=CARTESIAN_POINT('Line Origine',(-1.125,-2.53063847777,3.)) ;
#5586=CARTESIAN_POINT('Vertex',(-1.24999999991,-2.06127695542,3.)) ;
#5589=CARTESIAN_POINT('Line Origine',(-1.375,-2.53063847777,3.)) ;
#5593=CARTESIAN_POINT('Vertex',(-1.5,-3.,3.)) ;
#5596=CARTESIAN_POINT('Line Origine',(-1.5,-3.25,3.)) ;
#5609=CARTESIAN_POINT('Axis2P3D Location',(-1.5,-3.5,13.)) ;
#5614=CARTESIAN_POINT('Line Origine',(-1.5,-3.,8.)) ;
#5626=CARTESIAN_POINT('Axis2P3D Location',(-2.,-3.,13.)) ;
#5631=CARTESIAN_POINT('Line Origine',(-2.,-3.,8.)) ;
#5635=CARTESIAN_POINT('Vertex',(-1.99999999991,-3.00000000036,3.)) ;
#5638=CARTESIAN_POINT('Line Origine',(-2.,-3.25,3.)) ;
#5650=CARTESIAN_POINT('Line Origine',(-2.125,-2.53063847777,3.)) ;
#5654=CARTESIAN_POINT('Vertex',(-2.24999999991,-2.06127695542,3.)) ;
#5657=CARTESIAN_POINT('Line Origine',(-2.375,-2.53063847777,3.)) ;
#5661=CARTESIAN_POINT('Vertex',(-2.5,-3.,3.)) ;
#5664=CARTESIAN_POINT('Line Origine',(-2.5,-3.25,3.)) ;
#5677=CARTESIAN_POINT('Axis2P3D Location',(-2.5,-3.5,13.)) ;
#5682=CARTESIAN_POINT('Line Origine',(-2.5,-3.,8.)) ;
#5694=CARTESIAN_POINT('Axis2P3D Location',(-3.,-3.,13.)) ;
#5699=CARTESIAN_POINT('Line Origine',(-3.,-3.,8.)) ;
#5703=CARTESIAN_POINT('Vertex',(-2.99999999991,-3.00000000036,3.)) ;
#5706=CARTESIAN_POINT('Line Origine',(-3.,-3.25,3.)) ;
#5718=CARTESIAN_POINT('Line Origine',(-3.125,-2.53063847777,3.)) ;
#5722=CARTESIAN_POINT('Vertex',(-3.24999999991,-2.06127695542,3.)) ;
#5725=CARTESIAN_POINT('Line Origine',(-3.375,-2.53063847777,3.)) ;
#5729=CARTESIAN_POINT('Vertex',(-3.5,-3.,3.)) ;
#5732=CARTESIAN_POINT('Line Origine',(-3.5,-3.25,3.)) ;
#5745=CARTESIAN_POINT('Axis2P3D Location',(-3.5,-3.5,13.)) ;
#5750=CARTESIAN_POINT('Line Origine',(-3.5,-3.,8.)) ;
#5762=CARTESIAN_POINT('Axis2P3D Location',(4.01458644867,-3.5,1.26576948166)) ;
#5767=CARTESIAN_POINT('Line Origine',(-4.01458644867,-3.,1.26576948166)) ;
#5771=CARTESIAN_POINT('Vertex',(-4.01458644867,-2.5,1.26576948166)) ;
#5774=CARTESIAN_POINT('Line Origine',(4.01458644867,-3.,1.26576948166)) ;
#5778=CARTESIAN_POINT('Vertex',(4.01458644867,-2.5,1.26576948166)) ;
#5781=CARTESIAN_POINT('Line Origine',(5.66657831769E-013,-2.5,1.26576948166)) ;
#5793=CARTESIAN_POINT('Axis2P3D Location',(-4.01458644867,-3.5,1.26576948166)) ;
#5798=CARTESIAN_POINT('Line Origine',(-4.01458644867,-3.,2.12486124039)) ;
#5802=CARTESIAN_POINT('Vertex',(-4.01458644867,-2.5,2.12486124039)) ;
#5805=CARTESIAN_POINT('Line Origine',(-4.01458644867,-2.5,1.69531536102)) ;
#5817=CARTESIAN_POINT('Axis2P3D Location',(-4.01458644867,-3.5,2.12486124039)) ;
#5822=CARTESIAN_POINT('Line Origine',(4.01458644867,-3.,2.12486124039)) ;
#5826=CARTESIAN_POINT('Vertex',(4.01458644867,-2.5,2.12486124039)) ;
#5829=CARTESIAN_POINT('Line Origine',(-5.66657831769E-013,-2.5,2.12486124039)) ;
#5841=CARTESIAN_POINT('Axis2P3D Location',(4.01458644867,-3.5,2.12486124039)) ;
#5846=CARTESIAN_POINT('Line Origine',(4.01458644867,-2.5,1.69531536103)) ;
#5858=CARTESIAN_POINT('Line Origine',(-4.5,2.52408599854,11.9161300659)) ;
#5862=CARTESIAN_POINT('Vertex',(-3.,2.52408599854,11.9161300659)) ;
#5865=CARTESIAN_POINT('Line Origine',(-3.,2.52408599854,12.4580650329)) ;
#5877=CARTESIAN_POINT('Line Origine',(-3.,3.01204299927,11.9161300659)) ;
#5890=CARTESIAN_POINT('Axis2P3D Location',(-3.,0.,0.)) ;
#5895=CARTESIAN_POINT('Line Origine',(-3.,4.26919831801,7.29101635329)) ;
#5899=CARTESIAN_POINT('Vertex',(-3.,4.51355612794,6.21524356756)) ;
#5901=CARTESIAN_POINT('Vertex',(-3.,4.02484050826,8.36678913878)) ;
#5904=CARTESIAN_POINT('Line Origine',(-3.,4.36982507631,6.18259559013)) ;
#5908=CARTESIAN_POINT('Vertex',(-3.,4.22609402374,6.14994761368)) ;
#5911=CARTESIAN_POINT('Line Origine',(-3.,3.86304701213,7.74824355263)) ;
#5916=CARTESIAN_POINT('Line Origine',(-3.,2.02769804001,13.25)) ;
#5920=CARTESIAN_POINT('Vertex',(-3.,2.02769804001,13.5)) ;
#5923=CARTESIAN_POINT('Line Origine',(-3.,3.01384902,13.5)) ;
#5927=CARTESIAN_POINT('Vertex',(-3.,4.,13.5)) ;
#5930=CARTESIAN_POINT('Line Origine',(-3.,4.,11.0441465061)) ;
#5934=CARTESIAN_POINT('Vertex',(-3.,4.,8.58829301157)) ;
#5937=CARTESIAN_POINT('Axis2P3D Location',(-3.,5.00000010006,8.58829302118)) ;
#5956=CARTESIAN_POINT('Axis2P3D Location',(0.,6.31425666671,-3.04308184068)) ;
#5961=CARTESIAN_POINT('Line Origine',(1.5,5.27017534515,1.5534328867)) ;
#5965=CARTESIAN_POINT('Vertex',(1.5,6.31425666686,-3.04308184107)) ;
#5967=CARTESIAN_POINT('Vertex',(1.5,4.22609402374,6.14994761368)) ;
#5970=CARTESIAN_POINT('Line Origine',(2.25,4.2260940236,6.14994761407)) ;
#5974=CARTESIAN_POINT('Vertex',(3.,4.22609402374,6.14994761368)) ;
#5977=CARTESIAN_POINT('Line Origine',(3.,3.86304701184,7.7482435531)) ;
#5982=CARTESIAN_POINT('Line Origine',(-2.25,4.2260940236,6.14994761407)) ;
#5986=CARTESIAN_POINT('Vertex',(-1.5,4.22609402374,6.14994761368)) ;
#5989=CARTESIAN_POINT('Line Origine',(-1.5,5.27017534515,1.5534328867)) ;
#5993=CARTESIAN_POINT('Vertex',(-1.5,6.31425666686,-3.04308184107)) ;
#5996=CARTESIAN_POINT('Line Origine',(0.,6.31425666671,-3.04308184068)) ;
#6012=CARTESIAN_POINT('Axis2P3D Location',(3.,0.,0.)) ;
#6017=CARTESIAN_POINT('Axis2P3D Location',(3.,5.00000010006,8.58829302118)) ;
#6021=CARTESIAN_POINT('Vertex',(3.,4.02484050826,8.36678913878)) ;
#6023=CARTESIAN_POINT('Vertex',(3.,4.,8.58829301157)) ;
#6026=CARTESIAN_POINT('Line Origine',(3.,4.,11.0441465061)) ;
#6030=CARTESIAN_POINT('Vertex',(3.,4.,13.5)) ;
#6033=CARTESIAN_POINT('Line Origine',(3.,3.01384902,13.5)) ;
#6037=CARTESIAN_POINT('Vertex',(3.,2.02769804001,13.5000000008)) ;
#6040=CARTESIAN_POINT('Line Origine',(3.,2.02769804001,13.25)) ;
#6045=CARTESIAN_POINT('Line Origine',(3.,4.36982507631,6.18259559013)) ;
#6049=CARTESIAN_POINT('Vertex',(3.,4.51355612815,6.21524356666)) ;
#6052=CARTESIAN_POINT('Line Origine',(3.,4.26919831801,7.29101635329)) ;
#6085=CARTESIAN_POINT('Axis2P3D Location',(1.34334878584,7.17444866552,-4.80354357917)) ;
#6090=CARTESIAN_POINT('Line Origine',(-0.349321071453,7.17938826787,-4.80431838722)) ;
#6094=CARTESIAN_POINT('Vertex',(-0.349321071059,7.18432787042,-4.8050931954)) ;
#6097=CARTESIAN_POINT('Line Origine',(-1.34334878663,7.17938826787,-4.80431838722)) ;
#6101=CARTESIAN_POINT('Vertex',(-1.3433487863,7.18432787017,-4.80509319562)) ;
#6104=CARTESIAN_POINT('Line Origine',(-0.846334929042,7.18432787022,-4.80509319527)) ;
#6116=CARTESIAN_POINT('Axis2P3D Location',(-0.349321070793,7.17444866552,-4.80354357917)) ;
#6121=CARTESIAN_POINT('Line Origine',(-0.349321070793,6.75950210023,-7.48120164861)) ;
#6125=CARTESIAN_POINT('Vertex',(-0.349321071059,6.76444170278,-7.48197645678)) ;
#6128=CARTESIAN_POINT('Line Origine',(-0.349321070793,6.9743847864,-6.14353482596)) ;
#6140=CARTESIAN_POINT('Axis2P3D Location',(0.349321070793,6.75456249788,-7.48042684057)) ;
#6145=CARTESIAN_POINT('Line Origine',(-2.65511723718E-010,6.75950210023,-7.48120164862)) ;
#6149=CARTESIAN_POINT('Vertex',(0.,6.76444170278,-7.48197645678)) ;
#6152=CARTESIAN_POINT('Line Origine',(-0.174660535795,6.76444170258,-7.48197645667)) ;
#6164=CARTESIAN_POINT('Line Origine',(0.349321070793,6.75950210023,-7.48120164862)) ;
#6168=CARTESIAN_POINT('Vertex',(0.349321071059,6.76444170278,-7.48197645678)) ;
#6171=CARTESIAN_POINT('Line Origine',(0.174660535264,6.76444170258,-7.48197645667)) ;
#6183=CARTESIAN_POINT('Axis2P3D Location',(0.349321070793,7.17444866552,-4.80354357917)) ;
#6188=CARTESIAN_POINT('Line Origine',(0.349321070793,7.17938826787,-4.80431838722)) ;
#6192=CARTESIAN_POINT('Vertex',(0.349321070664,7.18432787022,-4.80509319527)) ;
#6195=CARTESIAN_POINT('Line Origine',(0.349321070793,6.9743847864,-6.14353482596)) ;
#6207=CARTESIAN_POINT('Line Origine',(1.34334878584,7.17938826787,-4.80431838722)) ;
#6211=CARTESIAN_POINT('Vertex',(1.3433487863,7.18432787017,-4.80509319562)) ;
#6214=CARTESIAN_POINT('Line Origine',(0.846334928252,7.18432787022,-4.80509319527)) ;
#6226=CARTESIAN_POINT('Axis2P3D Location',(-2.22044604925E-016,7.33357358609,-3.78908092437)) ;
#6231=CARTESIAN_POINT('Line Origine',(-2.33979502173E-016,7.33851318844,-3.78985573242)) ;
#6235=CARTESIAN_POINT('Vertex',(-2.45914399421E-016,7.34345279079,-3.79063054047)) ;
#6238=CARTESIAN_POINT('Line Origine',(0.671674393148,7.26389033048,-4.29786186804)) ;
#6250=CARTESIAN_POINT('Axis2P3D Location',(3.33066907388E-016,7.33357358609,-3.78908092437)) ;
#6255=CARTESIAN_POINT('Line Origine',(-0.671674393148,7.26389033048,-4.29786186804)) ;
#6267=CARTESIAN_POINT('Axis2P3D Location',(0.,6.5,-11.3410778046)) ;
#6273=CARTESIAN_POINT('Control Point',(-3.04252290726,6.5,-11.8410778046)) ;
#6274=CARTESIAN_POINT('Control Point',(-3.04252290726,6.69080852797,-11.8410778046)) ;
#6275=CARTESIAN_POINT('Control Point',(-2.94189029062,6.87797495372,-11.7409522042)) ;
#6276=CARTESIAN_POINT('Control Point',(-2.80996403422,6.94950318833,-11.6079258769)) ;
#6277=CARTESIAN_POINT('Control Point',(-2.6774449113,7.,-11.4759998086)) ;
#6278=CARTESIAN_POINT('Control Point',(-2.54252290726,7.,-11.3410778046)) ;
#6279=CARTESIAN_POINT('Vertex',(-2.54252290726,7.,-11.3410778046)) ;
#6282=CARTESIAN_POINT('Line Origine',(0.,7.,-11.3410778046)) ;
#6286=CARTESIAN_POINT('Vertex',(2.54252290726,7.,-11.3410778046)) ;
#6290=CARTESIAN_POINT('Control Point',(3.04252290726,6.5,-11.8410778046)) ;
#6291=CARTESIAN_POINT('Control Point',(3.04252290726,6.69080855287,-11.8410778046)) ;
#6292=CARTESIAN_POINT('Control Point',(2.94189290122,6.8779759489,-11.7409514366)) ;
#6293=CARTESIAN_POINT('Control Point',(2.80996302352,6.94950279386,-11.6079261007)) ;
#6294=CARTESIAN_POINT('Control Point',(2.67744492891,7.,-11.4759998262)) ;
#6295=CARTESIAN_POINT('Control Point',(2.54252290726,7.,-11.3410778046)) ;
#6304=CARTESIAN_POINT('Axis2P3D Location',(2.54252290726,6.5,-11.306224823)) ;
#6309=CARTESIAN_POINT('Line Origine',(2.54252290726,7.,-11.306224823)) ;
#6313=CARTESIAN_POINT('Vertex',(2.54252290726,7.,-11.2713718414)) ;
#6317=CARTESIAN_POINT('Control Point',(2.54252290726,7.,-11.2713718414)) ;
#6318=CARTESIAN_POINT('Control Point',(2.67731606822,7.,-11.1365786805)) ;
#6319=CARTESIAN_POINT('Control Point',(2.8092417047,6.9500833111,-11.004216918)) ;
#6320=CARTESIAN_POINT('Control Point',(2.94334255064,6.87666685327,-10.870895429)) ;
#6321=CARTESIAN_POINT('Control Point',(3.04252290726,6.69062631633,-10.7713718414)) ;
#6322=CARTESIAN_POINT('Control Point',(3.04252290726,6.5,-10.7713718414)) ;
#6331=CARTESIAN_POINT('Axis2P3D Location',(0.,6.5,-11.2713718414)) ;
#6336=CARTESIAN_POINT('Line Origine',(0.,7.,-11.2713718414)) ;
#6340=CARTESIAN_POINT('Vertex',(-2.54252290726,7.,-11.2713718414)) ;
#6344=CARTESIAN_POINT('Control Point',(-3.04252290726,6.5,-10.7713718414)) ;
#6345=CARTESIAN_POINT('Control Point',(-3.04252290726,6.69080855287,-10.7713718414)) ;
#6346=CARTESIAN_POINT('Control Point',(-2.94189290122,6.87797594889,-10.8714982094)) ;
#6347=CARTESIAN_POINT('Control Point',(-2.80996302352,6.94950279386,-11.0045235453)) ;
#6348=CARTESIAN_POINT('Control Point',(-2.67744492891,7.,-11.1364498198)) ;
#6349=CARTESIAN_POINT('Control Point',(-2.54252290726,7.,-11.2713718414)) ;
#6358=CARTESIAN_POINT('Axis2P3D Location',(-2.54252290726,6.5,-11.306224823)) ;
#6363=CARTESIAN_POINT('Line Origine',(-2.54252290726,7.,-11.306224823)) ;
#6375=CARTESIAN_POINT('Axis2P3D Location',(0.,6.5,-15.3410778046)) ;
#6381=CARTESIAN_POINT('Control Point',(-3.04252290726,6.5,-15.8410778046)) ;
#6382=CARTESIAN_POINT('Control Point',(-3.04252290726,6.69080852797,-15.8410778046)) ;
#6383=CARTESIAN_POINT('Control Point',(-2.94189029062,6.87797495371,-15.7409522042)) ;
#6384=CARTESIAN_POINT('Control Point',(-2.80996403422,6.94950318833,-15.6079258769)) ;
#6385=CARTESIAN_POINT('Control Point',(-2.6774449113,7.,-15.4759998086)) ;
#6386=CARTESIAN_POINT('Control Point',(-2.54252290726,7.,-15.3410778046)) ;
#6387=CARTESIAN_POINT('Vertex',(-2.54252290726,7.,-15.3410778046)) ;
#6390=CARTESIAN_POINT('Line Origine',(0.,7.,-15.3410778046)) ;
#6394=CARTESIAN_POINT('Vertex',(2.54252290726,7.,-15.3410778046)) ;
#6398=CARTESIAN_POINT('Control Point',(3.04252290726,6.5,-15.8410778046)) ;
#6399=CARTESIAN_POINT('Control Point',(3.04252290726,6.69080855287,-15.8410778046)) ;
#6400=CARTESIAN_POINT('Control Point',(2.94189290122,6.8779759489,-15.7409514366)) ;
#6401=CARTESIAN_POINT('Control Point',(2.80996302352,6.94950279386,-15.6079261007)) ;
#6402=CARTESIAN_POINT('Control Point',(2.67744492891,7.,-15.4759998262)) ;
#6403=CARTESIAN_POINT('Control Point',(2.54252290726,7.,-15.3410778046)) ;
#6412=CARTESIAN_POINT('Axis2P3D Location',(2.54252290726,6.5,-15.306224823)) ;
#6417=CARTESIAN_POINT('Line Origine',(2.54252290726,7.,-15.306224823)) ;
#6421=CARTESIAN_POINT('Vertex',(2.54252290726,7.,-15.2713718414)) ;
#6425=CARTESIAN_POINT('Control Point',(2.54252290726,7.,-15.2713718414)) ;
#6426=CARTESIAN_POINT('Control Point',(2.67731606822,7.,-15.1365786805)) ;
#6427=CARTESIAN_POINT('Control Point',(2.8092417047,6.9500833111,-15.004216918)) ;
#6428=CARTESIAN_POINT('Control Point',(2.94334255064,6.87666685327,-14.870895429)) ;
#6429=CARTESIAN_POINT('Control Point',(3.04252290726,6.69062631633,-14.7713718414)) ;
#6430=CARTESIAN_POINT('Control Point',(3.04252290726,6.5,-14.7713718414)) ;
#6439=CARTESIAN_POINT('Axis2P3D Location',(0.,6.5,-15.2713718414)) ;
#6444=CARTESIAN_POINT('Line Origine',(0.,7.,-15.2713718414)) ;
#6448=CARTESIAN_POINT('Vertex',(-2.54252290726,7.,-15.2713718414)) ;
#6452=CARTESIAN_POINT('Control Point',(-3.04252290726,6.5,-14.7713718414)) ;
#6453=CARTESIAN_POINT('Control Point',(-3.04252290726,6.69080855287,-14.7713718414)) ;
#6454=CARTESIAN_POINT('Control Point',(-2.94189290122,6.8779759489,-14.8714982094)) ;
#6455=CARTESIAN_POINT('Control Point',(-2.80996302352,6.94950279386,-15.0045235453)) ;
#6456=CARTESIAN_POINT('Control Point',(-2.67744492891,7.,-15.1364498198)) ;
#6457=CARTESIAN_POINT('Control Point',(-2.54252290726,7.,-15.2713718414)) ;
#6466=CARTESIAN_POINT('Axis2P3D Location',(-2.54252290726,6.5,-15.306224823)) ;
#6471=CARTESIAN_POINT('Line Origine',(-2.54252290726,7.,-15.306224823)) ;
#6483=CARTESIAN_POINT('Axis2P3D Location',(0.,6.5,-19.3410778046)) ;
#6489=CARTESIAN_POINT('Control Point',(-3.04252290726,6.5,-19.8410778046)) ;
#6490=CARTESIAN_POINT('Control Point',(-3.04252290726,6.69080852797,-19.8410778046)) ;
#6491=CARTESIAN_POINT('Control Point',(-2.94189029062,6.87797495371,-19.7409522042)) ;
#6492=CARTESIAN_POINT('Control Point',(-2.80996403422,6.94950318833,-19.6079258769)) ;
#6493=CARTESIAN_POINT('Control Point',(-2.6774449113,7.,-19.4759998086)) ;
#6494=CARTESIAN_POINT('Control Point',(-2.54252290726,7.,-19.3410778046)) ;
#6495=CARTESIAN_POINT('Vertex',(-2.54252290726,7.,-19.3410778046)) ;
#6498=CARTESIAN_POINT('Line Origine',(0.,7.,-19.3410778046)) ;
#6502=CARTESIAN_POINT('Vertex',(2.54252290726,7.,-19.3410778046)) ;
#6506=CARTESIAN_POINT('Control Point',(3.04252290726,6.5,-19.8410778046)) ;
#6507=CARTESIAN_POINT('Control Point',(3.04252290726,6.69080855287,-19.8410778046)) ;
#6508=CARTESIAN_POINT('Control Point',(2.94189290122,6.8779759489,-19.7409514366)) ;
#6509=CARTESIAN_POINT('Control Point',(2.80996302352,6.94950279385,-19.6079261007)) ;
#6510=CARTESIAN_POINT('Control Point',(2.67744492891,7.,-19.4759998262)) ;
#6511=CARTESIAN_POINT('Control Point',(2.54252290726,7.,-19.3410778046)) ;
#6520=CARTESIAN_POINT('Axis2P3D Location',(2.54252290726,6.5,-19.306224823)) ;
#6525=CARTESIAN_POINT('Line Origine',(2.54252290726,7.,-19.306224823)) ;
#6529=CARTESIAN_POINT('Vertex',(2.54252290726,7.,-19.2713718414)) ;
#6533=CARTESIAN_POINT('Control Point',(2.54252290726,7.,-19.2713718414)) ;
#6534=CARTESIAN_POINT('Control Point',(2.67731606822,7.,-19.1365786805)) ;
#6535=CARTESIAN_POINT('Control Point',(2.8092417047,6.9500833111,-19.004216918)) ;
#6536=CARTESIAN_POINT('Control Point',(2.94334255064,6.87666685328,-18.870895429)) ;
#6537=CARTESIAN_POINT('Control Point',(3.04252290726,6.69062631633,-18.7713718414)) ;
#6538=CARTESIAN_POINT('Control Point',(3.04252290726,6.5,-18.7713718414)) ;
#6547=CARTESIAN_POINT('Axis2P3D Location',(0.,6.5,-19.2713718414)) ;
#6552=CARTESIAN_POINT('Line Origine',(0.,7.,-19.2713718414)) ;
#6556=CARTESIAN_POINT('Vertex',(-2.54252290726,7.,-19.2713718414)) ;
#6560=CARTESIAN_POINT('Control Point',(-3.04252290726,6.5,-18.7713718414)) ;
#6561=CARTESIAN_POINT('Control Point',(-3.04252290726,6.69080855288,-18.7713718414)) ;
#6562=CARTESIAN_POINT('Control Point',(-2.94189290123,6.87797594887,-18.8714982094)) ;
#6563=CARTESIAN_POINT('Control Point',(-2.80996302353,6.94950279387,-19.0045235453)) ;
#6564=CARTESIAN_POINT('Control Point',(-2.67744492891,7.,-19.1364498198)) ;
#6565=CARTESIAN_POINT('Control Point',(-2.54252290726,7.,-19.2713718414)) ;
#6574=CARTESIAN_POINT('Axis2P3D Location',(-2.54252290726,6.5,-19.306224823)) ;
#6579=CARTESIAN_POINT('Line Origine',(-2.54252290726,7.,-19.306224823)) ;
#6591=CARTESIAN_POINT('Axis2P3D Location',(0.,2.02769804001,11.2619070996)) ;
#6596=CARTESIAN_POINT('Line Origine',(0.,2.02769804001,13.5000000008)) ;
#6608=CARTESIAN_POINT('Axis2P3D Location',(-3.5,-3.,13.)) ;
#6613=CARTESIAN_POINT('Line Origine',(-3.24999999991,-2.06127695542,8.)) ;
#6625=CARTESIAN_POINT('Axis2P3D Location',(-3.25,-2.06127695578,13.)) ;
#6637=CARTESIAN_POINT('Axis2P3D Location',(-2.5,-3.,13.)) ;
#6642=CARTESIAN_POINT('Line Origine',(-2.24999999991,-2.06127695542,8.)) ;
#6654=CARTESIAN_POINT('Axis2P3D Location',(-2.25,-2.06127695578,13.)) ;
#6666=CARTESIAN_POINT('Axis2P3D Location',(-1.5,-3.,13.)) ;
#6671=CARTESIAN_POINT('Line Origine',(-1.24999999991,-2.06127695542,8.)) ;
#6683=CARTESIAN_POINT('Axis2P3D Location',(-1.25,-2.06127695578,13.)) ;
#6695=CARTESIAN_POINT('Axis2P3D Location',(-0.5,-3.,13.)) ;
#6700=CARTESIAN_POINT('Line Origine',(-0.249999999905,-2.06127695542,8.)) ;
#6712=CARTESIAN_POINT('Axis2P3D Location',(-0.25,-2.06127695578,13.)) ;
#6724=CARTESIAN_POINT('Axis2P3D Location',(0.5,-3.,13.)) ;
#6729=CARTESIAN_POINT('Line Origine',(0.750000000095,-2.06127695542,8.)) ;
#6741=CARTESIAN_POINT('Axis2P3D Location',(0.75,-2.06127695578,13.)) ;
#6753=CARTESIAN_POINT('Axis2P3D Location',(1.5,-3.,13.)) ;
#6758=CARTESIAN_POINT('Line Origine',(1.75000000009,-2.06127695542,8.)) ;
#6770=CARTESIAN_POINT('Axis2P3D Location',(1.75,-2.06127695578,13.)) ;
#6782=CARTESIAN_POINT('Axis2P3D Location',(2.5,-3.,13.)) ;
#6787=CARTESIAN_POINT('Line Origine',(2.75000000009,-2.06127695542,8.)) ;
#6799=CARTESIAN_POINT('Axis2P3D Location',(2.75,-2.06127695578,13.)) ;
#6811=CARTESIAN_POINT('Axis2P3D Location',(3.5,-3.,13.)) ;
#6816=CARTESIAN_POINT('Line Origine',(3.75000000009,-2.06127695542,8.)) ;
#6828=CARTESIAN_POINT('Axis2P3D Location',(3.75,-2.06127695578,13.)) ;
#6840=CARTESIAN_POINT('Axis2P3D Location',(0.,-2.5,0.)) ;
#6852=CARTESIAN_POINT('Axis2P3D Location',(0.,4.,8.4761482085)) ;
#6857=CARTESIAN_POINT('Line Origine',(0.,6.54722253519,-2.73786899033)) ;
#6861=CARTESIAN_POINT('Vertex',(-1.49999999925,6.54722253533,-2.73786899095)) ;
#6863=CARTESIAN_POINT('Vertex',(1.50000000075,6.54722253533,-2.73786899095)) ;
#6866=CARTESIAN_POINT('Line Origine',(-1.5,5.53038933167,1.73868728817)) ;
#6870=CARTESIAN_POINT('Vertex',(-1.5,4.51355612794,6.21524356756)) ;
#6873=CARTESIAN_POINT('Line Origine',(-2.25,4.51355612815,6.21524356666)) ;
#6878=CARTESIAN_POINT('Line Origine',(0.,4.02484050826,8.36678913878)) ;
#6883=CARTESIAN_POINT('Line Origine',(2.25,4.51355612815,6.21524356666)) ;
#6887=CARTESIAN_POINT('Vertex',(1.5,4.51355612794,6.21524356756)) ;
#6890=CARTESIAN_POINT('Line Origine',(1.5,5.53038933167,1.73868728817)) ;
#6906=CARTESIAN_POINT('Axis2P3D Location',(-1.5,4.51355612794,6.21524356756)) ;
#6911=CARTESIAN_POINT('Line Origine',(-1.5,4.36982507584,6.18259559062)) ;
#6923=CARTESIAN_POINT('Axis2P3D Location',(0.,2.02769804001,13.5)) ;
#6928=CARTESIAN_POINT('Line Origine',(0.,4.,13.5)) ;
#6940=CARTESIAN_POINT('Line Origine',(0.,4.,8.58829301223)) ;
#6951=CARTESIAN_POINT('Line Origine',(0.,4.,11.9114618301)) ;
#6955=CARTESIAN_POINT('Vertex',(1.77384662628,4.,11.9114618301)) ;
#6957=CARTESIAN_POINT('Vertex',(-1.77384662628,4.,11.9114618301)) ;
#6960=CARTESIAN_POINT('Line Origine',(1.77384662628,4.,12.2906837463)) ;
#6964=CARTESIAN_POINT('Vertex',(1.77384662628,4.,12.6699056625)) ;
#6967=CARTESIAN_POINT('Line Origine',(0.,4.,12.6699056625)) ;
#6971=CARTESIAN_POINT('Vertex',(-1.77384662628,4.,12.6699056625)) ;
#6974=CARTESIAN_POINT('Line Origine',(-1.77384662628,4.,12.2906837463)) ;
#6986=CARTESIAN_POINT('Axis2P3D Location',(0.,5.,8.58829301157)) ;
#6998=CARTESIAN_POINT('Axis2P3D Location',(1.5,4.51355612794,6.21524356756)) ;
#7003=CARTESIAN_POINT('Line Origine',(1.5,6.4482083802,-2.89508484549)) ;
#7007=CARTESIAN_POINT('Vertex',(1.50000000075,6.34919422494,-3.05230069947)) ;
#7010=CARTESIAN_POINT('Line Origine',(1.5,4.36982507584,6.18259559062)) ;
#7015=CARTESIAN_POINT('Line Origine',(1.5,6.33172544593,-3.04769127041)) ;
#7035=CARTESIAN_POINT('Axis2P3D Location',(-1.5,4.51355612794,6.21524356756)) ;
#7040=CARTESIAN_POINT('Line Origine',(-1.5,6.33172544593,-3.04769127041)) ;
#7044=CARTESIAN_POINT('Vertex',(-1.49999999925,6.34919422494,-3.05230069947)) ;
#7047=CARTESIAN_POINT('Line Origine',(-1.5,6.4482083802,-2.89508484549)) ;
#7060=CARTESIAN_POINT('Axis2P3D Location',(0.,6.63582408423,-3.1279327877)) ;
#7065=CARTESIAN_POINT('Line Origine',(0.,6.3491942251,-3.05230070041)) ;
#7077=CARTESIAN_POINT('Axis2P3D Location',(0.,7.7474204074,-1.21523217351)) ;
#7093=CARTESIAN_POINT('Axis2P3D Location',(0.,7.,0.)) ;
#7119=CARTESIAN_POINT('Axis2P3D Location',(4.2,6.54722253533,-2.73786899095)) ;
#7131=CARTESIAN_POINT('Axis2P3D Location',(-1.77384662628,4.,11.9114618301)) ;
#7136=CARTESIAN_POINT('Line Origine',(1.77384662628,3.75,11.9114618301)) ;
#7140=CARTESIAN_POINT('Vertex',(1.77384662628,3.5,11.9114618301)) ;
#7143=CARTESIAN_POINT('Line Origine',(-1.77384662628,3.75,11.9114618301)) ;
#7147=CARTESIAN_POINT('Vertex',(-1.77384662628,3.5,11.9114618301)) ;
#7150=CARTESIAN_POINT('Line Origine',(1.73838721196E-012,3.5,11.9114618301)) ;
#7162=CARTESIAN_POINT('Axis2P3D Location',(1.77384662628,4.,11.9114618301)) ;
#7167=CARTESIAN_POINT('Line Origine',(1.77384662628,3.75,12.6699056625)) ;
#7171=CARTESIAN_POINT('Vertex',(1.77384662628,3.5,12.6699056625)) ;
#7174=CARTESIAN_POINT('Line Origine',(1.77384662628,3.5,12.2906837463)) ;
#7186=CARTESIAN_POINT('Axis2P3D Location',(1.77384662628,4.,12.6699056625)) ;
#7191=CARTESIAN_POINT('Line Origine',(-1.77384662628,3.75,12.6699056625)) ;
#7195=CARTESIAN_POINT('Vertex',(-1.77384662628,3.5,12.6699056625)) ;
#7198=CARTESIAN_POINT('Line Origine',(-1.73838721196E-012,3.5,12.6699056625)) ;
#7210=CARTESIAN_POINT('Axis2P3D Location',(-1.77384662628,4.,12.6699056625)) ;
#7215=CARTESIAN_POINT('Line Origine',(-1.77384662628,3.5,12.2906837463)) ;
#7244=CARTESIAN_POINT('NONE',(0.,0.,0.)) ;
#7245=CARTESIAN_POINT('NONE',(-35.3757340794,-60.9988286588,9.34154699648)) ;
#7262=CARTESIAN_POINT('Control Point',(32.,1.70206854941E-018,1.61672923707E-016)) ;
#7263=CARTESIAN_POINT('Control Point',(32.,1.70206854941E-018,2.)) ;
#7264=CARTESIAN_POINT('Control Point',(33.5,1.70206854941E-018,3.75)) ;
#7265=CARTESIAN_POINT('Control Point',(36.,1.70206854941E-018,4.)) ;
#7266=CARTESIAN_POINT('Control Point',(38.,1.70206854941E-018,2.4)) ;
#7267=CARTESIAN_POINT('Control Point',(38.,1.70206854941E-018,-2.22044604925E-016)) ;
#7268=CARTESIAN_POINT('Control Point',(32.0000000002,6.67120128495,0.205731277084)) ;
#7269=CARTESIAN_POINT('Control Point',(32.0000108661,6.67120128527,2.20573127709)) ;
#7270=CARTESIAN_POINT('Control Point',(33.5000203737,6.98391409708,3.95572312769)) ;
#7271=CARTESIAN_POINT('Control Point',(36.000021732,7.50510211633,4.20570954536)) ;
#7272=CARTESIAN_POINT('Control Point',(38.0000130393,7.92205253145,2.60569867949)) ;
#7273=CARTESIAN_POINT('Control Point',(38.0000000002,7.92205253106,0.205698679488)) ;
#7274=CARTESIAN_POINT('Control Point',(30.2615257818,13.3425711831,0.405484961838)) ;
#7275=CARTESIAN_POINT('Control Point',(30.2575624318,13.3425768475,2.40548495648)) ;
#7276=CARTESIAN_POINT('Control Point',(31.672603386,13.9679231631,4.15845745716)) ;
#7277=CARTESIAN_POINT('Control Point',(34.0362894672,15.0101594699,4.41341162942)) ;
#7278=CARTESIAN_POINT('Control Point',(35.9308053616,15.8439434173,2.81737496721)) ;
#7279=CARTESIAN_POINT('Control Point',(35.9355613961,15.84393662,0.417374967192)) ;
#7280=CARTESIAN_POINT('Control Point',(26.7846865586,19.4001784391,0.598994451304)) ;
#7281=CARTESIAN_POINT('Control Point',(26.7725414594,19.3957544203,2.59899867072)) ;
#7282=CARTESIAN_POINT('Control Point',(28.0175492846,20.3010067229,4.35794097884)) ;
#7283=CARTESIAN_POINT('Control Point',(30.1087557927,21.8156592532,4.62283919974)) ;
#7284=CARTESIAN_POINT('Control Point',(31.7926515884,23.0313628954,3.03475397886)) ;
#7285=CARTESIAN_POINT('Control Point',(31.8072257074,23.0366717192,0.634748915376)) ;
#7286=CARTESIAN_POINT('Control Point',(16.9933109614,29.1569205906,0.977802489035)) ;
#7287=CARTESIAN_POINT('Control Point',(16.9690544267,29.1290350662,2.97761808031)) ;
#7288=CARTESIAN_POINT('Control Point',(17.7448639856,30.4707133012,4.75320842391)) ;
#7289=CARTESIAN_POINT('Control Point',(19.0702219632,32.7440243911,5.04610487495)) ;
#7290=CARTESIAN_POINT('Control Point',(20.1523392265,34.587770234,3.48058800376)) ;
#7291=CARTESIAN_POINT('Control Point',(20.1814470683,34.6212328621,1.08080929441)) ;
#7292=CARTESIAN_POINT('Control Point',(3.67629233835,32.8799281201,1.3444754164)) ;
#7293=CARTESIAN_POINT('Control Point',(3.6636885166,32.8144915957,3.34351799377)) ;
#7294=CARTESIAN_POINT('Control Point',(3.8262980624,34.2974151784,5.14131259101)) ;
#7295=CARTESIAN_POINT('Control Point',(4.11411906806,36.8562031831,5.47224681651)) ;
#7296=CARTESIAN_POINT('Control Point',(4.35571931216,38.9621264598,3.93785587715)) ;
#7297=CARTESIAN_POINT('Control Point',(4.37084389816,39.0406502902,1.53900478412)) ;
#7298=CARTESIAN_POINT('Control Point',(-3.34595091401,32.9161832696,1.52677536697)) ;
#7299=CARTESIAN_POINT('Control Point',(-3.34269000638,32.8318159127,3.52523176638)) ;
#7300=CARTESIAN_POINT('Control Point',(-3.4947905878,34.29967761,5.33458110396)) ;
#7301=CARTESIAN_POINT('Control Point',(-3.752639434,36.8586035817,5.68555480055)) ;
#7302=CARTESIAN_POINT('Control Point',(-3.96185332793,38.9816749805,4.1677229983)) ;
#7303=CARTESIAN_POINT('Control Point',(-3.96576641714,39.082915809,1.76957531899)) ;
#7304=CARTESIAN_POINT('Control Point',(-16.767087598,29.3125145751,1.89510922765)) ;
#7305=CARTESIAN_POINT('Control Point',(-16.7148342905,29.2068028914,3.89210208609)) ;
#7306=CARTESIAN_POINT('Control Point',(-17.4516077472,30.4871216121,5.72323142684)) ;
#7307=CARTESIAN_POINT('Control Point',(-18.7492345849,32.7619350579,6.11245651699)) ;
#7308=CARTESIAN_POINT('Control Point',(-19.8343640317,34.6769263296,4.62654301657)) ;
#7309=CARTESIAN_POINT('Control Point',(-19.8970680007,34.8037803498,2.23015158646)) ;
#7310=CARTESIAN_POINT('Control Point',(-26.6910025936,19.5773968194,2.27544271821)) ;
#7311=CARTESIAN_POINT('Control Point',(-26.5812590646,19.4921792134,4.27096164936)) ;
#7312=CARTESIAN_POINT('Control Point',(-27.7314715768,20.3354402759,6.11786209091)) ;
#7313=CARTESIAN_POINT('Control Point',(-29.794817136,21.8544988551,6.53533758515)) ;
#7314=CARTESIAN_POINT('Control Point',(-31.5442627596,23.1464415641,5.07335094245)) ;
#7315=CARTESIAN_POINT('Control Point',(-31.6759549945,23.2487026915,2.67872822504)) ;
#7316=CARTESIAN_POINT('Control Point',(-30.2369925586,13.4712060987,2.47067789073)) ;
#7317=CARTESIAN_POINT('Control Point',(-30.1026172871,13.4093240801,4.46559441841)) ;
#7318=CARTESIAN_POINT('Control Point',(-31.3970416183,13.9878882735,6.3180713794)) ;
#7319=CARTESIAN_POINT('Control Point',(-33.7335825256,15.0346712873,6.74564427408)) ;
#7320=CARTESIAN_POINT('Control Point',(-35.7237529959,15.927791515,5.29227771267)) ;
#7321=CARTESIAN_POINT('Control Point',(-35.8850033237,16.0020499373,2.8983778771)) ;
#7322=CARTESIAN_POINT('Control Point',(-32.0093895913,6.73224417469,2.67227059878)) ;
#7323=CARTESIAN_POINT('Control Point',(-31.8627593348,6.70120753548,4.6668858919)) ;
#7324=CARTESIAN_POINT('Control Point',(-33.2297630646,6.99208511428,6.52217094974)) ;
#7325=CARTESIAN_POINT('Control Point',(-35.7036096227,7.51826326456,6.95482565531)) ;
#7326=CARTESIAN_POINT('Control Point',(-37.8146541001,7.96713876009,5.50579565596)) ;
#7327=CARTESIAN_POINT('Control Point',(-37.9906104079,8.00438272715,3.11225730421)) ;
#7328=CARTESIAN_POINT('Control Point',(-32.00808821,-0.0062041195852,2.87994239423)) ;
#7329=CARTESIAN_POINT('Control Point',(-31.8613831395,-0.00635602031957,4.87455453678)) ;
#7330=CARTESIAN_POINT('Control Point',(-33.2289720978,-0.00338687366956,6.72986896439)) ;
#7331=CARTESIAN_POINT('Control Point',(-35.7038937889,0.00176423839297,7.16257682035)) ;
#7332=CARTESIAN_POINT('Control Point',(-37.8158657054,0.00602183870394,5.71359217682)) ;
#7333=CARTESIAN_POINT('Control Point',(-37.99191179,0.00620411958519,3.32005760576)) ;
#7335=CARTESIAN_POINT('Control Point',(32.,1.70206854941E-018,7.77846702374E-016)) ;
#7336=CARTESIAN_POINT('Control Point',(32.0000000002,6.67120128495,0.205731277084)) ;
#7337=CARTESIAN_POINT('Control Point',(30.2615257818,13.3425711831,0.405484961838)) ;
#7338=CARTESIAN_POINT('Control Point',(26.7846865586,19.4001784391,0.598994451304)) ;
#7339=CARTESIAN_POINT('Control Point',(16.9933109614,29.1569205906,0.977802489035)) ;
#7340=CARTESIAN_POINT('Control Point',(3.67629233835,32.8799281201,1.3444754164)) ;
#7341=CARTESIAN_POINT('Control Point',(-3.34595091401,32.9161832696,1.52677536697)) ;
#7342=CARTESIAN_POINT('Control Point',(-16.767087598,29.3125145751,1.89510922765)) ;
#7343=CARTESIAN_POINT('Control Point',(-26.6910025936,19.5773968194,2.27544271821)) ;
#7344=CARTESIAN_POINT('Control Point',(-30.2369925586,13.4712060987,2.47067789073)) ;
#7345=CARTESIAN_POINT('Control Point',(-32.0093895913,6.73224417469,2.67227059878)) ;
#7346=CARTESIAN_POINT('Control Point',(-32.00808821,-0.0062041195852,2.87994239423)) ;
#7347=CARTESIAN_POINT('Vertex',(32.,-1.7763568394E-015,5.55111512313E-016)) ;
#7349=CARTESIAN_POINT('Vertex',(-32.00808821,-0.0062041195852,2.87994239423)) ;
#7353=CARTESIAN_POINT('Control Point',(32.,-1.24667814101E-015,1.16545746919E-016)) ;
#7354=CARTESIAN_POINT('Control Point',(32.,-1.24502522687E-015,2.)) ;
#7355=CARTESIAN_POINT('Control Point',(33.5,-1.30206690614E-015,3.75)) ;
#7356=CARTESIAN_POINT('Control Point',(36.,-1.39934025702E-015,4.)) ;
#7357=CARTESIAN_POINT('Control Point',(38.,-1.47864656038E-015,2.4)) ;
#7358=CARTESIAN_POINT('Control Point',(38.,-1.48063005725E-015,-2.72329013196E-016)) ;
#7359=CARTESIAN_POINT('Vertex',(38.,-3.5527136788E-015,1.7763568394E-015)) ;
#7363=CARTESIAN_POINT('Control Point',(38.,1.70206854941E-018,4.4408920985E-016)) ;
#7364=CARTESIAN_POINT('Control Point',(38.0000000002,7.92205253106,0.205698679489)) ;
#7365=CARTESIAN_POINT('Control Point',(35.9355613961,15.84393662,0.417374967192)) ;
#7366=CARTESIAN_POINT('Control Point',(31.8072257074,23.0366717192,0.634748915376)) ;
#7367=CARTESIAN_POINT('Control Point',(20.1814470683,34.6212328621,1.08080929441)) ;
#7368=CARTESIAN_POINT('Control Point',(4.37084389816,39.0406502902,1.53900478412)) ;
#7369=CARTESIAN_POINT('Control Point',(-3.96576641714,39.082915809,1.76957531899)) ;
#7370=CARTESIAN_POINT('Control Point',(-19.8970680007,34.8037803498,2.23015158646)) ;
#7371=CARTESIAN_POINT('Control Point',(-31.6759549945,23.2487026915,2.67872822505)) ;
#7372=CARTESIAN_POINT('Control Point',(-35.8850033237,16.0020499373,2.8983778771)) ;
#7373=CARTESIAN_POINT('Control Point',(-37.9906104079,8.00438272715,3.11225730421)) ;
#7374=CARTESIAN_POINT('Control Point',(-37.99191179,0.00620411958519,3.32005760576)) ;
#7375=CARTESIAN_POINT('Vertex',(-37.99191179,0.0062041195852,3.32005760576)) ;
#7379=CARTESIAN_POINT('Control Point',(-32.00808821,-0.0062041195852,2.87994239423)) ;
#7380=CARTESIAN_POINT('Control Point',(-31.8613831395,-0.00635602031957,4.87455453678)) ;
#7381=CARTESIAN_POINT('Control Point',(-33.2289720978,-0.00338687366956,6.72986896439)) ;
#7382=CARTESIAN_POINT('Control Point',(-35.7038937889,0.00176423839297,7.16257682035)) ;
#7383=CARTESIAN_POINT('Control Point',(-37.8158657054,0.00602183870394,5.71359217682)) ;
#7384=CARTESIAN_POINT('Control Point',(-37.99191179,0.0062041195852,3.32005760576)) ;
#7394=CARTESIAN_POINT('Control Point',(38.,1.70206854941E-018,-2.22044604925E-016)) ;
#7395=CARTESIAN_POINT('Control Point',(38.,1.70206854941E-018,-2.4)) ;
#7396=CARTESIAN_POINT('Control Point',(36.,1.70206854941E-018,-4.)) ;
#7397=CARTESIAN_POINT('Control Point',(33.5,1.70206854941E-018,-3.75)) ;
#7398=CARTESIAN_POINT('Control Point',(32.,1.70206854941E-018,-2.)) ;
#7399=CARTESIAN_POINT('Control Point',(32.,1.70206854941E-018,-5.73115155781E-016)) ;
#7400=CARTESIAN_POINT('Control Point',(38.0000000002,7.92205253106,0.205698679488)) ;
#7401=CARTESIAN_POINT('Control Point',(37.9999869612,7.92205253067,-2.19430132051)) ;
#7402=CARTESIAN_POINT('Control Point',(35.9999782685,7.50510211504,-3.79429045465)) ;
#7403=CARTESIAN_POINT('Control Point',(33.4999796267,6.98391409587,-3.54427687232)) ;
#7404=CARTESIAN_POINT('Control Point',(31.9999891343,6.67120128463,-1.79426872291)) ;
#7405=CARTESIAN_POINT('Control Point',(32.0000000002,6.67120128495,0.205731277084)) ;
#7406=CARTESIAN_POINT('Control Point',(35.9355613961,15.84393662,0.417374967192)) ;
#7407=CARTESIAN_POINT('Control Point',(35.9403174305,15.8439298227,-1.98262503283)) ;
#7408=CARTESIAN_POINT('Control Point',(34.0521429154,15.0101368122,-3.58658837065)) ;
#7409=CARTESIAN_POINT('Control Point',(31.6874659847,13.9679019215,-3.3415425429)) ;
#7410=CARTESIAN_POINT('Control Point',(30.2654891318,13.3425655187,-1.59451504355)) ;
#7411=CARTESIAN_POINT('Control Point',(30.2615257818,13.3425711831,0.405484961838)) ;
#7412=CARTESIAN_POINT('Control Point',(31.8072257074,23.0366717192,0.634748915376)) ;
#7413=CARTESIAN_POINT('Control Point',(31.8217998264,23.041980543,-1.76525614811)) ;
#7414=CARTESIAN_POINT('Control Point',(30.1573361892,21.8333553324,-3.37717767855)) ;
#7415=CARTESIAN_POINT('Control Point',(28.0630934062,20.3175967968,-3.14207484458)) ;
#7416=CARTESIAN_POINT('Control Point',(26.7968316572,19.4046024592,-1.4010097685)) ;
#7417=CARTESIAN_POINT('Control Point',(26.7846865586,19.4001784391,0.598994451182)) ;
#7418=CARTESIAN_POINT('Control Point',(20.1814470683,34.6212328621,1.08080929441)) ;
#7419=CARTESIAN_POINT('Control Point',(20.2105549101,34.6546954902,-1.31896941493)) ;
#7420=CARTESIAN_POINT('Control Point',(19.1672481025,32.8555664847,-2.95315748953)) ;
#7421=CARTESIAN_POINT('Control Point',(17.8358259914,30.5752840142,-2.74610004276)) ;
#7422=CARTESIAN_POINT('Control Point',(17.0175674968,29.1848061137,-1.02201310185)) ;
#7423=CARTESIAN_POINT('Control Point',(16.9933109614,29.1569205906,0.977802489158)) ;
#7424=CARTESIAN_POINT('Control Point',(4.37084389816,39.0406502902,1.53900478412)) ;
#7425=CARTESIAN_POINT('Control Point',(4.38596848416,39.1191741207,-0.859846308921)) ;
#7426=CARTESIAN_POINT('Control Point',(4.16453435473,37.1179492846,-2.52392349361)) ;
#7427=CARTESIAN_POINT('Control Point',(3.87356239347,34.5428021483,-2.35509707476)) ;
#7428=CARTESIAN_POINT('Control Point',(3.68889615944,32.9453646458,-0.654567161375)) ;
#7429=CARTESIAN_POINT('Control Point',(3.67629233835,32.8799281201,1.34447541627)) ;
#7430=CARTESIAN_POINT('Control Point',(-3.96576641714,39.082915809,1.76957531899)) ;
#7431=CARTESIAN_POINT('Control Point',(-3.96967950636,39.1841566374,-0.628572360328)) ;
#7432=CARTESIAN_POINT('Control Point',(-3.7656830647,37.19607301,-2.30827079717)) ;
#7433=CARTESIAN_POINT('Control Point',(-3.50701899142,34.6160551989,-2.15963039383)) ;
#7434=CARTESIAN_POINT('Control Point',(-3.34921182132,33.0005506265,-0.471681032275)) ;
#7435=CARTESIAN_POINT('Control Point',(-3.34595091401,32.9161832696,1.52677536697)) ;
#7436=CARTESIAN_POINT('Control Point',(-19.8970680007,34.8037803498,2.23015158646)) ;
#7437=CARTESIAN_POINT('Control Point',(-19.9597719697,34.93063437,-0.166239843646)) ;
#7438=CARTESIAN_POINT('Control Point',(-18.9582478148,33.1847817919,-1.87551491669)) ;
#7439=CARTESIAN_POINT('Control Point',(-17.6475576505,30.8835404254,-1.76549179232)) ;
#7440=CARTESIAN_POINT('Control Point',(-16.8193409059,29.4182262588,-0.101883630958)) ;
#7441=CARTESIAN_POINT('Control Point',(-16.767087598,29.3125145751,1.89510922765)) ;
#7442=CARTESIAN_POINT('Control Point',(-31.6759549945,23.2487026915,2.67872822504)) ;
#7443=CARTESIAN_POINT('Control Point',(-31.8076472293,23.3509638189,0.284105507642)) ;
#7444=CARTESIAN_POINT('Control Point',(-30.2337912522,22.1953692798,-1.44673813953)) ;
#7445=CARTESIAN_POINT('Control Point',(-28.1430098105,20.655006299,-1.36533390089)) ;
#7446=CARTESIAN_POINT('Control Point',(-26.8007461223,19.6626144254,0.279923787228)) ;
#7447=CARTESIAN_POINT('Control Point',(-26.6910025936,19.5773968194,2.27544271821)) ;
#7448=CARTESIAN_POINT('Control Point',(-35.8850033237,16.0020499373,2.8983778771)) ;
#7449=CARTESIAN_POINT('Control Point',(-36.0462536516,16.0763083596,0.504478041541)) ;
#7450=CARTESIAN_POINT('Control Point',(-34.2710836185,15.2821993616,-1.23402184446)) ;
#7451=CARTESIAN_POINT('Control Point',(-31.9009488966,14.2199458432,-1.16286560552)) ;
#7452=CARTESIAN_POINT('Control Point',(-30.3713678435,13.5330881173,0.475761362377)) ;
#7453=CARTESIAN_POINT('Control Point',(-30.2369925586,13.4712060987,2.47067789073)) ;
#7454=CARTESIAN_POINT('Control Point',(-37.9906104079,8.00438272715,3.11225730421)) ;
#7455=CARTESIAN_POINT('Control Point',(-38.1665667157,8.04162669421,0.71871895246)) ;
#7456=CARTESIAN_POINT('Control Point',(-36.2901306487,7.64240982143,-1.02363551718)) ;
#7457=CARTESIAN_POINT('Control Point',(-33.7796265264,7.10847251134,-0.957636399473)) ;
#7458=CARTESIAN_POINT('Control Point',(-32.1560198478,6.76328081391,0.677655305653)) ;
#7459=CARTESIAN_POINT('Control Point',(-32.0093895913,6.73224417469,2.67227059878)) ;
#7460=CARTESIAN_POINT('Control Point',(-37.99191179,0.00620411958519,3.32005760576)) ;
#7461=CARTESIAN_POINT('Control Point',(-38.1679578746,0.00638640046645,0.926523034704)) ;
#7462=CARTESIAN_POINT('Control Point',(-36.290714071,0.00237184133048,-0.815871749847)) ;
#7463=CARTESIAN_POINT('Control Point',(-33.7791161122,-0.00281724591565,-0.749926570168)) ;
#7464=CARTESIAN_POINT('Control Point',(-32.1547932805,-0.00605221885083,0.88533025168)) ;
#7465=CARTESIAN_POINT('Control Point',(-32.00808821,-0.0062041195852,2.87994239423)) ;
#7467=CARTESIAN_POINT('Control Point',(38.,-1.48063005725E-015,-2.72329013196E-016)) ;
#7468=CARTESIAN_POINT('Control Point',(38.,-1.48261355412E-015,-2.4)) ;
#7469=CARTESIAN_POINT('Control Point',(36.,-1.40595191326E-015,-4.)) ;
#7470=CARTESIAN_POINT('Control Point',(33.5,-1.30826533388E-015,-3.75)) ;
#7471=CARTESIAN_POINT('Control Point',(32.,-1.24833105504E-015,-2.)) ;
#7472=CARTESIAN_POINT('Control Point',(32.,-1.24667814101E-015,-6.18242332579E-016)) ;
#7475=CARTESIAN_POINT('Control Point',(-37.99191179,0.0062041195852,3.32005760576)) ;
#7476=CARTESIAN_POINT('Control Point',(-38.1679578746,0.00638640046645,0.926523034704)) ;
#7477=CARTESIAN_POINT('Control Point',(-36.290714071,0.00237184133048,-0.815871749847)) ;
#7478=CARTESIAN_POINT('Control Point',(-33.7791161122,-0.00281724591565,-0.749926570168)) ;
#7479=CARTESIAN_POINT('Control Point',(-32.1547932805,-0.00605221885083,0.88533025168)) ;
#7480=CARTESIAN_POINT('Control Point',(-32.00808821,-0.0062041195852,2.87994239423)) ;
#7489=CARTESIAN_POINT('Axis2P3D Location',(0.,0.,0.)) ;
#7500=CARTESIAN_POINT('Control Point',(-32.00808821,-0.00620411958518,2.87994239423)) ;
#7501=CARTESIAN_POINT('Control Point',(-31.8613831395,-0.00635602031955,4.87455453678)) ;
#7502=CARTESIAN_POINT('Control Point',(-33.2289720978,-0.00338687366954,6.72986896439)) ;
#7503=CARTESIAN_POINT('Control Point',(-35.7038937889,0.00176423839298,7.16257682035)) ;
#7504=CARTESIAN_POINT('Control Point',(-37.8158657054,0.00602183870393,5.71359217682)) ;
#7505=CARTESIAN_POINT('Control Point',(-37.99191179,0.00620411958519,3.32005760576)) ;
#7506=CARTESIAN_POINT('Control Point',(-32.0067936135,-6.67906669494,3.08567285967)) ;
#7507=CARTESIAN_POINT('Control Point',(-31.8600677122,-6.64863434008,5.08028579926)) ;
#7508=CARTESIAN_POINT('Control Point',(-33.2282857414,-6.93077252192,6.93559279688)) ;
#7509=CARTESIAN_POINT('Control Point',(-35.7042836586,-7.44157929813,7.36828720679)) ;
#7510=CARTESIAN_POINT('Control Point',(-37.8171353036,-7.87761383846,5.91929108909)) ;
#7511=CARTESIAN_POINT('Control Point',(-37.9932063853,-7.91413266429,3.52575556159)) ;
#7512=CARTESIAN_POINT('Control Point',(-30.2670373429,-13.3517595429,3.28544188062)) ;
#7513=CARTESIAN_POINT('Control Point',(-30.1242863272,-13.2907485702,5.27976331715)) ;
#7514=CARTESIAN_POINT('Control Point',(-31.4151394858,-13.8580838087,7.13778784846)) ;
#7515=CARTESIAN_POINT('Control Point',(-33.7568960543,-14.8849905032,7.57540015049)) ;
#7516=CARTESIAN_POINT('Control Point',(-35.758777174,-15.7614257343,6.13060070208)) ;
#7517=CARTESIAN_POINT('Control Point',(-35.9300783341,-15.8346389015,3.73741498295)) ;
#7518=CARTESIAN_POINT('Control Point',(-26.7890779581,-19.4107162212,3.47898285122)) ;
#7519=CARTESIAN_POINT('Control Point',(-26.6540680386,-19.3175162522,5.47272498348)) ;
#7520=CARTESIAN_POINT('Control Point',(-27.78939786,-20.1397963735,7.33619282471)) ;
#7521=CARTESIAN_POINT('Control Point',(-29.8616274545,-21.634529868,7.78364971718)) ;
#7522=CARTESIAN_POINT('Control Point',(-31.6409200572,-22.9141966358,6.34724731214)) ;
#7523=CARTESIAN_POINT('Control Point',(-31.8029319603,-23.0260365988,3.95475675342)) ;
#7524=CARTESIAN_POINT('Control Point',(-16.9946980423,-29.170603177,3.8579016387)) ;
#7525=CARTESIAN_POINT('Control Point',(-16.8924155824,-29.0092668571,5.84981128055)) ;
#7526=CARTESIAN_POINT('Control Point',(-17.599297726,-30.2273075935,7.72843301855)) ;
#7527=CARTESIAN_POINT('Control Point',(-18.9138112459,-32.4724905803,8.20358972598)) ;
#7528=CARTESIAN_POINT('Control Point',(-20.0574762762,-34.4138396574,6.79099641423)) ;
#7529=CARTESIAN_POINT('Control Point',(-20.1802152285,-34.607443241,4.40070484402)) ;
#7530=CARTESIAN_POINT('Control Point',(-3.67235258457,-32.896120957,4.22478242989)) ;
#7531=CARTESIAN_POINT('Control Point',(-3.642643701,-32.6802439056,6.21368334876)) ;
#7532=CARTESIAN_POINT('Control Point',(-3.79231655084,-34.0234187363,8.11244877853)) ;
#7533=CARTESIAN_POINT('Control Point',(-4.08138314466,-36.5498795231,8.62518993643)) ;
#7534=CARTESIAN_POINT('Control Point',(-4.33937441453,-38.765337499,7.24537203578)) ;
#7535=CARTESIAN_POINT('Control Point',(-4.37502507441,-39.024389961,4.85869093312)) ;
#7536=CARTESIAN_POINT('Control Point',(3.35341231493,-32.9331691575,4.40721189571)) ;
#7537=CARTESIAN_POINT('Control Point',(3.33516236516,-32.6982316137,6.39434796733)) ;
#7538=CARTESIAN_POINT('Control Point',(3.47035426163,-34.025868258,8.30357198613)) ;
#7539=CARTESIAN_POINT('Control Point',(3.72000735544,-36.5518460574,8.83609725557)) ;
#7540=CARTESIAN_POINT('Control Point',(3.93615478548,-38.7840720868,7.47369500701)) ;
#7541=CARTESIAN_POINT('Control Point',(3.9580547255,-39.0659971399,5.08913172165)) ;
#7542=CARTESIAN_POINT('Control Point',(16.7826532695,-29.3283624076,4.77583146915)) ;
#7543=CARTESIAN_POINT('Control Point',(16.6541501387,-29.0885898202,6.75925253509)) ;
#7544=CARTESIAN_POINT('Control Point',(17.3163728609,-30.243711056,8.68814381459)) ;
#7545=CARTESIAN_POINT('Control Point',(18.5914149055,-32.4886098986,9.25840119226)) ;
#7546=CARTESIAN_POINT('Control Point',(19.7271013587,-34.500324301,7.92952813469)) ;
#7547=CARTESIAN_POINT('Control Point',(19.8813051153,-34.7880514054,5.54942285498)) ;
#7548=CARTESIAN_POINT('Control Point',(26.7135319127,-19.5866260983,5.15641947963)) ;
#7549=CARTESIAN_POINT('Control Point',(26.4822916268,-19.4117445942,7.13670198586)) ;
#7550=CARTESIAN_POINT('Control Point',(27.5148911313,-20.1719730605,9.07978069676)) ;
#7551=CARTESIAN_POINT('Control Point',(29.5442106868,-21.6721958435,9.6778685402)) ;
#7552=CARTESIAN_POINT('Control Point',(31.3757825886,-23.0297674241,8.37408455969)) ;
#7553=CARTESIAN_POINT('Control Point',(31.653270932,-23.2396252296,5.99774555279)) ;
#7554=CARTESIAN_POINT('Control Point',(30.2620107886,-13.4755874786,5.35175611081)) ;
#7555=CARTESIAN_POINT('Control Point',(29.9899632193,-13.3518473966,7.33084086594)) ;
#7556=CARTESIAN_POINT('Control Point',(31.151412645,-13.8741037845,9.27892564521)) ;
#7557=CARTESIAN_POINT('Control Point',(33.4498918276,-14.9095178736,9.88695394546)) ;
#7558=CARTESIAN_POINT('Control Point',(35.5335180435,-15.8492152187,8.59220031515)) ;
#7559=CARTESIAN_POINT('Control Point',(35.8599751987,-15.997703317,6.21729862014)) ;
#7560=CARTESIAN_POINT('Control Point',(32.0349049763,-6.73118104519,5.55339879362)) ;
#7561=CARTESIAN_POINT('Control Point',(31.7424561205,-6.6689712422,7.5318827001)) ;
#7562=CARTESIAN_POINT('Control Point',(32.9691108832,-6.93310849161,9.48248856684)) ;
#7563=CARTESIAN_POINT('Control Point',(35.4034672956,-7.45628364462,10.0955198028)) ;
#7564=CARTESIAN_POINT('Control Point',(37.6141563957,-7.93081258973,8.80530927569)) ;
#7565=CARTESIAN_POINT('Control Point',(37.9650950227,-8.00546435332,6.43112858793)) ;
#7566=CARTESIAN_POINT('Control Point',(32.0323092273,0.0123747856889,5.76107136989)) ;
#7567=CARTESIAN_POINT('Control Point',(31.7396901406,0.0129815695564,7.73954899218)) ;
#7568=CARTESIAN_POINT('Control Point',(32.967493826,0.007325112596,9.69018122673)) ;
#7569=CARTESIAN_POINT('Control Point',(35.4039920841,-0.00291136082798,10.3032647879)) ;
#7570=CARTESIAN_POINT('Control Point',(37.6165478686,-0.0116466450479,9.01310177686)) ;
#7571=CARTESIAN_POINT('Control Point',(37.9676907727,-0.0123747856889,6.63892863011)) ;
#7573=CARTESIAN_POINT('Control Point',(-32.00808821,-0.00620411958518,2.87994239423)) ;
#7574=CARTESIAN_POINT('Control Point',(-32.0067936135,-6.67906669494,3.08567285967)) ;
#7575=CARTESIAN_POINT('Control Point',(-30.2670373429,-13.3517595429,3.28544188062)) ;
#7576=CARTESIAN_POINT('Control Point',(-26.7890779581,-19.4107162212,3.47898285122)) ;
#7577=CARTESIAN_POINT('Control Point',(-16.9946980423,-29.170603177,3.8579016387)) ;
#7578=CARTESIAN_POINT('Control Point',(-3.67235258457,-32.896120957,4.22478242989)) ;
#7579=CARTESIAN_POINT('Control Point',(3.35341231493,-32.9331691575,4.40721189571)) ;
#7580=CARTESIAN_POINT('Control Point',(16.7826532695,-29.3283624076,4.77583146915)) ;
#7581=CARTESIAN_POINT('Control Point',(26.7135319127,-19.5866260983,5.15641947963)) ;
#7582=CARTESIAN_POINT('Control Point',(30.2620107886,-13.4755874786,5.35175611081)) ;
#7583=CARTESIAN_POINT('Control Point',(32.0349049763,-6.73118104519,5.55339879362)) ;
#7584=CARTESIAN_POINT('Control Point',(32.0323092273,0.0123747856889,5.76107136989)) ;
#7585=CARTESIAN_POINT('Vertex',(32.0323092273,0.0123747856889,5.76107136989)) ;
#7589=CARTESIAN_POINT('Control Point',(-37.99191179,0.00620411958519,3.32005760576)) ;
#7590=CARTESIAN_POINT('Control Point',(-37.9932063853,-7.91413266429,3.52575556159)) ;
#7591=CARTESIAN_POINT('Control Point',(-35.930078334,-15.8346389015,3.73741498295)) ;
#7592=CARTESIAN_POINT('Control Point',(-31.8029319603,-23.0260365988,3.95475675342)) ;
#7593=CARTESIAN_POINT('Control Point',(-20.1802152285,-34.607443241,4.40070484402)) ;
#7594=CARTESIAN_POINT('Control Point',(-4.37502507441,-39.024389961,4.85869093312)) ;
#7595=CARTESIAN_POINT('Control Point',(3.9580547255,-39.0659971399,5.08913172165)) ;
#7596=CARTESIAN_POINT('Control Point',(19.8813051153,-34.7880514054,5.54942285498)) ;
#7597=CARTESIAN_POINT('Control Point',(31.653270932,-23.2396252296,5.99774555279)) ;
#7598=CARTESIAN_POINT('Control Point',(35.8599751987,-15.997703317,6.21729862014)) ;
#7599=CARTESIAN_POINT('Control Point',(37.9650950227,-8.00546435332,6.43112858793)) ;
#7600=CARTESIAN_POINT('Control Point',(37.9676907727,-0.0123747856889,6.63892863011)) ;
#7601=CARTESIAN_POINT('Vertex',(37.9676907727,-0.0123747856889,6.63892863011)) ;
#7605=CARTESIAN_POINT('Control Point',(32.0323092273,0.0123747856889,5.76107136989)) ;
#7606=CARTESIAN_POINT('Control Point',(31.7396901406,0.0129815695564,7.73954899218)) ;
#7607=CARTESIAN_POINT('Control Point',(32.967493826,0.007325112596,9.69018122673)) ;
#7608=CARTESIAN_POINT('Control Point',(35.4039920841,-0.00291136082798,10.3032647879)) ;
#7609=CARTESIAN_POINT('Control Point',(37.6165478686,-0.0116466450479,9.01310177686)) ;
#7610=CARTESIAN_POINT('Control Point',(37.9676907727,-0.0123747856889,6.63892863011)) ;
#7620=CARTESIAN_POINT('Control Point',(-37.99191179,0.00620411958519,3.32005760576)) ;
#7621=CARTESIAN_POINT('Control Point',(-38.1679578746,0.00638640046644,0.926523034704)) ;
#7622=CARTESIAN_POINT('Control Point',(-36.290714071,0.00237184133048,-0.815871749847)) ;
#7623=CARTESIAN_POINT('Control Point',(-33.7791161122,-0.00281724591563,-0.749926570168)) ;
#7624=CARTESIAN_POINT('Control Point',(-32.1547932805,-0.00605221885081,0.88533025168)) ;
#7625=CARTESIAN_POINT('Control Point',(-32.00808821,-0.00620411958518,2.87994239423)) ;
#7626=CARTESIAN_POINT('Control Point',(-37.9932063853,-7.91413266429,3.52575556159)) ;
#7627=CARTESIAN_POINT('Control Point',(-38.1692774669,-7.95065149012,1.13222003409)) ;
#7628=CARTESIAN_POINT('Control Point',(-36.2911872641,-7.56330871755,-0.610164551546)) ;
#7629=CARTESIAN_POINT('Control Point',(-33.7785078715,-7.04489385263,-0.544205726563)) ;
#7630=CARTESIAN_POINT('Control Point',(-32.1535195149,-6.7094990498,1.09105992009)) ;
#7631=CARTESIAN_POINT('Control Point',(-32.0067936135,-6.67906669494,3.08567285967)) ;
#7632=CARTESIAN_POINT('Control Point',(-35.9300783341,-15.8346389015,3.73741498295)) ;
#7633=CARTESIAN_POINT('Control Point',(-36.1013794941,-15.9078520688,1.34422926383)) ;
#7634=CARTESIAN_POINT('Control Point',(-34.3278999211,-15.129034394,-0.401885579929)) ;
#7635=CARTESIAN_POINT('Control Point',(-31.9504556238,-14.0868749564,-0.340917522091)) ;
#7636=CARTESIAN_POINT('Control Point',(-30.4097882949,-13.4127705156,1.2911204565)) ;
#7637=CARTESIAN_POINT('Control Point',(-30.2670373429,-13.3517595429,3.28544188062)) ;
#7638=CARTESIAN_POINT('Control Point',(-31.8029319603,-23.0260365988,3.95475675342)) ;
#7639=CARTESIAN_POINT('Control Point',(-31.9649438633,-23.1378765617,1.56226619469)) ;
#7640=CARTESIAN_POINT('Control Point',(-30.4016671313,-22.0073297445,-0.191318811894)) ;
#7641=CARTESIAN_POINT('Control Point',(-28.2956850572,-20.4892962577,-0.140340171353)) ;
#7642=CARTESIAN_POINT('Control Point',(-26.9240878776,-19.5039161902,1.4852407188)) ;
#7643=CARTESIAN_POINT('Control Point',(-26.7890779581,-19.4107162212,3.47898285122)) ;
#7644=CARTESIAN_POINT('Control Point',(-20.1802152285,-34.607443241,4.40070484402)) ;
#7645=CARTESIAN_POINT('Control Point',(-20.3029541808,-34.8010468247,2.01041327381)) ;
#7646=CARTESIAN_POINT('Control Point',(-19.322941087,-33.1178358591,0.235951158598)) ;
#7647=CARTESIAN_POINT('Control Point',(-17.9828569517,-30.8323187925,0.258771861689)) ;
#7648=CARTESIAN_POINT('Control Point',(-17.0969805023,-29.3319394969,1.86599199701)) ;
#7649=CARTESIAN_POINT('Control Point',(-16.9946980423,-29.170603177,3.8579016387)) ;
#7650=CARTESIAN_POINT('Control Point',(-4.37502507441,-39.024389961,4.85869093312)) ;
#7651=CARTESIAN_POINT('Control Point',(-4.4106757343,-39.2834424229,2.47200983046)) ;
#7652=CARTESIAN_POINT('Control Point',(-4.20021867761,-37.4133877296,0.669586260902)) ;
#7653=CARTESIAN_POINT('Control Point',(-3.90372486322,-34.8329576797,0.654070332669)) ;
#7654=CARTESIAN_POINT('Control Point',(-3.70206146814,-33.1119980085,2.23588151085)) ;
#7655=CARTESIAN_POINT('Control Point',(-3.67235258457,-32.896120957,4.22478242989)) ;
#7656=CARTESIAN_POINT('Control Point',(3.9580547255,-39.0659971399,5.08913172165)) ;
#7657=CARTESIAN_POINT('Control Point',(3.97995466552,-39.347922193,2.70456843628)) ;
#7658=CARTESIAN_POINT('Control Point',(3.79300715551,-37.4915962344,0.887552971012)) ;
#7659=CARTESIAN_POINT('Control Point',(3.53879157426,-34.9068840489,0.851811719562)) ;
#7660=CARTESIAN_POINT('Control Point',(3.37166226536,-33.168106702,2.42007582558)) ;
#7661=CARTESIAN_POINT('Control Point',(3.35341231493,-32.9331691575,4.4072118967)) ;
#7662=CARTESIAN_POINT('Control Point',(19.8813051153,-34.7880514054,5.54942285498)) ;
#7663=CARTESIAN_POINT('Control Point',(20.0355088719,-35.0757785099,3.16931757528)) ;
#7664=CARTESIAN_POINT('Control Point',(19.1054274276,-33.4477002467,1.32471692657)) ;
#7665=CARTESIAN_POINT('Control Point',(17.7982596003,-31.1428582574,1.25031481532)) ;
#7666=CARTESIAN_POINT('Control Point',(16.9111563996,-29.5681349944,2.79241040172)) ;
#7667=CARTESIAN_POINT('Control Point',(16.7826532695,-29.3283624076,4.77583146816)) ;
#7668=CARTESIAN_POINT('Control Point',(31.653270932,-23.2396252296,5.99774555279)) ;
#7669=CARTESIAN_POINT('Control Point',(31.9307592754,-23.449483035,3.62140654589)) ;
#7670=CARTESIAN_POINT('Control Point',(30.4691718314,-22.3717218617,1.75673851719)) ;
#7671=CARTESIAN_POINT('Control Point',(28.3820422045,-20.8277787025,1.65372130039)) ;
#7672=CARTESIAN_POINT('Control Point',(26.9447721993,-19.7615076031,3.1761369749)) ;
#7673=CARTESIAN_POINT('Control Point',(26.7135319127,-19.5866260983,5.15641948063)) ;
#7674=CARTESIAN_POINT('Control Point',(35.8599751987,-15.997703317,6.21729862014)) ;
#7675=CARTESIAN_POINT('Control Point',(36.1864323539,-16.1461914154,3.84239692513)) ;
#7676=CARTESIAN_POINT('Control Point',(34.538082345,-15.4044782015,1.9706149621)) ;
#7677=CARTESIAN_POINT('Control Point',(32.1715912465,-14.3381290919,1.85735784646)) ;
#7678=CARTESIAN_POINT('Control Point',(30.534058455,-13.5993275606,3.37267136935)) ;
#7679=CARTESIAN_POINT('Control Point',(30.2620107886,-13.4755874786,5.35175611081)) ;
#7680=CARTESIAN_POINT('Control Point',(37.9650950227,-8.00546435332,6.43112858793)) ;
#7681=CARTESIAN_POINT('Control Point',(38.3160336497,-8.08011611691,4.05694790017)) ;
#7682=CARTESIAN_POINT('Control Point',(36.5732627189,-7.70512285659,2.1815841769)) ;
#7683=CARTESIAN_POINT('Control Point',(34.0657940926,-7.16639525283,2.06317391758)) ;
#7684=CARTESIAN_POINT('Control Point',(32.3273538321,-6.79339084818,3.57491488716)) ;
#7685=CARTESIAN_POINT('Control Point',(32.0349049763,-6.73118104519,5.55339879362)) ;
#7686=CARTESIAN_POINT('Control Point',(37.9676907727,-0.0123747856889,6.63892863011)) ;
#7687=CARTESIAN_POINT('Control Point',(38.3188336768,-0.0131029263298,4.26475548337)) ;
#7688=CARTESIAN_POINT('Control Point',(36.5744684311,-0.00533849629789,2.3893542988)) ;
#7689=CARTESIAN_POINT('Control Point',(34.0648154013,0.00504967309296,2.27089014316)) ;
#7690=CARTESIAN_POINT('Control Point',(32.324928314,0.0117680018214,3.7825937476)) ;
#7691=CARTESIAN_POINT('Control Point',(32.0323092273,0.0123747856889,5.76107136989)) ;
#7693=CARTESIAN_POINT('Control Point',(37.9676907727,-0.0123747856889,6.63892863011)) ;
#7694=CARTESIAN_POINT('Control Point',(38.3188336768,-0.0131029263298,4.26475548337)) ;
#7695=CARTESIAN_POINT('Control Point',(36.5744684311,-0.00533849629788,2.3893542988)) ;
#7696=CARTESIAN_POINT('Control Point',(34.0648154013,0.00504967309297,2.27089014316)) ;
#7697=CARTESIAN_POINT('Control Point',(32.3249283141,0.0117680018214,3.7825937476)) ;
#7698=CARTESIAN_POINT('Control Point',(32.0323092273,0.0123747856889,5.76107136989)) ;
#7708=CARTESIAN_POINT('Control Point',(32.0323092273,0.0123747856889,5.76107136989)) ;
#7709=CARTESIAN_POINT('Control Point',(31.7396901406,0.0129815695564,7.73954899218)) ;
#7710=CARTESIAN_POINT('Control Point',(32.967493826,0.00732511259594,9.69018122673)) ;
#7711=CARTESIAN_POINT('Control Point',(35.4039920841,-0.00291136082807,10.3032647879)) ;
#7712=CARTESIAN_POINT('Control Point',(37.6165478686,-0.011646645048,9.01310177686)) ;
#7713=CARTESIAN_POINT('Control Point',(37.9676907727,-0.012374785689,6.63892863011)) ;
#7714=CARTESIAN_POINT('Control Point',(32.0297270264,6.69026147278,5.9668009227)) ;
#7715=CARTESIAN_POINT('Control Point',(31.7369921901,6.62986489132,7.94528013477)) ;
#7716=CARTESIAN_POINT('Control Point',(32.9659856952,6.88017313611,9.89590569879)) ;
#7717=CARTESIAN_POINT('Control Point',(35.4046213189,7.37788231938,10.5089760227)) ;
#7718=CARTESIAN_POINT('Control Point',(37.6189911706,7.83040658932,9.21880099107)) ;
#7719=CARTESIAN_POINT('Control Point',(37.9702729742,7.90288248708,6.8446259366)) ;
#7720=CARTESIAN_POINT('Control Point',(30.287817191,13.3676416602,6.16661735329)) ;
#7721=CARTESIAN_POINT('Control Point',(30.0069214709,13.2462307866,8.14451508209)) ;
#7722=CARTESIAN_POINT('Control Point',(31.1665154113,13.7527475929,10.0975803734)) ;
#7723=CARTESIAN_POINT('Control Point',(33.4736995794,14.7588234348,10.7154922053)) ;
#7724=CARTESIAN_POINT('Control Point',(35.5722530307,15.6729538946,9.42971369949)) ;
#7725=CARTESIAN_POINT('Control Point',(35.9093278557,15.8186469429,7.05623640637)) ;
#7726=CARTESIAN_POINT('Control Point',(26.8069929075,19.4309953438,6.36025374371)) ;
#7727=CARTESIAN_POINT('Control Point',(26.5496615305,19.2497767339,8.33699183449)) ;
#7728=CARTESIAN_POINT('Control Point',(27.5690301824,19.9848735023,10.2949446302)) ;
#7729=CARTESIAN_POINT('Control Point',(29.6110864382,21.451659595,10.9225485023)) ;
#7730=CARTESIAN_POINT('Control Point',(31.476329682,22.7881852174,9.64556731888)) ;
#7731=CARTESIAN_POINT('Control Point',(31.7851273342,23.0056475483,7.27348161075)) ;
#7732=CARTESIAN_POINT('Control Point',(17.0046804807,29.198939739,6.73946399873)) ;
#7733=CARTESIAN_POINT('Control Point',(16.8246461085,28.9051844144,8.71273562666)) ;
#7734=CARTESIAN_POINT('Control Point',(17.4585466853,29.9931612601,10.6842664747)) ;
#7735=CARTESIAN_POINT('Control Point',(18.7550934766,32.19812977,11.3391223837)) ;
#7736=CARTESIAN_POINT('Control Point',(19.9543618448,34.2264843708,10.0870626453)) ;
#7737=CARTESIAN_POINT('Control Point',(20.1704030918,34.5789907611,7.71913669097)) ;
#7738=CARTESIAN_POINT('Control Point',(3.67031553619,32.9288337145,7.10679827507)) ;
#7739=CARTESIAN_POINT('Control Point',(3.62334856167,32.5637154234,9.07484170874)) ;
#7740=CARTESIAN_POINT('Control Point',(3.75900388898,33.7599296842,11.064347081)) ;
#7741=CARTESIAN_POINT('Control Point',(4.0477187337,36.2404445062,11.756131457)) ;
#7742=CARTESIAN_POINT('Control Point',(4.32096088634,38.553462825,10.538319868)) ;
#7743=CARTESIAN_POINT('Control Point',(4.37732125551,38.9916047735,8.17666774841)) ;
#7744=CARTESIAN_POINT('Control Point',(-3.36249599154,32.9666916575,7.28948671144)) ;
#7745=CARTESIAN_POINT('Control Point',(-3.32966902109,32.582418724,9.25459614518)) ;
#7746=CARTESIAN_POINT('Control Point',(-3.44749741809,33.7626435729,11.2534075627)) ;
#7747=CARTESIAN_POINT('Control Point',(-3.68764737336,36.2420488996,11.9646140135)) ;
#7748=CARTESIAN_POINT('Control Point',(-3.90931161078,38.5714188012,10.7649806837)) ;
#7749=CARTESIAN_POINT('Control Point',(-3.94870397512,39.0325463217,8.40684936305)) ;
#7750=CARTESIAN_POINT('Control Point',(-16.8065946384,29.3589262755,7.65863992403)) ;
#7751=CARTESIAN_POINT('Control Point',(-16.6028134075,28.9862260447,9.61780290006)) ;
#7752=CARTESIAN_POINT('Control Point',(-17.1871596359,30.0097813253,11.6340628192)) ;
#7753=CARTESIAN_POINT('Control Point',(-18.4327783246,32.2126404339,12.3822787165)) ;
#7754=CARTESIAN_POINT('Control Point',(-19.6126763836,34.3103579283,11.2176047559)) ;
#7755=CARTESIAN_POINT('Control Point',(-19.8572138609,34.7575982051,8.86660918488)) ;
#7756=CARTESIAN_POINT('Control Point',(-26.7494153838,19.6056685502,8.03966590617)) ;
#7757=CARTESIAN_POINT('Control Point',(-26.3981111893,19.3418125888,9.99404259726)) ;
#7758=CARTESIAN_POINT('Control Point',(-27.3076942185,20.014685652,12.0228297878)) ;
#7759=CARTESIAN_POINT('Control Point',(-29.2920715264,21.4879487063,12.7983061838)) ;
#7760=CARTESIAN_POINT('Control Point',(-31.1957471475,22.9040295152,11.6597482786)) ;
#7761=CARTESIAN_POINT('Control Point',(-31.6173121807,23.2206566691,9.3144962491)) ;
#7762=CARTESIAN_POINT('Control Point',(-30.3021072955,13.4868254907,8.235166215)) ;
#7763=CARTESIAN_POINT('Control Point',(-29.8939824142,13.3016066829,10.1877562811)) ;
#7764=CARTESIAN_POINT('Control Point',(-30.9163056152,13.7644898553,12.2209520405)) ;
#7765=CARTESIAN_POINT('Control Point',(-33.164344109,14.7829202197,13.0061582174)) ;
#7766=CARTESIAN_POINT('Control Point',(-35.3300872701,15.7643614382,11.8769921023)) ;
#7767=CARTESIAN_POINT('Control Point',(-35.8198370922,15.9866240076,9.53388402286)) ;
#7768=CARTESIAN_POINT('Control Point',(-32.0764085884,6.73358169183,8.43689254199)) ;
#7769=CARTESIAN_POINT('Control Point',(-31.6397820175,6.64022990664,10.3885853647)) ;
#7770=CARTESIAN_POINT('Control Point',(-32.7195294736,6.87593761063,12.4240015948)) ;
#7771=CARTESIAN_POINT('Control Point',(-35.1012773282,7.39325283085,13.2141048812)) ;
#7772=CARTESIAN_POINT('Control Point',(-37.3996395258,7.8911216137,12.0896639699)) ;
#7773=CARTESIAN_POINT('Control Point',(-37.9235914109,8.00314375593,9.74763258267)) ;
#7774=CARTESIAN_POINT('Control Point',(-32.0725324487,-0.0184787252157,8.64456711017)) ;
#7775=CARTESIAN_POINT('Control Point',(-31.6355771888,-0.0198409218214,10.596250549)) ;
#7776=CARTESIAN_POINT('Control Point',(-32.7169751121,-0.0117934812436,12.6316900028)) ;
#7777=CARTESIAN_POINT('Control Point',(-35.1019119973,0.00343518186035,13.4218445076)) ;
#7778=CARTESIAN_POINT('Control Point',(-37.4031212394,0.0168440892887,12.2974530164)) ;
#7779=CARTESIAN_POINT('Control Point',(-37.9274675512,0.0184787252156,9.95543288984)) ;
#7781=CARTESIAN_POINT('Control Point',(32.0323092273,0.0123747856889,5.76107136989)) ;
#7782=CARTESIAN_POINT('Control Point',(32.0297270264,6.69026147278,5.9668009227)) ;
#7783=CARTESIAN_POINT('Control Point',(30.287817191,13.3676416602,6.16661735329)) ;
#7784=CARTESIAN_POINT('Control Point',(26.8069929075,19.4309953438,6.36025374371)) ;
#7785=CARTESIAN_POINT('Control Point',(17.0046804807,29.198939739,6.73946399873)) ;
#7786=CARTESIAN_POINT('Control Point',(3.67031553619,32.9288337145,7.10679827507)) ;
#7787=CARTESIAN_POINT('Control Point',(-3.36249599154,32.9666916575,7.28948671144)) ;
#7788=CARTESIAN_POINT('Control Point',(-16.8065946384,29.3589262755,7.65863992403)) ;
#7789=CARTESIAN_POINT('Control Point',(-26.7494153838,19.6056685502,8.03966590617)) ;
#7790=CARTESIAN_POINT('Control Point',(-30.3021072955,13.4868254907,8.235166215)) ;
#7791=CARTESIAN_POINT('Control Point',(-32.0764085884,6.73358169183,8.43689254199)) ;
#7792=CARTESIAN_POINT('Control Point',(-32.0725324487,-0.0184787252157,8.64456711017)) ;
#7793=CARTESIAN_POINT('Vertex',(-32.0725324487,-0.0184787252157,8.64456711017)) ;
#7797=CARTESIAN_POINT('Control Point',(37.9676907727,-0.012374785689,6.63892863011)) ;
#7798=CARTESIAN_POINT('Control Point',(37.9702729742,7.90288248708,6.8446259366)) ;
#7799=CARTESIAN_POINT('Control Point',(35.9093278557,15.8186469429,7.05623640637)) ;
#7800=CARTESIAN_POINT('Control Point',(31.7851273342,23.0056475483,7.27348161075)) ;
#7801=CARTESIAN_POINT('Control Point',(20.1704030918,34.5789907611,7.71913669097)) ;
#7802=CARTESIAN_POINT('Control Point',(4.37732125551,38.9916047735,8.17666774842)) ;
#7803=CARTESIAN_POINT('Control Point',(-3.94870397512,39.0325463217,8.40684936305)) ;
#7804=CARTESIAN_POINT('Control Point',(-19.8572138609,34.7575982051,8.86660918488)) ;
#7805=CARTESIAN_POINT('Control Point',(-31.6173121807,23.2206566691,9.3144962491)) ;
#7806=CARTESIAN_POINT('Control Point',(-35.8198370922,15.9866240076,9.53388402286)) ;
#7807=CARTESIAN_POINT('Control Point',(-37.9235914109,8.00314375593,9.74763258267)) ;
#7808=CARTESIAN_POINT('Control Point',(-37.9274675512,0.0184787252156,9.95543288984)) ;
#7809=CARTESIAN_POINT('Vertex',(-37.9274675512,0.0184787252156,9.95543288984)) ;
#7813=CARTESIAN_POINT('Control Point',(-32.0725324487,-0.0184787252157,8.64456711017)) ;
#7814=CARTESIAN_POINT('Control Point',(-31.6355771888,-0.0198409218214,10.596250549)) ;
#7815=CARTESIAN_POINT('Control Point',(-32.7169751121,-0.0117934812436,12.6316900028)) ;
#7816=CARTESIAN_POINT('Control Point',(-35.1019119973,0.00343518186035,13.4218445076)) ;
#7817=CARTESIAN_POINT('Control Point',(-37.4031212394,0.0168440892887,12.2974530164)) ;
#7818=CARTESIAN_POINT('Control Point',(-37.9274675512,0.0184787252156,9.95543288984)) ;
#7828=CARTESIAN_POINT('Control Point',(37.9676907727,-0.012374785689,6.63892863011)) ;
#7829=CARTESIAN_POINT('Control Point',(38.3188336768,-0.0131029263299,4.26475548337)) ;
#7830=CARTESIAN_POINT('Control Point',(36.5744684311,-0.00533849629794,2.3893542988)) ;
#7831=CARTESIAN_POINT('Control Point',(34.0648154013,0.00504967309293,2.27089014316)) ;
#7832=CARTESIAN_POINT('Control Point',(32.324928314,0.0117680018214,3.7825937476)) ;
#7833=CARTESIAN_POINT('Control Point',(32.0323092273,0.0123747856889,5.76107136989)) ;
#7834=CARTESIAN_POINT('Control Point',(37.9702729742,7.90288248708,6.8446259366)) ;
#7835=CARTESIAN_POINT('Control Point',(38.3215547778,7.97535838484,4.47045088214)) ;
#7836=CARTESIAN_POINT('Control Point',(36.5755606643,7.61946864525,2.59505917453)) ;
#7837=CARTESIAN_POINT('Control Point',(34.0637413315,7.1066603166,2.47660865358)) ;
#7838=CARTESIAN_POINT('Control Point',(32.3224618627,6.75065805425,3.98832171065)) ;
#7839=CARTESIAN_POINT('Control Point',(32.0297270264,6.69026147278,5.9668009227)) ;
#7840=CARTESIAN_POINT('Control Point',(35.9093278557,15.8186469429,7.05623640637)) ;
#7841=CARTESIAN_POINT('Control Point',(36.2464026807,15.9643399912,4.68275911325)) ;
#7842=CARTESIAN_POINT('Control Point',(34.5972823295,15.2444669292,2.80390122827)) ;
#7843=CARTESIAN_POINT('Control Point',(32.2198742444,14.2080383689,2.68046383623)) ;
#7844=CARTESIAN_POINT('Control Point',(30.5687128589,13.4890525338,4.18871960365)) ;
#7845=CARTESIAN_POINT('Control Point',(30.287817191,13.3676416602,6.16661735329)) ;
#7846=CARTESIAN_POINT('Control Point',(31.7851273342,23.0056475483,7.27348161075)) ;
#7847=CARTESIAN_POINT('Control Point',(32.0939249864,23.2231098793,4.90139590261)) ;
#7848=CARTESIAN_POINT('Control Point',(30.6404119456,22.1765340316,3.01559614188)) ;
#7849=CARTESIAN_POINT('Control Point',(28.5340228456,20.6644432869,2.88217679242)) ;
#7850=CARTESIAN_POINT('Control Point',(27.0643242842,19.612213953,4.38351565472)) ;
#7851=CARTESIAN_POINT('Control Point',(26.8069929075,19.4309953438,6.36025374469)) ;
#7852=CARTESIAN_POINT('Control Point',(20.1704030918,34.5789907611,7.71913669097)) ;
#7853=CARTESIAN_POINT('Control Point',(20.3864443387,34.9314971515,5.35121073664)) ;
#7854=CARTESIAN_POINT('Control Point',(19.4752309664,33.3731510712,3.44603586931)) ;
#7855=CARTESIAN_POINT('Control Point',(18.133675582,31.0947437297,3.28449786724)) ;
#7856=CARTESIAN_POINT('Control Point',(17.1847148533,29.4926950642,4.766192369)) ;
#7857=CARTESIAN_POINT('Control Point',(17.0046804807,29.198939739,6.73946399775)) ;
#7858=CARTESIAN_POINT('Control Point',(4.37732125551,38.9916047735,8.17666774841)) ;
#7859=CARTESIAN_POINT('Control Point',(4.43368162469,39.429746722,5.81501562882)) ;
#7860=CARTESIAN_POINT('Control Point',(4.23558663095,37.7009176678,3.88395772501)) ;
#7861=CARTESIAN_POINT('Control Point',(3.93513004269,35.1291232736,3.68418420746)) ;
#7862=CARTESIAN_POINT('Control Point',(3.71728251038,33.293952005,5.13875484321)) ;
#7863=CARTESIAN_POINT('Control Point',(3.67031553619,32.9288337145,7.10679827606)) ;
#7864=CARTESIAN_POINT('Control Point',(-3.94870397512,39.0325463217,8.40684936305)) ;
#7865=CARTESIAN_POINT('Control Point',(-3.98809633946,39.4936738421,6.04871804236)) ;
#7866=CARTESIAN_POINT('Control Point',(-3.81895525449,37.7791406343,4.10417627786)) ;
#7867=CARTESIAN_POINT('Control Point',(-3.57059855678,35.2036670741,3.88424718527)) ;
#7868=CARTESIAN_POINT('Control Point',(-3.39532296199,33.350964591,5.32437727671)) ;
#7869=CARTESIAN_POINT('Control Point',(-3.36249599154,32.9666916575,7.28948671045)) ;
#7870=CARTESIAN_POINT('Control Point',(-19.8572138609,34.7575982051,8.86660918488)) ;
#7871=CARTESIAN_POINT('Control Point',(-20.1017513381,35.2048384819,6.51561361385)) ;
#7872=CARTESIAN_POINT('Control Point',(-19.2479032488,33.7034413565,4.54562681305)) ;
#7873=CARTESIAN_POINT('Control Point',(-17.9513392521,31.4074071904,4.28720166)) ;
#7874=CARTESIAN_POINT('Control Point',(-17.0103758693,29.7316265063,5.699476949)) ;
#7875=CARTESIAN_POINT('Control Point',(-16.8065946384,29.3589262755,7.65863992502)) ;
#7876=CARTESIAN_POINT('Control Point',(-31.6173121807,23.2206566691,9.3144962491)) ;
#7877=CARTESIAN_POINT('Control Point',(-32.0388772139,23.5372838231,6.96924421959)) ;
#7878=CARTESIAN_POINT('Control Point',(-30.6972883038,22.5433725527,4.98079941877)) ;
#7879=CARTESIAN_POINT('Control Point',(-28.6250849475,21.0041455079,4.6939171953)) ;
#7880=CARTESIAN_POINT('Control Point',(-27.1007195783,19.8695245116,6.08528921408)) ;
#7881=CARTESIAN_POINT('Control Point',(-26.7494153838,19.6056685502,8.03966590517)) ;
#7882=CARTESIAN_POINT('Control Point',(-35.8198370922,15.9866240076,9.53388402286)) ;
#7883=CARTESIAN_POINT('Control Point',(-36.3095869142,16.2088865769,7.19077594346)) ;
#7884=CARTESIAN_POINT('Control Point',(-34.7968435157,15.5237954508,5.19579795275)) ;
#7885=CARTESIAN_POINT('Control Point',(-32.4467738099,14.4590603845,4.89873928521)) ;
#7886=CARTESIAN_POINT('Control Point',(-30.7102321198,13.6720442985,6.28257612964)) ;
#7887=CARTESIAN_POINT('Control Point',(-30.3021072955,13.4868254907,8.2351661791)) ;
#7888=CARTESIAN_POINT('Control Point',(-37.9235914109,8.00314375593,9.74763258267)) ;
#7889=CARTESIAN_POINT('Control Point',(-38.447543296,8.11516589815,7.4056011954)) ;
#7890=CARTESIAN_POINT('Control Point',(-36.8477836119,7.7666599716,5.40733359033)) ;
#7891=CARTESIAN_POINT('Control Point',(-34.3568791145,7.22600680508,5.10515350955)) ;
#7892=CARTESIAN_POINT('Control Point',(-32.5130351593,6.82693347702,6.48519971927)) ;
#7893=CARTESIAN_POINT('Control Point',(-32.0764085884,6.73358169183,8.43689254199)) ;
#7894=CARTESIAN_POINT('Control Point',(-37.9274675512,0.0184787252156,9.95543288984)) ;
#7895=CARTESIAN_POINT('Control Point',(-38.4518138631,0.0201133611424,7.61341276328)) ;
#7896=CARTESIAN_POINT('Control Point',(-36.8497330368,0.00888396828329,5.61511075235)) ;
#7897=CARTESIAN_POINT('Control Point',(-34.3555573366,-0.0066852439721,5.31287710734)) ;
#7898=CARTESIAN_POINT('Control Point',(-32.5094877086,-0.0171165286099,6.69288367137)) ;
#7899=CARTESIAN_POINT('Control Point',(-32.0725324487,-0.0184787252157,8.64456711017)) ;
#7901=CARTESIAN_POINT('Control Point',(-37.9274675512,0.0184787252156,9.95543288984)) ;
#7902=CARTESIAN_POINT('Control Point',(-38.4518138631,0.0201133611424,7.61341276328)) ;
#7903=CARTESIAN_POINT('Control Point',(-36.8497330368,0.00888396828329,5.61511075235)) ;
#7904=CARTESIAN_POINT('Control Point',(-34.3555573366,-0.0066852439721,5.31287710734)) ;
#7905=CARTESIAN_POINT('Control Point',(-32.5094877086,-0.0171165286099,6.69288367137)) ;
#7906=CARTESIAN_POINT('Control Point',(-32.0725324487,-0.0184787252157,8.64456711017)) ;
#7915=CARTESIAN_POINT('Axis2P3D Location',(-0.846211902044,-0.215585127515,1.65328295197)) ;
#7935=CARTESIAN_POINT('NONE',(0.,0.,0.)) ;
#7936=CARTESIAN_POINT('NONE',(0.,0.,0.)) ;
#7950=CARTESIAN_POINT('NONE',(0.,0.,0.)) ;
#7951=CARTESIAN_POINT('NONE',(35.,-61.,0.)) ;
#64=DIRECTION('Axis2P3D Direction',(0.,0.,-1.)) ;
#65=DIRECTION('Axis2P3D XDirection',(1.,0.,0.)) ;
#69=DIRECTION('Vector Direction',(0.,0.,-1.)) ;
#78=DIRECTION('Axis2P3D Direction',(0.,0.,-1.)) ;
#85=DIRECTION('Vector Direction',(0.,0.,-1.)) ;
#92=DIRECTION('Axis2P3D Direction',(0.,0.,-1.)) ;
#104=DIRECTION('Axis2P3D Direction',(0.,0.,-1.)) ;
#105=DIRECTION('Axis2P3D XDirection',(-1.,-1.22460635382E-016,0.)) ;
#109=DIRECTION('Axis2P3D Direction',(0.,0.,-1.)) ;
#114=DIRECTION('Axis2P3D Direction',(0.,0.,-1.)) ;
#126=DIRECTION('Axis2P3D Direction',(0.,0.,-1.)) ;
#127=DIRECTION('Axis2P3D XDirection',(1.,0.,0.)) ;
#131=DIRECTION('Vector Direction',(-1.,0.,0.)) ;
#140=DIRECTION('Axis2P3D Direction',(0.,0.,-1.)) ;
#147=DIRECTION('Vector Direction',(0.,1.,0.)) ;
#154=DIRECTION('Axis2P3D Direction',(0.,0.,-1.)) ;
#161=DIRECTION('Vector Direction',(1.,0.,0.)) ;
#168=DIRECTION('Axis2P3D Direction',(0.,0.,-1.)) ;
#175=DIRECTION('Vector Direction',(0.,-1.,0.)) ;
#182=DIRECTION('Axis2P3D Direction',(0.,0.,-1.)) ;
#202=DIRECTION('Axis2P3D Direction',(0.,0.,-1.)) ;
#203=DIRECTION('Axis2P3D XDirection',(1.,0.,0.)) ;
#212=DIRECTION('Axis2P3D Direction',(0.,-1.,0.)) ;
#213=DIRECTION('Axis2P3D XDirection',(-1.,-0.,0.)) ;
#217=DIRECTION('Vector Direction',(-1.,0.,0.)) ;
#226=DIRECTION('Vector Direction',(0.,0.,-1.)) ;
#231=DIRECTION('Vector Direction',(0.,0.,-1.)) ;
#243=DIRECTION('Axis2P3D Direction',(0.,0.,-1.)) ;
#244=DIRECTION('Axis2P3D XDirection',(-1.83690953073E-016,1.,0.)) ;
#248=DIRECTION('Vector Direction',(0.,0.,-1.)) ;
#255=DIRECTION('Axis2P3D Direction',(0.,0.,-1.)) ;
#267=DIRECTION('Axis2P3D Direction',(-1.,0.,0.)) ;
#268=DIRECTION('Axis2P3D XDirection',(0.,1.,0.)) ;
#272=DIRECTION('Vector Direction',(0.,1.,0.)) ;
#281=DIRECTION('Vector Direction',(0.,0.,-1.)) ;
#288=DIRECTION('Vector Direction',(0.,1.,0.)) ;
#295=DIRECTION('Vector Direction',(0.,0.,-1.)) ;
#302=DIRECTION('Vector Direction',(0.,1.,0.)) ;
#309=DIRECTION('Vector Direction',(0.,0.,-1.)) ;
#314=DIRECTION('Vector Direction',(0.,-1.,0.)) ;
#321=DIRECTION('Vector Direction',(0.,0.,-1.)) ;
#328=DIRECTION('Vector Direction',(0.,-1.,0.)) ;
#335=DIRECTION('Vector Direction',(0.,0.,-1.)) ;
#355=DIRECTION('Axis2P3D Direction',(0.,0.,-1.)) ;
#356=DIRECTION('Axis2P3D XDirection',(1.,1.83690953073E-016,0.)) ;
#360=DIRECTION('Vector Direction',(0.,0.,-1.)) ;
#367=DIRECTION('Axis2P3D Direction',(0.,0.,-1.)) ;
#379=DIRECTION('Axis2P3D Direction',(-0.,1.,0.)) ;
#380=DIRECTION('Axis2P3D XDirection',(1.,0.,0.)) ;
#384=DIRECTION('Vector Direction',(1.,0.,0.)) ;
#391=DIRECTION('Vector Direction',(0.,0.,-1.)) ;
#403=DIRECTION('Axis2P3D Direction',(0.,0.,-1.)) ;
#404=DIRECTION('Axis2P3D XDirection',(1.83690953073E-016,-1.,-0.)) ;
#408=DIRECTION('Vector Direction',(0.,0.,-1.)) ;
#415=DIRECTION('Axis2P3D Direction',(0.,0.,-1.)) ;
#427=DIRECTION('Axis2P3D Direction',(1.,0.,0.)) ;
#428=DIRECTION('Axis2P3D XDirection',(0.,-1.,0.)) ;
#432=DIRECTION('Vector Direction',(0.,-1.,0.)) ;
#441=DIRECTION('Vector Direction',(0.,0.,-1.)) ;
#448=DIRECTION('Vector Direction',(0.,-1.,0.)) ;
#455=DIRECTION('Vector Direction',(0.,0.,-1.)) ;
#462=DIRECTION('Vector Direction',(0.,-1.,0.)) ;
#469=DIRECTION('Vector Direction',(0.,0.,-1.)) ;
#474=DIRECTION('Vector Direction',(0.,1.,0.)) ;
#481=DIRECTION('Vector Direction',(0.,0.,-1.)) ;
#488=DIRECTION('Vector Direction',(0.,1.,0.)) ;
#495=DIRECTION('Vector Direction',(0.,0.,-1.)) ;
#515=DIRECTION('Axis2P3D Direction',(-0.,0.,-1.)) ;
#516=DIRECTION('Axis2P3D XDirection',(-1.,-1.83690953073E-016,0.)) ;
#520=DIRECTION('Axis2P3D Direction',(-0.,0.,-1.)) ;
#532=DIRECTION('Axis2P3D Direction',(-0.,0.,1.)) ;
#533=DIRECTION('Axis2P3D XDirection',(1.,0.,0.)) ;
#537=DIRECTION('Vector Direction',(1.,0.,0.)) ;
#544=DIRECTION('Axis2P3D Direction',(-0.,0.,1.)) ;
#551=DIRECTION('Vector Direction',(1.,0.,0.)) ;
#567=DIRECTION('Axis2P3D Direction',(-0.,0.,1.)) ;
#568=DIRECTION('Axis2P3D XDirection',(1.,0.,0.)) ;
#572=DIRECTION('Vector Direction',(0.,1.,0.)) ;
#581=DIRECTION('Axis2P3D Direction',(-0.,0.,1.)) ;
#588=DIRECTION('Vector Direction',(0.,1.,0.)) ;
#595=DIRECTION('Vector Direction',(-1.,0.,0.)) ;
#638=DIRECTION('Vector Direction',(-1.,0.,0.)) ;
#654=DIRECTION('Vector Direction',(0.,0.,-1.)) ;
#661=DIRECTION('Axis2P3D Direction',(0.,0.,-1.)) ;
#673=DIRECTION('Axis2P3D Direction',(-0.,0.,1.)) ;
#674=DIRECTION('Axis2P3D XDirection',(1.,0.,0.)) ;
#678=DIRECTION('Vector Direction',(1.,0.,0.)) ;
#685=DIRECTION('Axis2P3D Direction',(-0.,0.,1.)) ;
#690=DIRECTION('Vector Direction',(1.,0.,0.)) ;
#697=DIRECTION('Axis2P3D Direction',(-0.,0.,1.)) ;
#704=DIRECTION('Axis2P3D Direction',(-0.,0.,1.)) ;
#711=DIRECTION('Vector Direction',(1.,0.,0.)) ;
#728=DIRECTION('Axis2P3D Direction',(0.,-1.,0.)) ;
#729=DIRECTION('Axis2P3D XDirection',(1.,0.,0.)) ;
#733=DIRECTION('Vector Direction',(0.,0.,1.)) ;
#740=DIRECTION('Vector Direction',(1.,0.,0.)) ;
#752=DIRECTION('Axis2P3D Direction',(-0.,0.,1.)) ;
#759=DIRECTION('Axis2P3D Direction',(-0.,0.,1.)) ;
#766=DIRECTION('Vector Direction',(1.,0.,0.)) ;
#783=DIRECTION('Axis2P3D Direction',(0.,-1.,0.)) ;
#784=DIRECTION('Axis2P3D XDirection',(1.,0.,0.)) ;
#788=DIRECTION('Vector Direction',(0.,0.,1.)) ;
#795=DIRECTION('Vector Direction',(1.,0.,0.)) ;
#807=DIRECTION('Axis2P3D Direction',(-0.,0.,1.)) ;
#814=DIRECTION('Vector Direction',(-1.,0.,0.)) ;
#821=DIRECTION('Axis2P3D Direction',(-0.,0.,1.)) ;
#826=DIRECTION('Axis2P3D Direction',(-0.,0.,1.)) ;
#833=DIRECTION('Vector Direction',(1.,0.,0.)) ;
#849=DIRECTION('Vector Direction',(0.,0.,-1.)) ;
#861=DIRECTION('Vector Direction',(0.,1.,0.)) ;
#870=DIRECTION('Axis2P3D Direction',(-0.,0.,1.)) ;
#877=DIRECTION('Vector Direction',(0.,1.,0.)) ;
#884=DIRECTION('Vector Direction',(1.,0.,0.)) ;
#927=DIRECTION('Vector Direction',(1.,0.,0.)) ;
#943=DIRECTION('Vector Direction',(0.,0.,-1.)) ;
#955=DIRECTION('Vector Direction',(0.,0.,1.)) ;
#967=DIRECTION('Vector Direction',(0.,0.,1.)) ;
#979=DIRECTION('Vector Direction',(0.,0.,-1.)) ;
#991=DIRECTION('Axis2P3D Direction',(-0.,0.,1.)) ;
#992=DIRECTION('Axis2P3D XDirection',(0.986013297183,0.166666666667,0.)) ;
#1003=DIRECTION('Axis2P3D Direction',(-1.,0.,0.)) ;
#1004=DIRECTION('Axis2P3D XDirection',(0.,1.,0.)) ;
#1008=DIRECTION('Vector Direction',(0.,0.,1.)) ;
#1015=DIRECTION('Vector Direction',(0.,1.,0.)) ;
#1022=DIRECTION('Vector Direction',(0.,0.,1.)) ;
#1034=DIRECTION('Axis2P3D Direction',(0.,0.,1.)) ;
#1035=DIRECTION('Axis2P3D XDirection',(0.166666666667,-0.986013297183,0.)) ;
#1039=DIRECTION('Axis2P3D Direction',(0.,0.,1.)) ;
#1046=DIRECTION('Vector Direction',(0.,0.,1.)) ;
#1058=DIRECTION('Vector Direction',(0.,0.,1.)) ;
#1065=DIRECTION('Vector Direction',(0.,1.,0.)) ;
#1077=DIRECTION('Vector Direction',(1.,0.,0.)) ;
#1086=DIRECTION('Vector Direction',(0.,0.,-1.)) ;
#1093=DIRECTION('Vector Direction',(1.,0.,0.)) ;
#1100=DIRECTION('Vector Direction',(0.,0.,1.)) ;
#1105=DIRECTION('Vector Direction',(-1.,0.,0.)) ;
#1112=DIRECTION('Vector Direction',(0.,0.,-1.)) ;
#1132=DIRECTION('Vector Direction',(-1.,0.,0.)) ;
#1141=DIRECTION('Vector Direction',(0.,0.,-1.)) ;
#1148=DIRECTION('Vector Direction',(-1.,0.,0.)) ;
#1153=DIRECTION('Vector Direction',(0.,0.,1.)) ;
#1160=DIRECTION('Vector Direction',(1.,0.,0.)) ;
#1167=DIRECTION('Vector Direction',(0.,0.,-1.)) ;
#1187=DIRECTION('Axis2P3D Direction',(0.,0.,1.)) ;
#1188=DIRECTION('Axis2P3D XDirection',(-0.166666666667,0.986013297183,0.)) ;
#1192=DIRECTION('Vector Direction',(0.,0.,1.)) ;
#1211=DIRECTION('Axis2P3D Direction',(-1.,0.,0.)) ;
#1212=DIRECTION('Axis2P3D XDirection',(0.,1.,0.)) ;
#1216=DIRECTION('Vector Direction',(0.,1.,0.)) ;
#1223=DIRECTION('Vector Direction',(0.,0.,1.)) ;
#1235=DIRECTION('Axis2P3D Direction',(0.,0.,1.)) ;
#1242=DIRECTION('Vector Direction',(0.,0.,1.)) ;
#1254=DIRECTION('Vector Direction',(0.,1.,0.)) ;
#1266=DIRECTION('Axis2P3D Direction',(-0.,0.,1.)) ;
#1267=DIRECTION('Axis2P3D XDirection',(1.,0.,0.)) ;
#1271=DIRECTION('Axis2P3D Direction',(-0.,0.,1.)) ;
#1278=DIRECTION('Vector Direction',(0.,1.,0.)) ;
#1285=DIRECTION('Axis2P3D Direction',(-0.,0.,1.)) ;
#1301=DIRECTION('Axis2P3D Direction',(-0.,0.,1.)) ;
#1302=DIRECTION('Axis2P3D XDirection',(1.,0.,0.)) ;
#1306=DIRECTION('Vector Direction',(1.,0.,0.)) ;
#1315=DIRECTION('Axis2P3D Direction',(-0.,0.,1.)) ;
#1322=DIRECTION('Axis2P3D Direction',(-0.,0.,1.)) ;
#1329=DIRECTION('Vector Direction',(1.,0.,0.)) ;
#1336=DIRECTION('Vector Direction',(0.,1.,0.)) ;
#1379=DIRECTION('Vector Direction',(0.,1.,0.)) ;
#1396=DIRECTION('Vector Direction',(0.,0.,-1.)) ;
#1403=DIRECTION('Axis2P3D Direction',(0.,0.,-1.)) ;
#1415=DIRECTION('Vector Direction',(0.,-1.,0.)) ;
#1422=DIRECTION('Axis2P3D Direction',(-0.,0.,1.)) ;
#1438=DIRECTION('Vector Direction',(0.,0.,-1.)) ;
#1450=DIRECTION('Vector Direction',(1.,0.,0.)) ;
#1459=DIRECTION('Axis2P3D Direction',(-0.,0.,1.)) ;
#1466=DIRECTION('Vector Direction',(1.,0.,0.)) ;
#1473=DIRECTION('Vector Direction',(0.,-1.,0.)) ;
#1516=DIRECTION('Vector Direction',(0.,-1.,0.)) ;
#1532=DIRECTION('Vector Direction',(0.,0.,-1.)) ;
#1544=DIRECTION('Vector Direction',(0.,0.,-1.)) ;
#1556=DIRECTION('Vector Direction',(0.,1.,0.)) ;
#1565=DIRECTION('Vector Direction',(0.,0.,-1.)) ;
#1572=DIRECTION('Vector Direction',(0.,1.,0.)) ;
#1579=DIRECTION('Vector Direction',(0.,0.,-1.)) ;
#1584=DIRECTION('Vector Direction',(0.,0.,-1.)) ;
#1591=DIRECTION('Vector Direction',(0.,-1.,0.)) ;
#1598=DIRECTION('Vector Direction',(0.,0.,-1.)) ;
#1618=DIRECTION('Vector Direction',(1.,0.,0.)) ;
#1625=DIRECTION('Vector Direction',(0.,0.,1.)) ;
#1637=DIRECTION('Vector Direction',(0.,0.,1.)) ;
#1644=DIRECTION('Axis2P3D Direction',(0.,0.,1.)) ;
#1656=DIRECTION('Axis2P3D Direction',(0.,0.,1.)) ;
#1663=DIRECTION('Vector Direction',(0.,0.,1.)) ;
#1675=DIRECTION('Vector Direction',(1.,0.,0.)) ;
#1682=DIRECTION('Vector Direction',(0.,0.,-1.)) ;
#1694=DIRECTION('Vector Direction',(0.,-1.,0.)) ;
#1703=DIRECTION('Vector Direction',(0.,0.,-1.)) ;
#1710=DIRECTION('Vector Direction',(0.,-1.,0.)) ;
#1717=DIRECTION('Vector Direction',(0.,0.,-1.)) ;
#1722=DIRECTION('Vector Direction',(0.,1.,0.)) ;
#1729=DIRECTION('Vector Direction',(0.,0.,-1.)) ;
#1749=DIRECTION('Vector Direction',(1.,0.,0.)) ;
#1756=DIRECTION('Vector Direction',(0.,0.,1.)) ;
#1768=DIRECTION('Axis2P3D Direction',(-0.,0.,1.)) ;
#1775=DIRECTION('Vector Direction',(0.,0.,1.)) ;
#1787=DIRECTION('Vector Direction',(1.,0.,0.)) ;
#1799=DIRECTION('Axis2P3D Direction',(-0.,0.,1.)) ;
#1800=DIRECTION('Axis2P3D XDirection',(1.,0.,0.)) ;
#1804=DIRECTION('Vector Direction',(0.,1.,0.)) ;
#1813=DIRECTION('Axis2P3D Direction',(-0.,0.,1.)) ;
#1820=DIRECTION('Vector Direction',(0.,1.,0.)) ;
#1827=DIRECTION('Vector Direction',(-1.,0.,0.)) ;
#1870=DIRECTION('Vector Direction',(-1.,0.,0.)) ;
#1886=DIRECTION('Vector Direction',(0.,0.,-1.)) ;
#1893=DIRECTION('Axis2P3D Direction',(0.,0.,-1.)) ;
#1905=DIRECTION('Axis2P3D Direction',(-0.,0.,1.)) ;
#1906=DIRECTION('Axis2P3D XDirection',(1.,0.,0.)) ;
#1910=DIRECTION('Vector Direction',(1.,0.,0.)) ;
#1917=DIRECTION('Axis2P3D Direction',(-0.,0.,1.)) ;
#1934=DIRECTION('Axis2P3D Direction',(-0.,0.,1.)) ;
#1941=DIRECTION('Vector Direction',(-1.,0.,0.)) ;
#1948=DIRECTION('Axis2P3D Direction',(-0.,0.,1.)) ;
#1964=DIRECTION('Vector Direction',(0.,0.,-1.)) ;
#1976=DIRECTION('Vector Direction',(0.,1.,0.)) ;
#1985=DIRECTION('Axis2P3D Direction',(-0.,0.,1.)) ;
#1992=DIRECTION('Vector Direction',(0.,1.,0.)) ;
#1999=DIRECTION('Vector Direction',(1.,0.,0.)) ;
#2042=DIRECTION('Vector Direction',(1.,0.,0.)) ;
#2058=DIRECTION('Vector Direction',(0.,0.,-1.)) ;
#2070=DIRECTION('Vector Direction',(0.,0.,-1.)) ;
#2082=DIRECTION('Vector Direction',(0.,-0.707106781187,0.707106781187)) ;
#2091=DIRECTION('Vector Direction',(0.,1.,0.)) ;
#2098=DIRECTION('Vector Direction',(0.,1.,0.)) ;
#2105=DIRECTION('Vector Direction',(0.,0.,1.)) ;
#2110=DIRECTION('Vector Direction',(0.,0.,-1.)) ;
#2124=DIRECTION('Axis2P3D Direction',(0.,0.,1.)) ;
#2131=DIRECTION('Vector Direction',(0.,0.,1.)) ;
#2143=DIRECTION('Vector Direction',(0.,0.707106781187,0.707106781187)) ;
#2152=DIRECTION('Vector Direction',(0.,0.,-1.)) ;
#2157=DIRECTION('Vector Direction',(0.,1.,0.)) ;
#2164=DIRECTION('Vector Direction',(0.,1.,0.)) ;
#2178=DIRECTION('Vector Direction',(1.,0.,0.)) ;
#2185=DIRECTION('Vector Direction',(0.,0.,-1.)) ;
#2201=DIRECTION('Vector Direction',(-1.,0.,0.)) ;
#2208=DIRECTION('Vector Direction',(0.,0.,-1.)) ;
#2224=DIRECTION('Vector Direction',(0.,1.,0.)) ;
#2233=DIRECTION('Vector Direction',(0.,1.,0.)) ;
#2240=DIRECTION('Vector Direction',(0.,0.,1.)) ;
#2245=DIRECTION('Vector Direction',(0.,0.707106781187,0.707106781187)) ;
#2259=DIRECTION('Axis2P3D Direction',(0.,0.,1.)) ;
#2266=DIRECTION('Vector Direction',(0.,0.,1.)) ;
#2278=DIRECTION('Vector Direction',(0.,1.,0.)) ;
#2285=DIRECTION('Vector Direction',(0.,1.,0.)) ;
#2292=DIRECTION('Vector Direction',(0.,-0.707106781187,0.707106781187)) ;
#2306=DIRECTION('Axis2P3D Direction',(-0.,-0.707106781187,-0.707106781187)) ;
#2307=DIRECTION('Axis2P3D XDirection',(-1.,0.,0.)) ;
#2311=DIRECTION('Vector Direction',(-1.,0.,0.)) ;
#2323=DIRECTION('Axis2P3D Direction',(0.,0.,-1.)) ;
#2324=DIRECTION('Axis2P3D XDirection',(1.,0.,0.)) ;
#2328=DIRECTION('Vector Direction',(-1.,0.,0.)) ;
#2340=DIRECTION('Vector Direction',(0.,-1.,0.)) ;
#2368=DIRECTION('Vector Direction',(1.,0.,0.)) ;
#2373=DIRECTION('Vector Direction',(-1.,0.,0.)) ;
#2408=DIRECTION('Axis2P3D Direction',(0.,0.707106781187,-0.707106781187)) ;
#2409=DIRECTION('Axis2P3D XDirection',(1.,0.,0.)) ;
#2413=DIRECTION('Vector Direction',(1.,0.,0.)) ;
#2425=DIRECTION('Vector Direction',(1.,0.,0.)) ;
#2458=DIRECTION('Vector Direction',(-1.,0.,0.)) ;
#2463=DIRECTION('Vector Direction',(1.,0.,0.)) ;
#2489=DIRECTION('Vector Direction',(0.,1.,0.)) ;
#2505=DIRECTION('Axis2P3D Direction',(0.,-1.,0.)) ;
#2506=DIRECTION('Axis2P3D XDirection',(-1.,-0.,0.)) ;
#2510=DIRECTION('Vector Direction',(1.,0.,0.)) ;
#2519=DIRECTION('Vector Direction',(-0.242535625036,0.,-0.970142500145)) ;
#2524=DIRECTION('Vector Direction',(-0.242535625036,0.,0.970142500145)) ;
#2538=DIRECTION('Axis2P3D Direction',(0.970142500145,0.,-0.242535625036)) ;
#2539=DIRECTION('Axis2P3D XDirection',(0.,-1.,0.)) ;
#2543=DIRECTION('Vector Direction',(-0.242535625036,0.,-0.970142500145)) ;
#2550=DIRECTION('Vector Direction',(0.,-1.,0.)) ;
#2557=DIRECTION('Vector Direction',(-0.242535625036,0.,-0.970142500145)) ;
#2569=DIRECTION('Axis2P3D Direction',(0.242535625036,0.,0.970142500145)) ;
#2570=DIRECTION('Axis2P3D XDirection',(0.,-1.,0.)) ;
#2574=DIRECTION('Axis2P3D Direction',(0.242535625036,0.,0.970142500145)) ;
#2581=DIRECTION('Vector Direction',(0.242535625036,0.,0.970142500145)) ;
#2593=DIRECTION('Axis2P3D Direction',(-0.,1.,0.)) ;
#2594=DIRECTION('Axis2P3D XDirection',(1.,0.,0.)) ;
#2598=DIRECTION('Vector Direction',(0.,0.,-1.)) ;
#2607=DIRECTION('Axis2P3D Direction',(-0.,1.,0.)) ;
#2614=DIRECTION('Vector Direction',(0.242535624869,0.,-0.970142500187)) ;
#2619=DIRECTION('Axis2P3D Direction',(-0.,1.,0.)) ;
#2626=DIRECTION('Vector Direction',(0.,0.,-1.)) ;
#2633=DIRECTION('Vector Direction',(1.,0.,0.)) ;
#2650=DIRECTION('Vector Direction',(0.,0.,1.)) ;
#2659=DIRECTION('Vector Direction',(-1.,0.,0.)) ;
#2666=DIRECTION('Vector Direction',(0.,0.,-1.)) ;
#2673=DIRECTION('Vector Direction',(1.,0.,0.)) ;
#2684=DIRECTION('Vector Direction',(1.,0.,0.)) ;
#2693=DIRECTION('Vector Direction',(0.,0.,1.)) ;
#2700=DIRECTION('Vector Direction',(-1.,0.,0.)) ;
#2707=DIRECTION('Vector Direction',(0.,0.,-1.)) ;
#2719=DIRECTION('Axis2P3D Direction',(-0.242535625036,0.,-0.970142500145)) ;
#2720=DIRECTION('Axis2P3D XDirection',(0.,1.,0.)) ;
#2724=DIRECTION('Vector Direction',(-0.242535625036,0.,-0.970142500145)) ;
#2731=DIRECTION('Vector Direction',(-0.242535625036,0.,-0.970142500145)) ;
#2738=DIRECTION('Axis2P3D Direction',(-0.242535625036,0.,-0.970142500145)) ;
#2752=DIRECTION('Axis2P3D Direction',(-0.242535625036,0.,0.970142500145)) ;
#2753=DIRECTION('Axis2P3D XDirection',(0.,1.,0.)) ;
#2757=DIRECTION('Vector Direction',(-0.242535625036,0.,0.970142500145)) ;
#2764=DIRECTION('Axis2P3D Direction',(-0.242535625036,0.,0.970142500145)) ;
#2771=DIRECTION('Vector Direction',(-0.242535625036,0.,0.970142500145)) ;
#2778=DIRECTION('Vector Direction',(-0.242535625036,0.,0.970142500145)) ;
#2792=DIRECTION('Axis2P3D Direction',(0.242535625036,0.,-0.970142500145)) ;
#2793=DIRECTION('Axis2P3D XDirection',(0.,-1.,0.)) ;
#2797=DIRECTION('Axis2P3D Direction',(0.242535625036,0.,-0.970142500145)) ;
#2804=DIRECTION('Vector Direction',(0.242535625036,0.,-0.970142500145)) ;
#2816=DIRECTION('Axis2P3D Direction',(-0.970142500145,0.,-0.242535625036)) ;
#2817=DIRECTION('Axis2P3D XDirection',(0.,1.,0.)) ;
#2821=DIRECTION('Vector Direction',(0.,1.,0.)) ;
#2833=DIRECTION('Axis2P3D Direction',(0.,0.,-1.)) ;
#2834=DIRECTION('Axis2P3D XDirection',(0.,1.,0.)) ;
#2838=DIRECTION('Vector Direction',(1.,0.,0.)) ;
#2845=DIRECTION('Vector Direction',(1.,0.,0.)) ;
#2852=DIRECTION('Vector Direction',(0.,1.,0.)) ;
#2859=DIRECTION('Vector Direction',(1.,0.,0.)) ;
#2866=DIRECTION('Vector Direction',(0.,1.,0.)) ;
#2880=DIRECTION('Axis2P3D Direction',(0.,-1.,0.)) ;
#2881=DIRECTION('Axis2P3D XDirection',(0.970142500145,0.,-0.242535625036)) ;
#2885=DIRECTION('Axis2P3D Direction',(0.,-1.,0.)) ;
#2892=DIRECTION('Vector Direction',(0.,-1.,0.)) ;
#2899=DIRECTION('Axis2P3D Direction',(0.,-1.,0.)) ;
#2911=DIRECTION('Axis2P3D Direction',(0.,1.,0.)) ;
#2912=DIRECTION('Axis2P3D XDirection',(1.,0.,-1.7763568394E-015)) ;
#2916=DIRECTION('Axis2P3D Direction',(1.7763568394E-015,-0.,1.)) ;
#2928=DIRECTION('Axis2P3D Direction',(0.,0.,-1.)) ;
#2929=DIRECTION('Axis2P3D XDirection',(0.,-1.,0.)) ;
#2933=DIRECTION('Vector Direction',(0.,0.,-1.)) ;
#2942=DIRECTION('Axis2P3D Direction',(0.,0.,-1.)) ;
#2947=DIRECTION('Axis2P3D Direction',(0.,0.,-1.)) ;
#2959=DIRECTION('Axis2P3D Direction',(-0.,1.,0.)) ;
#2960=DIRECTION('Axis2P3D XDirection',(-0.970142500145,0.,-0.242535625036)) ;
#2964=DIRECTION('Axis2P3D Direction',(0.,1.,0.)) ;
#2976=DIRECTION('Axis2P3D Direction',(0.,0.,-1.)) ;
#2977=DIRECTION('Axis2P3D XDirection',(1.,1.83690953073E-016,0.)) ;
#2981=DIRECTION('Vector Direction',(0.,0.,-1.)) ;
#2988=DIRECTION('Axis2P3D Direction',(0.,0.,-1.)) ;
#3000=DIRECTION('Axis2P3D Direction',(0.,0.,1.)) ;
#3001=DIRECTION('Axis2P3D XDirection',(1.,0.,0.)) ;
#3005=DIRECTION('Vector Direction',(-1.,0.,0.)) ;
#3014=DIRECTION('Axis2P3D Direction',(0.,0.,1.)) ;
#3021=DIRECTION('Vector Direction',(0.,-1.,0.)) ;
#3026=DIRECTION('Vector Direction',(0.,1.,0.)) ;
#3033=DIRECTION('Axis2P3D Direction',(0.,0.,1.)) ;
#3040=DIRECTION('Vector Direction',(-1.,0.,0.)) ;
#3047=DIRECTION('Vector Direction',(0.,-1.,0.)) ;
#3054=DIRECTION('Vector Direction',(-1.,0.,0.)) ;
#3061=DIRECTION('Vector Direction',(0.,-1.,0.)) ;
#3080=DIRECTION('Axis2P3D Direction',(0.,0.,1.)) ;
#3089=DIRECTION('Vector Direction',(0.,-1.,0.)) ;
#3096=DIRECTION('Axis2P3D Direction',(0.,0.,1.)) ;
#3103=DIRECTION('Vector Direction',(-1.,0.,0.)) ;
#3110=DIRECTION('Axis2P3D Direction',(0.,0.,1.)) ;
#3117=DIRECTION('Vector Direction',(0.,1.,0.)) ;
#3124=DIRECTION('Axis2P3D Direction',(0.,0.,1.)) ;
#3131=DIRECTION('Vector Direction',(1.,0.,0.)) ;
#3147=DIRECTION('Axis2P3D Direction',(-1.,0.,0.)) ;
#3148=DIRECTION('Axis2P3D XDirection',(0.,0.,1.)) ;
#3152=DIRECTION('Vector Direction',(0.,1.,0.)) ;
#3159=DIRECTION('Vector Direction',(0.,1.,0.)) ;
#3166=DIRECTION('Vector Direction',(0.,0.,1.)) ;
#3178=DIRECTION('Axis2P3D Direction',(-0.,0.,-1.)) ;
#3179=DIRECTION('Axis2P3D XDirection',(-1.,-0.,0.)) ;
#3183=DIRECTION('Vector Direction',(0.,1.,0.)) ;
#3190=DIRECTION('Vector Direction',(-1.,0.,0.)) ;
#3202=DIRECTION('Axis2P3D Direction',(1.,-0.,0.)) ;
#3203=DIRECTION('Axis2P3D XDirection',(0.,0.,-1.)) ;
#3207=DIRECTION('Vector Direction',(0.,1.,0.)) ;
#3214=DIRECTION('Vector Direction',(0.,0.,-1.)) ;
#3226=DIRECTION('Axis2P3D Direction',(0.,0.,1.)) ;
#3227=DIRECTION('Axis2P3D XDirection',(1.,0.,0.)) ;
#3231=DIRECTION('Vector Direction',(1.,0.,0.)) ;
#3243=DIRECTION('Vector Direction',(0.,1.,0.)) ;
#3250=DIRECTION('Vector Direction',(0.,1.,0.)) ;
#3257=DIRECTION('Vector Direction',(1.,0.,0.)) ;
#3269=DIRECTION('Axis2P3D Direction',(-1.,0.,0.)) ;
#3270=DIRECTION('Axis2P3D XDirection',(0.,0.,1.)) ;
#3274=DIRECTION('Vector Direction',(0.,1.,0.)) ;
#3281=DIRECTION('Vector Direction',(0.,0.,1.)) ;
#3293=DIRECTION('Vector Direction',(0.,1.,0.)) ;
#3300=DIRECTION('Vector Direction',(-1.,0.,0.)) ;
#3312=DIRECTION('Axis2P3D Direction',(1.,-0.,0.)) ;
#3313=DIRECTION('Axis2P3D XDirection',(0.,0.,-1.)) ;
#3317=DIRECTION('Vector Direction',(0.,0.,-1.)) ;
#3329=DIRECTION('Vector Direction',(0.,0.,-1.)) ;
#3340=DIRECTION('Vector Direction',(0.,0.,-1.)) ;
#3347=DIRECTION('Vector Direction',(1.,0.,0.)) ;
#3354=DIRECTION('Vector Direction',(0.,0.,-1.)) ;
#3359=DIRECTION('Axis2P3D Direction',(0.,-1.,0.)) ;
#3366=DIRECTION('Vector Direction',(0.,0.,-1.)) ;
#3371=DIRECTION('Vector Direction',(0.,0.,-1.)) ;
#3378=DIRECTION('Vector Direction',(1.,0.,0.)) ;
#3385=DIRECTION('Vector Direction',(0.,0.,1.)) ;
#3390=DIRECTION('Vector Direction',(0.,0.,-1.)) ;
#3397=DIRECTION('Axis2P3D Direction',(0.,-1.,0.)) ;
#3418=DIRECTION('Vector Direction',(0.,0.,1.)) ;
#3427=DIRECTION('Vector Direction',(1.,0.,0.)) ;
#3434=DIRECTION('Vector Direction',(0.,0.,-1.)) ;
#3441=DIRECTION('Vector Direction',(-1.,0.,0.)) ;
#3452=DIRECTION('Vector Direction',(-1.,0.,0.)) ;
#3461=DIRECTION('Vector Direction',(0.,0.,1.)) ;
#3468=DIRECTION('Vector Direction',(1.,0.,0.)) ;
#3475=DIRECTION('Vector Direction',(0.,0.,-1.)) ;
#3487=DIRECTION('Axis2P3D Direction',(0.,-1.,0.)) ;
#3488=DIRECTION('Axis2P3D XDirection',(0.970142500145,0.,-0.242535625036)) ;
#3492=DIRECTION('Axis2P3D Direction',(0.,0.,-1.)) ;
#3504=DIRECTION('Axis2P3D Direction',(0.,-1.,0.)) ;
#3505=DIRECTION('Axis2P3D XDirection',(-1.,0.,0.)) ;
#3509=DIRECTION('Axis2P3D Direction',(0.,0.,1.)) ;
#3516=DIRECTION('Axis2P3D Direction',(0.,-1.,0.)) ;
#3528=DIRECTION('Vector Direction',(0.,0.,-1.)) ;
#3539=DIRECTION('Axis2P3D Direction',(-2.01011619412E-028,1.,-2.81961403079E-016)) ;
#3540=DIRECTION('Axis2P3D XDirection',(-0.970142500145,-6.8385685132E-017,-0.242535625036)) ;
#3544=DIRECTION('Vector Direction',(0.,1.,-2.81961476389E-016)) ;
#3556=DIRECTION('Axis2P3D Direction',(1.,0.,0.)) ;
#3557=DIRECTION('Axis2P3D XDirection',(0.,1.,0.)) ;
#3561=DIRECTION('Axis2P3D Direction',(1.,0.,0.)) ;
#3570=DIRECTION('Vector Direction',(0.,0.154961613565,0.987920491903)) ;
#3577=DIRECTION('Vector Direction',(0.,0.,1.)) ;
#3584=DIRECTION('Vector Direction',(0.,1.,0.)) ;
#3591=DIRECTION('Vector Direction',(0.,0.,1.)) ;
#3598=DIRECTION('Vector Direction',(0.,1.,0.)) ;
#3605=DIRECTION('Vector Direction',(0.,0.,1.)) ;
#3610=DIRECTION('Vector Direction',(0.,-0.527900886332,-0.849305983854)) ;
#3629=DIRECTION('Axis2P3D Direction',(0.,1.,0.)) ;
#3630=DIRECTION('Axis2P3D XDirection',(0.,0.,1.)) ;
#3634=DIRECTION('Vector Direction',(1.,0.,0.)) ;
#3641=DIRECTION('Vector Direction',(0.,0.,1.)) ;
#3653=DIRECTION('Axis2P3D Direction',(1.,0.,0.)) ;
#3654=DIRECTION('Axis2P3D XDirection',(0.,1.,0.)) ;
#3658=DIRECTION('Vector Direction',(0.,-0.527900886332,-0.849305983854)) ;
#3665=DIRECTION('Vector Direction',(0.,1.,0.)) ;
#3672=DIRECTION('Vector Direction',(0.,0.,1.)) ;
#3679=DIRECTION('Vector Direction',(0.,1.,0.)) ;
#3686=DIRECTION('Vector Direction',(0.,0.,1.)) ;
#3693=DIRECTION('Vector Direction',(0.,0.154961613565,0.987920491903)) ;
#3700=DIRECTION('Axis2P3D Direction',(1.,0.,0.)) ;
#3719=DIRECTION('Axis2P3D Direction',(-1.,0.,0.)) ;
#3720=DIRECTION('Axis2P3D XDirection',(0.,1.,0.)) ;
#3724=DIRECTION('Vector Direction',(0.,0.,-1.)) ;
#3736=DIRECTION('Axis2P3D Direction',(1.,0.,0.)) ;
#3737=DIRECTION('Axis2P3D XDirection',(0.,-1.,0.)) ;
#3741=DIRECTION('Vector Direction',(0.,0.,-1.)) ;
#3753=DIRECTION('Axis2P3D Direction',(-0.,0.,-1.)) ;
#3754=DIRECTION('Axis2P3D XDirection',(-1.,-1.83690953073E-016,0.)) ;
#3765=DIRECTION('Axis2P3D Direction',(0.,0.,-1.)) ;
#3766=DIRECTION('Axis2P3D XDirection',(0.,1.,0.)) ;
#3777=DIRECTION('Axis2P3D Direction',(1.,0.,-0.)) ;
#3778=DIRECTION('Axis2P3D XDirection',(0.,0.,1.)) ;
#3782=DIRECTION('Vector Direction',(0.,-1.,0.)) ;
#3789=DIRECTION('Vector Direction',(0.,0.,1.)) ;
#3801=DIRECTION('Axis2P3D Direction',(0.,-1.,0.)) ;
#3802=DIRECTION('Axis2P3D XDirection',(0.,0.,-1.)) ;
#3806=DIRECTION('Vector Direction',(1.,0.,0.)) ;
#3813=DIRECTION('Vector Direction',(0.,0.,-1.)) ;
#3825=DIRECTION('Axis2P3D Direction',(-1.,0.,0.)) ;
#3826=DIRECTION('Axis2P3D XDirection',(-0.,0.,-1.)) ;
#3830=DIRECTION('Vector Direction',(0.,-1.,0.)) ;
#3842=DIRECTION('Axis2P3D Direction',(-0.,0.,1.)) ;
#3843=DIRECTION('Axis2P3D XDirection',(1.,-1.83690953073E-016,0.)) ;
#3847=DIRECTION('Axis2P3D Direction',(-0.,0.,1.)) ;
#3856=DIRECTION('Vector Direction',(0.,0.,1.)) ;
#3861=DIRECTION('Vector Direction',(0.,0.,1.)) ;
#3873=DIRECTION('Axis2P3D Direction',(-1.,0.,0.)) ;
#3874=DIRECTION('Axis2P3D XDirection',(0.,-1.,0.)) ;
#3878=DIRECTION('Vector Direction',(0.,1.,0.)) ;
#3885=DIRECTION('Vector Direction',(0.,0.,1.)) ;
#3892=DIRECTION('Vector Direction',(0.,-1.,0.)) ;
#3899=DIRECTION('Vector Direction',(0.,0.,1.)) ;
#3913=DIRECTION('Axis2P3D Direction',(0.,0.,1.)) ;
#3914=DIRECTION('Axis2P3D XDirection',(-1.83690953073E-016,-1.,0.)) ;
#3918=DIRECTION('Axis2P3D Direction',(0.,0.,1.)) ;
#3925=DIRECTION('Vector Direction',(0.,0.,1.)) ;
#3937=DIRECTION('Axis2P3D Direction',(0.,1.,-0.)) ;
#3938=DIRECTION('Axis2P3D XDirection',(-1.,0.,0.)) ;
#3942=DIRECTION('Vector Direction',(-1.,0.,0.)) ;
#3949=DIRECTION('Vector Direction',(0.,0.,-1.)) ;
#3956=DIRECTION('Vector Direction',(-1.,0.,0.)) ;
#3963=DIRECTION('Vector Direction',(0.,0.,-1.)) ;
#3970=DIRECTION('Vector Direction',(-1.,0.,0.)) ;
#3977=DIRECTION('Vector Direction',(0.,0.,-1.)) ;
#3984=DIRECTION('Vector Direction',(-1.,0.,0.)) ;
#3991=DIRECTION('Vector Direction',(0.,0.,-1.)) ;
#3998=DIRECTION('Vector Direction',(-1.,0.,0.)) ;
#4005=DIRECTION('Vector Direction',(0.,0.,-1.)) ;
#4012=DIRECTION('Vector Direction',(-1.,0.,0.)) ;
#4019=DIRECTION('Vector Direction',(0.,0.,-1.)) ;
#4026=DIRECTION('Vector Direction',(-1.,0.,0.)) ;
#4033=DIRECTION('Vector Direction',(0.,0.,-1.)) ;
#4040=DIRECTION('Vector Direction',(-1.,0.,0.)) ;
#4047=DIRECTION('Vector Direction',(0.,0.,-1.)) ;
#4054=DIRECTION('Vector Direction',(-1.,0.,0.)) ;
#4061=DIRECTION('Vector Direction',(0.,0.,-1.)) ;
#4068=DIRECTION('Vector Direction',(-1.,0.,0.)) ;
#4075=DIRECTION('Vector Direction',(0.,0.,-1.)) ;
#4082=DIRECTION('Vector Direction',(-1.,0.,0.)) ;
#4089=DIRECTION('Vector Direction',(0.,0.,-1.)) ;
#4096=DIRECTION('Vector Direction',(-1.,0.,0.)) ;
#4103=DIRECTION('Vector Direction',(0.,0.,-1.)) ;
#4110=DIRECTION('Vector Direction',(-1.,0.,0.)) ;
#4117=DIRECTION('Vector Direction',(0.,0.,-1.)) ;
#4124=DIRECTION('Vector Direction',(-1.,0.,0.)) ;
#4131=DIRECTION('Vector Direction',(0.,0.,-1.)) ;
#4138=DIRECTION('Vector Direction',(-1.,0.,0.)) ;
#4145=DIRECTION('Vector Direction',(0.,0.,-1.)) ;
#4152=DIRECTION('Vector Direction',(-1.,0.,0.)) ;
#4159=DIRECTION('Vector Direction',(0.,0.,-1.)) ;
#4166=DIRECTION('Vector Direction',(-1.,0.,0.)) ;
#4173=DIRECTION('Vector Direction',(0.,0.,1.)) ;
#4216=DIRECTION('Vector Direction',(-1.,0.,0.)) ;
#4225=DIRECTION('Vector Direction',(0.,0.,1.)) ;
#4232=DIRECTION('Vector Direction',(1.,0.,0.)) ;
#4239=DIRECTION('Vector Direction',(0.,0.,-1.)) ;
#4251=DIRECTION('Axis2P3D Direction',(0.,0.,1.)) ;
#4252=DIRECTION('Axis2P3D XDirection',(-1.,1.83690953073E-016,0.)) ;
#4256=DIRECTION('Axis2P3D Direction',(0.,0.,1.)) ;
#4263=DIRECTION('Vector Direction',(0.,0.,1.)) ;
#4275=DIRECTION('Axis2P3D Direction',(1.,0.,0.)) ;
#4276=DIRECTION('Axis2P3D XDirection',(0.,1.,0.)) ;
#4280=DIRECTION('Vector Direction',(0.,0.,1.)) ;
#4287=DIRECTION('Vector Direction',(0.,1.,0.)) ;
#4294=DIRECTION('Vector Direction',(0.,0.,1.)) ;
#4301=DIRECTION('Vector Direction',(0.,1.,0.)) ;
#4315=DIRECTION('Axis2P3D Direction',(0.,-0.,1.)) ;
#4316=DIRECTION('Axis2P3D XDirection',(1.83690953073E-016,1.,0.)) ;
#4320=DIRECTION('Axis2P3D Direction',(0.,-0.,1.)) ;
#4327=DIRECTION('Vector Direction',(0.,0.,1.)) ;
#4339=DIRECTION('Axis2P3D Direction',(0.,-1.,0.)) ;
#4340=DIRECTION('Axis2P3D XDirection',(1.,0.,0.)) ;
#4344=DIRECTION('Vector Direction',(1.,0.,0.)) ;
#4351=DIRECTION('Vector Direction',(0.,0.,-1.)) ;
#4358=DIRECTION('Vector Direction',(-1.,0.,0.)) ;
#4365=DIRECTION('Vector Direction',(0.,0.,-1.)) ;
#4372=DIRECTION('Vector Direction',(1.,0.,0.)) ;
#4388=DIRECTION('Axis2P3D Direction',(0.,-1.,-0.)) ;
#4389=DIRECTION('Axis2P3D XDirection',(1.,0.,0.)) ;
#4407=DIRECTION('Axis2P3D Direction',(0.,-0.849305983819,0.527900886387)) ;
#4408=DIRECTION('Axis2P3D XDirection',(-0.,-0.527900886387,-0.849305983819)) ;
#4412=DIRECTION('Vector Direction',(1.,0.,0.)) ;
#4424=DIRECTION('Axis2P3D Direction',(0.,0.,-1.)) ;
#4425=DIRECTION('Axis2P3D XDirection',(1.,0.,0.)) ;
#4436=DIRECTION('Axis2P3D Direction',(1.,0.,-0.)) ;
#4437=DIRECTION('Axis2P3D XDirection',(0.,0.,1.)) ;
#4441=DIRECTION('Vector Direction',(0.,-1.,0.)) ;
#4448=DIRECTION('Vector Direction',(0.,-1.,0.)) ;
#4455=DIRECTION('Vector Direction',(0.,0.,1.)) ;
#4467=DIRECTION('Axis2P3D Direction',(0.,0.,-1.)) ;
#4468=DIRECTION('Axis2P3D XDirection',(1.,0.,0.)) ;
#4472=DIRECTION('Vector Direction',(0.,-1.,0.)) ;
#4479=DIRECTION('Vector Direction',(1.,0.,0.)) ;
#4491=DIRECTION('Axis2P3D Direction',(-1.,0.,0.)) ;
#4492=DIRECTION('Axis2P3D XDirection',(-0.,0.,-1.)) ;
#4496=DIRECTION('Vector Direction',(0.,-1.,0.)) ;
#4503=DIRECTION('Vector Direction',(0.,0.,-1.)) ;
#4515=DIRECTION('Axis2P3D Direction',(0.,0.,1.)) ;
#4516=DIRECTION('Axis2P3D XDirection',(-1.,0.,0.)) ;
#4520=DIRECTION('Vector Direction',(-1.,0.,0.)) ;
#4532=DIRECTION('Vector Direction',(0.,-1.,0.)) ;
#4539=DIRECTION('Vector Direction',(0.,-1.,0.)) ;
#4546=DIRECTION('Vector Direction',(-1.,0.,0.)) ;
#4558=DIRECTION('Axis2P3D Direction',(1.,0.,-0.)) ;
#4559=DIRECTION('Axis2P3D XDirection',(0.,0.,1.)) ;
#4563=DIRECTION('Vector Direction',(0.,-1.,0.)) ;
#4570=DIRECTION('Vector Direction',(0.,0.,1.)) ;
#4582=DIRECTION('Vector Direction',(0.,-1.,0.)) ;
#4589=DIRECTION('Vector Direction',(1.,0.,0.)) ;
#4601=DIRECTION('Axis2P3D Direction',(-1.,0.,0.)) ;
#4602=DIRECTION('Axis2P3D XDirection',(-0.,0.,-1.)) ;
#4606=DIRECTION('Vector Direction',(0.,0.,-1.)) ;
#4618=DIRECTION('Axis2P3D Direction',(1.,0.,0.)) ;
#4619=DIRECTION('Axis2P3D XDirection',(-0.,0.987920491916,-0.154961613481)) ;
#4623=DIRECTION('Vector Direction',(1.,0.,0.)) ;
#4635=DIRECTION('Axis2P3D Direction',(0.,0.987920491916,-0.154961613481)) ;
#4636=DIRECTION('Axis2P3D XDirection',(0.,0.154961613481,0.987920491916)) ;
#4640=DIRECTION('Vector Direction',(1.,0.,0.)) ;
#4651=DIRECTION('Vector Direction',(1.,0.,0.)) ;
#4660=DIRECTION('Vector Direction',(0.,-0.154961613481,-0.987920491916)) ;
#4667=DIRECTION('Vector Direction',(1.,0.,0.)) ;
#4674=DIRECTION('Vector Direction',(-1.,0.,0.)) ;
#4681=DIRECTION('Vector Direction',(0.,-0.154961613481,-0.987920491916)) ;
#4688=DIRECTION('Vector Direction',(-1.,0.,0.)) ;
#4695=DIRECTION('Vector Direction',(0.794471974904,-0.0941083143129,-0.599964920866)) ;
#4702=DIRECTION('Vector Direction',(-0.794471974904,-0.0941083143129,-0.599964920866)) ;
#4718=DIRECTION('Axis2P3D Direction',(0.,1.,0.)) ;
#4719=DIRECTION('Axis2P3D XDirection',(0.,0.,1.)) ;
#4723=DIRECTION('Vector Direction',(1.,0.,0.)) ;
#4734=DIRECTION('Vector Direction',(1.,0.,0.)) ;
#4743=DIRECTION('Vector Direction',(0.,0.,1.)) ;
#4750=DIRECTION('Vector Direction',(-1.,0.,0.)) ;
#4757=DIRECTION('Vector Direction',(0.,0.,-1.)) ;
#4768=DIRECTION('Vector Direction',(1.,0.,0.)) ;
#4777=DIRECTION('Vector Direction',(0.,0.,1.)) ;
#4784=DIRECTION('Vector Direction',(-1.,0.,0.)) ;
#4791=DIRECTION('Vector Direction',(0.,0.,-1.)) ;
#4802=DIRECTION('Vector Direction',(1.,0.,0.)) ;
#4811=DIRECTION('Vector Direction',(0.,0.,1.)) ;
#4818=DIRECTION('Vector Direction',(-1.,0.,0.)) ;
#4825=DIRECTION('Vector Direction',(0.,0.,-1.)) ;
#4837=DIRECTION('Axis2P3D Direction',(0.,0.,-1.)) ;
#4838=DIRECTION('Axis2P3D XDirection',(0.,1.,0.)) ;
#4842=DIRECTION('Vector Direction',(1.,0.,0.)) ;
#4854=DIRECTION('Axis2P3D Direction',(0.,1.,0.)) ;
#4855=DIRECTION('Axis2P3D XDirection',(0.,0.,1.)) ;
#4859=DIRECTION('Vector Direction',(1.,0.,0.)) ;
#4871=DIRECTION('Axis2P3D Direction',(0.,0.,-1.)) ;
#4872=DIRECTION('Axis2P3D XDirection',(0.,1.,0.)) ;
#4883=DIRECTION('Axis2P3D Direction',(0.,0.,-1.)) ;
#4884=DIRECTION('Axis2P3D XDirection',(0.,1.,0.)) ;
#4888=DIRECTION('Vector Direction',(0.,1.,0.)) ;
#4895=DIRECTION('Vector Direction',(1.,0.,0.)) ;
#4908=DIRECTION('Axis2P3D Direction',(0.,1.,0.)) ;
#4909=DIRECTION('Axis2P3D XDirection',(0.,0.,1.)) ;
#4913=DIRECTION('Vector Direction',(1.,0.,0.)) ;
#4920=DIRECTION('Vector Direction',(0.,0.,1.)) ;
#4932=DIRECTION('Axis2P3D Direction',(0.,0.,1.)) ;
#4933=DIRECTION('Axis2P3D XDirection',(1.,0.,0.)) ;
#4937=DIRECTION('Vector Direction',(0.,-1.,0.)) ;
#4944=DIRECTION('Vector Direction',(-1.,0.,0.)) ;
#4951=DIRECTION('Vector Direction',(0.,-1.,0.)) ;
#4958=DIRECTION('Vector Direction',(1.,0.,0.)) ;
#4963=DIRECTION('Vector Direction',(0.,1.,0.)) ;
#4970=DIRECTION('Vector Direction',(0.25734919351,0.966318473693,0.)) ;
#4977=DIRECTION('Vector Direction',(0.25734919351,-0.966318473693,0.)) ;
#4984=DIRECTION('Vector Direction',(0.,-1.,0.)) ;
#4989=DIRECTION('Vector Direction',(0.,1.,0.)) ;
#4996=DIRECTION('Vector Direction',(0.25734919351,0.966318473693,0.)) ;
#5003=DIRECTION('Vector Direction',(0.25734919351,-0.966318473693,0.)) ;
#5010=DIRECTION('Vector Direction',(0.,-1.,0.)) ;
#5015=DIRECTION('Vector Direction',(0.,1.,0.)) ;
#5022=DIRECTION('Vector Direction',(0.25734919351,0.966318473693,0.)) ;
#5029=DIRECTION('Vector Direction',(0.25734919351,-0.966318473693,0.)) ;
#5036=DIRECTION('Vector Direction',(0.,-1.,0.)) ;
#5041=DIRECTION('Vector Direction',(0.,1.,0.)) ;
#5048=DIRECTION('Vector Direction',(0.25734919351,0.966318473693,0.)) ;
#5055=DIRECTION('Vector Direction',(0.25734919351,-0.966318473693,0.)) ;
#5062=DIRECTION('Vector Direction',(0.,-1.,0.)) ;
#5067=DIRECTION('Vector Direction',(0.,1.,0.)) ;
#5074=DIRECTION('Vector Direction',(0.25734919351,0.966318473693,0.)) ;
#5081=DIRECTION('Vector Direction',(0.25734919351,-0.966318473693,0.)) ;
#5088=DIRECTION('Vector Direction',(0.,-1.,0.)) ;
#5093=DIRECTION('Vector Direction',(0.,1.,0.)) ;
#5100=DIRECTION('Vector Direction',(0.25734919351,0.966318473693,0.)) ;
#5107=DIRECTION('Vector Direction',(0.25734919351,-0.966318473693,0.)) ;
#5114=DIRECTION('Vector Direction',(0.,-1.,0.)) ;
#5119=DIRECTION('Vector Direction',(0.,1.,0.)) ;
#5126=DIRECTION('Vector Direction',(0.25734919351,0.966318473693,0.)) ;
#5133=DIRECTION('Vector Direction',(0.25734919351,-0.966318473693,0.)) ;
#5140=DIRECTION('Vector Direction',(0.,-1.,0.)) ;
#5145=DIRECTION('Vector Direction',(0.,1.,0.)) ;
#5152=DIRECTION('Vector Direction',(0.25734919351,0.966318473693,0.)) ;
#5159=DIRECTION('Vector Direction',(0.25734919351,-0.966318473693,0.)) ;
#5166=DIRECTION('Vector Direction',(0.,-1.,0.)) ;
#5224=DIRECTION('Axis2P3D Direction',(1.,0.,0.)) ;
#5225=DIRECTION('Axis2P3D XDirection',(0.,-1.,0.)) ;
#5229=DIRECTION('Vector Direction',(0.,0.,-1.)) ;
#5236=DIRECTION('Vector Direction',(0.,-1.,0.)) ;
#5248=DIRECTION('Axis2P3D Direction',(0.,0.,1.)) ;
#5249=DIRECTION('Axis2P3D XDirection',(1.,0.,0.)) ;
#5253=DIRECTION('Vector Direction',(0.25734919351,-0.966318473693,0.)) ;
#5260=DIRECTION('Vector Direction',(0.25734919351,0.966318473693,0.)) ;
#5267=DIRECTION('Vector Direction',(0.,1.,0.)) ;
#5280=DIRECTION('Axis2P3D Direction',(-1.,0.,0.)) ;
#5281=DIRECTION('Axis2P3D XDirection',(0.,1.,0.)) ;
#5285=DIRECTION('Vector Direction',(0.,0.,-1.)) ;
#5297=DIRECTION('Axis2P3D Direction',(1.,0.,0.)) ;
#5298=DIRECTION('Axis2P3D XDirection',(0.,-1.,0.)) ;
#5302=DIRECTION('Vector Direction',(0.,0.,-1.)) ;
#5309=DIRECTION('Vector Direction',(0.,-1.,0.)) ;
#5321=DIRECTION('Vector Direction',(0.25734919351,-0.966318473693,0.)) ;
#5328=DIRECTION('Vector Direction',(0.25734919351,0.966318473693,0.)) ;
#5335=DIRECTION('Vector Direction',(0.,1.,0.)) ;
#5348=DIRECTION('Axis2P3D Direction',(-1.,0.,0.)) ;
#5349=DIRECTION('Axis2P3D XDirection',(0.,1.,0.)) ;
#5353=DIRECTION('Vector Direction',(0.,0.,-1.)) ;
#5365=DIRECTION('Axis2P3D Direction',(1.,0.,0.)) ;
#5366=DIRECTION('Axis2P3D XDirection',(0.,-1.,0.)) ;
#5370=DIRECTION('Vector Direction',(0.,0.,-1.)) ;
#5377=DIRECTION('Vector Direction',(0.,-1.,0.)) ;
#5389=DIRECTION('Vector Direction',(0.25734919351,-0.966318473693,0.)) ;
#5396=DIRECTION('Vector Direction',(0.25734919351,0.966318473693,0.)) ;
#5403=DIRECTION('Vector Direction',(0.,1.,0.)) ;
#5416=DIRECTION('Axis2P3D Direction',(-1.,0.,0.)) ;
#5417=DIRECTION('Axis2P3D XDirection',(0.,1.,0.)) ;
#5421=DIRECTION('Vector Direction',(0.,0.,-1.)) ;
#5433=DIRECTION('Axis2P3D Direction',(1.,0.,0.)) ;
#5434=DIRECTION('Axis2P3D XDirection',(0.,-1.,0.)) ;
#5438=DIRECTION('Vector Direction',(0.,0.,-1.)) ;
#5445=DIRECTION('Vector Direction',(0.,-1.,0.)) ;
#5457=DIRECTION('Vector Direction',(0.25734919351,-0.966318473693,0.)) ;
#5464=DIRECTION('Vector Direction',(0.25734919351,0.966318473693,0.)) ;
#5471=DIRECTION('Vector Direction',(0.,1.,0.)) ;
#5484=DIRECTION('Vector Direction',(0.,0.,-1.)) ;
#5496=DIRECTION('Axis2P3D Direction',(1.,0.,0.)) ;
#5497=DIRECTION('Axis2P3D XDirection',(0.,-1.,0.)) ;
#5501=DIRECTION('Vector Direction',(0.,0.,-1.)) ;
#5508=DIRECTION('Vector Direction',(0.,-1.,0.)) ;
#5520=DIRECTION('Vector Direction',(0.25734919351,-0.966318473693,0.)) ;
#5527=DIRECTION('Vector Direction',(0.25734919351,0.966318473693,0.)) ;
#5534=DIRECTION('Vector Direction',(0.,1.,0.)) ;
#5547=DIRECTION('Vector Direction',(0.,0.,-1.)) ;
#5559=DIRECTION('Axis2P3D Direction',(1.,0.,0.)) ;
#5560=DIRECTION('Axis2P3D XDirection',(0.,-1.,0.)) ;
#5564=DIRECTION('Vector Direction',(0.,0.,-1.)) ;
#5571=DIRECTION('Vector Direction',(0.,-1.,0.)) ;
#5583=DIRECTION('Vector Direction',(0.25734919351,-0.966318473693,0.)) ;
#5590=DIRECTION('Vector Direction',(0.25734919351,0.966318473693,0.)) ;
#5597=DIRECTION('Vector Direction',(0.,1.,0.)) ;
#5610=DIRECTION('Axis2P3D Direction',(-1.,0.,0.)) ;
#5611=DIRECTION('Axis2P3D XDirection',(0.,1.,0.)) ;
#5615=DIRECTION('Vector Direction',(0.,0.,-1.)) ;
#5627=DIRECTION('Axis2P3D Direction',(1.,0.,0.)) ;
#5628=DIRECTION('Axis2P3D XDirection',(0.,-1.,0.)) ;
#5632=DIRECTION('Vector Direction',(0.,0.,-1.)) ;
#5639=DIRECTION('Vector Direction',(0.,-1.,0.)) ;
#5651=DIRECTION('Vector Direction',(0.25734919351,-0.966318473693,0.)) ;
#5658=DIRECTION('Vector Direction',(0.25734919351,0.966318473693,0.)) ;
#5665=DIRECTION('Vector Direction',(0.,1.,0.)) ;
#5678=DIRECTION('Axis2P3D Direction',(-1.,0.,0.)) ;
#5679=DIRECTION('Axis2P3D XDirection',(0.,1.,0.)) ;
#5683=DIRECTION('Vector Direction',(0.,0.,-1.)) ;
#5695=DIRECTION('Axis2P3D Direction',(1.,0.,0.)) ;
#5696=DIRECTION('Axis2P3D XDirection',(0.,-1.,0.)) ;
#5700=DIRECTION('Vector Direction',(0.,0.,-1.)) ;
#5707=DIRECTION('Vector Direction',(0.,-1.,0.)) ;
#5719=DIRECTION('Vector Direction',(0.25734919351,-0.966318473693,0.)) ;
#5726=DIRECTION('Vector Direction',(0.25734919351,0.966318473693,0.)) ;
#5733=DIRECTION('Vector Direction',(0.,1.,0.)) ;
#5746=DIRECTION('Axis2P3D Direction',(-1.,0.,0.)) ;
#5747=DIRECTION('Axis2P3D XDirection',(0.,1.,0.)) ;
#5751=DIRECTION('Vector Direction',(0.,0.,-1.)) ;
#5763=DIRECTION('Axis2P3D Direction',(0.,0.,-1.)) ;
#5764=DIRECTION('Axis2P3D XDirection',(-1.,0.,0.)) ;
#5768=DIRECTION('Vector Direction',(0.,1.,0.)) ;
#5775=DIRECTION('Vector Direction',(0.,1.,0.)) ;
#5782=DIRECTION('Vector Direction',(-1.,0.,0.)) ;
#5794=DIRECTION('Axis2P3D Direction',(-1.,0.,0.)) ;
#5795=DIRECTION('Axis2P3D XDirection',(0.,0.,1.)) ;
#5799=DIRECTION('Vector Direction',(0.,1.,0.)) ;
#5806=DIRECTION('Vector Direction',(0.,0.,1.)) ;
#5818=DIRECTION('Axis2P3D Direction',(0.,0.,1.)) ;
#5819=DIRECTION('Axis2P3D XDirection',(1.,0.,0.)) ;
#5823=DIRECTION('Vector Direction',(0.,1.,0.)) ;
#5830=DIRECTION('Vector Direction',(1.,0.,0.)) ;
#5842=DIRECTION('Axis2P3D Direction',(1.,-0.,0.)) ;
#5843=DIRECTION('Axis2P3D XDirection',(0.,-0.,-1.)) ;
#5847=DIRECTION('Vector Direction',(0.,0.,-1.)) ;
#5859=DIRECTION('Vector Direction',(1.,0.,0.)) ;
#5866=DIRECTION('Vector Direction',(0.,0.,1.)) ;
#5878=DIRECTION('Vector Direction',(0.,1.,0.)) ;
#5891=DIRECTION('Axis2P3D Direction',(1.,0.,0.)) ;
#5892=DIRECTION('Axis2P3D XDirection',(0.,1.,0.)) ;
#5896=DIRECTION('Vector Direction',(0.,0.221503872521,-0.975159491805)) ;
#5905=DIRECTION('Vector Direction',(0.,0.975159492274,0.221503870459)) ;
#5912=DIRECTION('Vector Direction',(0.,-0.221503872456,0.97515949182)) ;
#5917=DIRECTION('Vector Direction',(0.,0.,1.)) ;
#5924=DIRECTION('Vector Direction',(0.,1.,0.)) ;
#5931=DIRECTION('Vector Direction',(0.,0.,-1.)) ;
#5938=DIRECTION('Axis2P3D Direction',(1.,0.,0.)) ;
#5957=DIRECTION('Axis2P3D Direction',(-0.,0.975159491866,0.221503872256)) ;
#5958=DIRECTION('Axis2P3D XDirection',(0.,-0.221503872256,0.975159491866)) ;
#5962=DIRECTION('Vector Direction',(0.,-0.221503872256,0.975159491866)) ;
#5971=DIRECTION('Vector Direction',(-1.,0.,0.)) ;
#5978=DIRECTION('Vector Direction',(0.,-0.221503872256,0.975159491866)) ;
#5983=DIRECTION('Vector Direction',(1.,0.,0.)) ;
#5990=DIRECTION('Vector Direction',(0.,-0.221503872256,0.975159491866)) ;
#5997=DIRECTION('Vector Direction',(1.,0.,0.)) ;
#6013=DIRECTION('Axis2P3D Direction',(1.,0.,0.)) ;
#6014=DIRECTION('Axis2P3D XDirection',(0.,1.,0.)) ;
#6018=DIRECTION('Axis2P3D Direction',(1.,0.,0.)) ;
#6027=DIRECTION('Vector Direction',(0.,0.,-1.)) ;
#6034=DIRECTION('Vector Direction',(0.,1.,0.)) ;
#6041=DIRECTION('Vector Direction',(0.,0.,1.)) ;
#6046=DIRECTION('Vector Direction',(0.,0.975159492274,0.221503870459)) ;
#6053=DIRECTION('Vector Direction',(0.,0.221503872521,-0.975159491805)) ;
#6086=DIRECTION('Axis2P3D Direction',(-0.,-0.154961613481,-0.987920491916)) ;
#6087=DIRECTION('Axis2P3D XDirection',(-1.,0.,0.)) ;
#6091=DIRECTION('Vector Direction',(0.,0.987920491916,-0.154961613481)) ;
#6098=DIRECTION('Vector Direction',(0.,0.987920491916,-0.154961613481)) ;
#6105=DIRECTION('Vector Direction',(1.,0.,0.)) ;
#6117=DIRECTION('Axis2P3D Direction',(1.,-0.,0.)) ;
#6118=DIRECTION('Axis2P3D XDirection',(-0.,-0.154961613481,-0.987920491916)) ;
#6122=DIRECTION('Vector Direction',(0.,0.987920491916,-0.154961613481)) ;
#6129=DIRECTION('Vector Direction',(0.,-0.154961613481,-0.987920491916)) ;
#6141=DIRECTION('Axis2P3D Direction',(-0.,-0.154961613481,-0.987920491916)) ;
#6142=DIRECTION('Axis2P3D XDirection',(-1.,0.,0.)) ;
#6146=DIRECTION('Vector Direction',(0.,0.987920491916,-0.154961613481)) ;
#6153=DIRECTION('Vector Direction',(1.,0.,0.)) ;
#6165=DIRECTION('Vector Direction',(0.,0.987920491916,-0.154961613481)) ;
#6172=DIRECTION('Vector Direction',(-1.,0.,0.)) ;
#6184=DIRECTION('Axis2P3D Direction',(1.,-0.,0.)) ;
#6185=DIRECTION('Axis2P3D XDirection',(-0.,-0.154961613481,-0.987920491916)) ;
#6189=DIRECTION('Vector Direction',(0.,0.987920491916,-0.154961613481)) ;
#6196=DIRECTION('Vector Direction',(0.,-0.154961613481,-0.987920491916)) ;
#6208=DIRECTION('Vector Direction',(0.,0.987920491916,-0.154961613481)) ;
#6215=DIRECTION('Vector Direction',(-1.,0.,0.)) ;
#6227=DIRECTION('Axis2P3D Direction',(0.60730081638,0.123112659049,0.78487514396)) ;
#6228=DIRECTION('Axis2P3D XDirection',(0.7944719746,-0.0941083143743,-0.599964921259)) ;
#6232=DIRECTION('Vector Direction',(-2.38697950294E-015,0.987920491916,-0.154961613481)) ;
#6239=DIRECTION('Vector Direction',(0.7944719746,-0.0941083143743,-0.599964921259)) ;
#6251=DIRECTION('Axis2P3D Direction',(0.60730081638,-0.123112659049,-0.78487514396)) ;
#6252=DIRECTION('Axis2P3D XDirection',(-0.7944719746,-0.0941083143743,-0.599964921259)) ;
#6256=DIRECTION('Vector Direction',(-0.7944719746,-0.0941083143743,-0.599964921259)) ;
#6268=DIRECTION('Axis2P3D Direction',(1.,0.,0.)) ;
#6269=DIRECTION('Axis2P3D XDirection',(0.,0.,-1.)) ;
#6283=DIRECTION('Vector Direction',(1.,0.,0.)) ;
#6305=DIRECTION('Axis2P3D Direction',(0.,0.,1.)) ;
#6306=DIRECTION('Axis2P3D XDirection',(1.,0.,0.)) ;
#6310=DIRECTION('Vector Direction',(0.,0.,1.)) ;
#6332=DIRECTION('Axis2P3D Direction',(-1.,0.,0.)) ;
#6333=DIRECTION('Axis2P3D XDirection',(0.,0.,1.)) ;
#6337=DIRECTION('Vector Direction',(-1.,0.,0.)) ;
#6359=DIRECTION('Axis2P3D Direction',(0.,0.,-1.)) ;
#6360=DIRECTION('Axis2P3D XDirection',(-1.,0.,0.)) ;
#6364=DIRECTION('Vector Direction',(0.,0.,-1.)) ;
#6376=DIRECTION('Axis2P3D Direction',(1.,0.,0.)) ;
#6377=DIRECTION('Axis2P3D XDirection',(0.,0.,-1.)) ;
#6391=DIRECTION('Vector Direction',(1.,0.,0.)) ;
#6413=DIRECTION('Axis2P3D Direction',(0.,0.,1.)) ;
#6414=DIRECTION('Axis2P3D XDirection',(1.,0.,0.)) ;
#6418=DIRECTION('Vector Direction',(0.,0.,1.)) ;
#6440=DIRECTION('Axis2P3D Direction',(-1.,0.,0.)) ;
#6441=DIRECTION('Axis2P3D XDirection',(0.,0.,1.)) ;
#6445=DIRECTION('Vector Direction',(-1.,0.,0.)) ;
#6467=DIRECTION('Axis2P3D Direction',(0.,0.,-1.)) ;
#6468=DIRECTION('Axis2P3D XDirection',(-1.,0.,0.)) ;
#6472=DIRECTION('Vector Direction',(0.,0.,-1.)) ;
#6484=DIRECTION('Axis2P3D Direction',(1.,0.,0.)) ;
#6485=DIRECTION('Axis2P3D XDirection',(0.,0.,-1.)) ;
#6499=DIRECTION('Vector Direction',(1.,0.,0.)) ;
#6521=DIRECTION('Axis2P3D Direction',(0.,0.,1.)) ;
#6522=DIRECTION('Axis2P3D XDirection',(1.,0.,0.)) ;
#6526=DIRECTION('Vector Direction',(0.,0.,1.)) ;
#6548=DIRECTION('Axis2P3D Direction',(-1.,0.,0.)) ;
#6549=DIRECTION('Axis2P3D XDirection',(0.,0.,1.)) ;
#6553=DIRECTION('Vector Direction',(-1.,0.,0.)) ;
#6575=DIRECTION('Axis2P3D Direction',(0.,0.,-1.)) ;
#6576=DIRECTION('Axis2P3D XDirection',(-1.,0.,0.)) ;
#6580=DIRECTION('Vector Direction',(0.,0.,-1.)) ;
#6592=DIRECTION('Axis2P3D Direction',(0.,1.,0.)) ;
#6593=DIRECTION('Axis2P3D XDirection',(0.,0.,1.)) ;
#6597=DIRECTION('Vector Direction',(1.,0.,0.)) ;
#6609=DIRECTION('Axis2P3D Direction',(-0.966318473676,0.257349193573,0.)) ;
#6610=DIRECTION('Axis2P3D XDirection',(0.257349193573,0.966318473676,0.)) ;
#6614=DIRECTION('Vector Direction',(0.,0.,-1.)) ;
#6626=DIRECTION('Axis2P3D Direction',(0.966318473676,0.257349193573,0.)) ;
#6627=DIRECTION('Axis2P3D XDirection',(0.257349193573,-0.966318473676,0.)) ;
#6638=DIRECTION('Axis2P3D Direction',(-0.966318473676,0.257349193573,0.)) ;
#6639=DIRECTION('Axis2P3D XDirection',(0.257349193573,0.966318473676,0.)) ;
#6643=DIRECTION('Vector Direction',(0.,0.,-1.)) ;
#6655=DIRECTION('Axis2P3D Direction',(0.966318473676,0.257349193573,0.)) ;
#6656=DIRECTION('Axis2P3D XDirection',(0.257349193573,-0.966318473676,0.)) ;
#6667=DIRECTION('Axis2P3D Direction',(-0.966318473676,0.257349193573,0.)) ;
#6668=DIRECTION('Axis2P3D XDirection',(0.257349193573,0.966318473676,0.)) ;
#6672=DIRECTION('Vector Direction',(0.,0.,-1.)) ;
#6684=DIRECTION('Axis2P3D Direction',(0.966318473676,0.257349193573,0.)) ;
#6685=DIRECTION('Axis2P3D XDirection',(0.257349193573,-0.966318473676,0.)) ;
#6696=DIRECTION('Axis2P3D Direction',(-0.966318473676,0.257349193573,0.)) ;
#6697=DIRECTION('Axis2P3D XDirection',(0.257349193573,0.966318473676,0.)) ;
#6701=DIRECTION('Vector Direction',(0.,0.,-1.)) ;
#6713=DIRECTION('Axis2P3D Direction',(0.966318473676,0.257349193573,0.)) ;
#6714=DIRECTION('Axis2P3D XDirection',(0.257349193573,-0.966318473676,0.)) ;
#6725=DIRECTION('Axis2P3D Direction',(-0.966318473676,0.257349193573,0.)) ;
#6726=DIRECTION('Axis2P3D XDirection',(0.257349193573,0.966318473676,0.)) ;
#6730=DIRECTION('Vector Direction',(0.,0.,-1.)) ;
#6742=DIRECTION('Axis2P3D Direction',(0.966318473676,0.257349193573,0.)) ;
#6743=DIRECTION('Axis2P3D XDirection',(0.257349193573,-0.966318473676,0.)) ;
#6754=DIRECTION('Axis2P3D Direction',(-0.966318473676,0.257349193573,0.)) ;
#6755=DIRECTION('Axis2P3D XDirection',(0.257349193573,0.966318473676,0.)) ;
#6759=DIRECTION('Vector Direction',(0.,0.,-1.)) ;
#6771=DIRECTION('Axis2P3D Direction',(0.966318473676,0.257349193573,0.)) ;
#6772=DIRECTION('Axis2P3D XDirection',(0.257349193573,-0.966318473676,0.)) ;
#6783=DIRECTION('Axis2P3D Direction',(-0.966318473676,0.257349193573,0.)) ;
#6784=DIRECTION('Axis2P3D XDirection',(0.257349193573,0.966318473676,0.)) ;
#6788=DIRECTION('Vector Direction',(0.,0.,-1.)) ;
#6800=DIRECTION('Axis2P3D Direction',(0.966318473676,0.257349193573,0.)) ;
#6801=DIRECTION('Axis2P3D XDirection',(0.257349193573,-0.966318473676,0.)) ;
#6812=DIRECTION('Axis2P3D Direction',(-0.966318473676,0.257349193573,0.)) ;
#6813=DIRECTION('Axis2P3D XDirection',(0.257349193573,0.966318473676,0.)) ;
#6817=DIRECTION('Vector Direction',(0.,0.,-1.)) ;
#6829=DIRECTION('Axis2P3D Direction',(0.966318473676,0.257349193573,0.)) ;
#6830=DIRECTION('Axis2P3D XDirection',(0.257349193573,-0.966318473676,0.)) ;
#6841=DIRECTION('Axis2P3D Direction',(-0.,-1.,0.)) ;
#6842=DIRECTION('Axis2P3D XDirection',(1.,-0.,0.)) ;
#6853=DIRECTION('Axis2P3D Direction',(0.,-0.975159491866,-0.221503872256)) ;
#6854=DIRECTION('Axis2P3D XDirection',(0.,0.221503872256,-0.975159491866)) ;
#6858=DIRECTION('Vector Direction',(-1.,0.,0.)) ;
#6867=DIRECTION('Vector Direction',(0.,0.221503872256,-0.975159491866)) ;
#6874=DIRECTION('Vector Direction',(-1.,0.,0.)) ;
#6879=DIRECTION('Vector Direction',(1.,0.,0.)) ;
#6884=DIRECTION('Vector Direction',(1.,0.,0.)) ;
#6891=DIRECTION('Vector Direction',(0.,0.221503872256,-0.975159491866)) ;
#6907=DIRECTION('Axis2P3D Direction',(0.,-0.221503872256,0.975159491866)) ;
#6908=DIRECTION('Axis2P3D XDirection',(-1.,0.,0.)) ;
#6912=DIRECTION('Vector Direction',(0.,-0.975159491866,-0.221503872256)) ;
#6924=DIRECTION('Axis2P3D Direction',(0.,0.,-1.)) ;
#6925=DIRECTION('Axis2P3D XDirection',(0.,1.,0.)) ;
#6929=DIRECTION('Vector Direction',(1.,0.,0.)) ;
#6941=DIRECTION('Vector Direction',(1.,0.,0.)) ;
#6952=DIRECTION('Vector Direction',(1.,0.,0.)) ;
#6961=DIRECTION('Vector Direction',(0.,0.,1.)) ;
#6968=DIRECTION('Vector Direction',(-1.,0.,0.)) ;
#6975=DIRECTION('Vector Direction',(0.,0.,-1.)) ;
#6987=DIRECTION('Axis2P3D Direction',(1.,0.,0.)) ;
#6988=DIRECTION('Axis2P3D XDirection',(0.,-1.,0.)) ;
#6999=DIRECTION('Axis2P3D Direction',(-1.,-0.,0.)) ;
#7000=DIRECTION('Axis2P3D XDirection',(-0.,0.221503872256,-0.975159491866)) ;
#7004=DIRECTION('Vector Direction',(0.,-0.532914999305,-0.846168779568)) ;
#7011=DIRECTION('Vector Direction',(0.,-0.975159491866,-0.221503872256)) ;
#7016=DIRECTION('Vector Direction',(0.,-0.966905647801,0.25513421615)) ;
#7036=DIRECTION('Axis2P3D Direction',(-1.,-0.,0.)) ;
#7037=DIRECTION('Axis2P3D XDirection',(-0.,0.221503872256,-0.975159491866)) ;
#7041=DIRECTION('Vector Direction',(0.,-0.966905647801,0.25513421615)) ;
#7048=DIRECTION('Vector Direction',(0.,-0.532914999305,-0.846168779568)) ;
#7061=DIRECTION('Axis2P3D Direction',(-0.,0.25513424198,0.966905640985)) ;
#7062=DIRECTION('Axis2P3D XDirection',(0.,-0.966905640985,0.25513424198)) ;
#7066=DIRECTION('Vector Direction',(-1.,0.,0.)) ;
#7078=DIRECTION('Axis2P3D Direction',(0.,0.987920491916,-0.154961613481)) ;
#7079=DIRECTION('Axis2P3D XDirection',(-1.,0.,0.)) ;
#7094=DIRECTION('Axis2P3D Direction',(0.,1.,0.)) ;
#7095=DIRECTION('Axis2P3D XDirection',(-1.,0.,0.)) ;
#7120=DIRECTION('Axis2P3D Direction',(0.,-0.846168779568,0.532914999305)) ;
#7121=DIRECTION('Axis2P3D XDirection',(-1.,0.,0.)) ;
#7132=DIRECTION('Axis2P3D Direction',(0.,0.,-1.)) ;
#7133=DIRECTION('Axis2P3D XDirection',(1.,0.,0.)) ;
#7137=DIRECTION('Vector Direction',(0.,-1.,0.)) ;
#7144=DIRECTION('Vector Direction',(0.,-1.,0.)) ;
#7151=DIRECTION('Vector Direction',(1.,0.,0.)) ;
#7163=DIRECTION('Axis2P3D Direction',(1.,0.,-0.)) ;
#7164=DIRECTION('Axis2P3D XDirection',(0.,0.,1.)) ;
#7168=DIRECTION('Vector Direction',(0.,-1.,0.)) ;
#7175=DIRECTION('Vector Direction',(0.,0.,1.)) ;
#7187=DIRECTION('Axis2P3D Direction',(0.,0.,1.)) ;
#7188=DIRECTION('Axis2P3D XDirection',(-1.,0.,0.)) ;
#7192=DIRECTION('Vector Direction',(0.,-1.,0.)) ;
#7199=DIRECTION('Vector Direction',(-1.,0.,0.)) ;
#7211=DIRECTION('Axis2P3D Direction',(-1.,0.,0.)) ;
#7212=DIRECTION('Axis2P3D XDirection',(-0.,0.,-1.)) ;
#7216=DIRECTION('Vector Direction',(0.,0.,-1.)) ;
#7246=DIRECTION('NONE',(1.,0.,0.)) ;
#7247=DIRECTION('NONE',(0.,0.,1.)) ;
#7248=DIRECTION('NONE',(0.999962085458,-0.0061552644536,0.00615957507187)) ;
#7249=DIRECTION('NONE',(-0.00615957507187,-0.999980797686,0.000681098302873)) ;
#7490=DIRECTION('Axis2P3D Direction',(0.,1.,0.)) ;
#7491=DIRECTION('Axis2P3D XDirection',(-1.,0.,0.)) ;
#7916=DIRECTION('Axis2P3D Direction',(-0.00615957507187,-0.999980797686,0.000681098302873)) ;
#7917=DIRECTION('Axis2P3D XDirection',(0.975822517084,-0.00615957507187,-0.218477629944)) ;
#7937=DIRECTION('NONE',(1.,0.,0.)) ;
#7938=DIRECTION('NONE',(0.,0.,1.)) ;
#7939=DIRECTION('NONE',(1.,0.,0.)) ;
#7940=DIRECTION('NONE',(0.,0.,1.)) ;
#7952=DIRECTION('NONE',(1.,0.,0.)) ;
#7953=DIRECTION('NONE',(0.,0.,1.)) ;
#7954=DIRECTION('NONE',(1.,0.,0.)) ;
#7955=DIRECTION('NONE',(0.,-1.,0.)) ;
#66=AXIS2_PLACEMENT_3D('Cylinder Axis2P3D',#63,#64,#65) ;
#79=AXIS2_PLACEMENT_3D('Circle Axis2P3D',#77,#78,$) ;
#93=AXIS2_PLACEMENT_3D('Circle Axis2P3D',#91,#92,$) ;
#106=AXIS2_PLACEMENT_3D('Cylinder Axis2P3D',#103,#104,#105) ;
#110=AXIS2_PLACEMENT_3D('Circle Axis2P3D',#108,#109,$) ;
#115=AXIS2_PLACEMENT_3D('Circle Axis2P3D',#113,#114,$) ;
#128=AXIS2_PLACEMENT_3D('Plane Axis2P3D',#125,#126,#127) ;
#141=AXIS2_PLACEMENT_3D('Circle Axis2P3D',#139,#140,$) ;
#155=AXIS2_PLACEMENT_3D('Circle Axis2P3D',#153,#154,$) ;
#169=AXIS2_PLACEMENT_3D('Circle Axis2P3D',#167,#168,$) ;
#183=AXIS2_PLACEMENT_3D('Circle Axis2P3D',#181,#182,$) ;
#204=AXIS2_PLACEMENT_3D('Plane Axis2P3D',#201,#202,#203) ;
#214=AXIS2_PLACEMENT_3D('Plane Axis2P3D',#211,#212,#213) ;
#245=AXIS2_PLACEMENT_3D('Cylinder Axis2P3D',#242,#243,#244) ;
#256=AXIS2_PLACEMENT_3D('Circle Axis2P3D',#254,#255,$) ;
#269=AXIS2_PLACEMENT_3D('Plane Axis2P3D',#266,#267,#268) ;
#357=AXIS2_PLACEMENT_3D('Cylinder Axis2P3D',#354,#355,#356) ;
#368=AXIS2_PLACEMENT_3D('Circle Axis2P3D',#366,#367,$) ;
#381=AXIS2_PLACEMENT_3D('Plane Axis2P3D',#378,#379,#380) ;
#405=AXIS2_PLACEMENT_3D('Cylinder Axis2P3D',#402,#403,#404) ;
#416=AXIS2_PLACEMENT_3D('Circle Axis2P3D',#414,#415,$) ;
#429=AXIS2_PLACEMENT_3D('Plane Axis2P3D',#426,#427,#428) ;
#517=AXIS2_PLACEMENT_3D('Cylinder Axis2P3D',#514,#515,#516) ;
#521=AXIS2_PLACEMENT_3D('Circle Axis2P3D',#519,#520,$) ;
#534=AXIS2_PLACEMENT_3D('Plane Axis2P3D',#531,#532,#533) ;
#545=AXIS2_PLACEMENT_3D('Circle Axis2P3D',#543,#544,$) ;
#569=AXIS2_PLACEMENT_3D('Plane Axis2P3D',#566,#567,#568) ;
#582=AXIS2_PLACEMENT_3D('Circle Axis2P3D',#580,#581,$) ;
#662=AXIS2_PLACEMENT_3D('Circle Axis2P3D',#660,#661,$) ;
#675=AXIS2_PLACEMENT_3D('Plane Axis2P3D',#672,#673,#674) ;
#686=AXIS2_PLACEMENT_3D('Circle Axis2P3D',#684,#685,$) ;
#698=AXIS2_PLACEMENT_3D('Circle Axis2P3D',#696,#697,$) ;
#705=AXIS2_PLACEMENT_3D('Circle Axis2P3D',#703,#704,$) ;
#730=AXIS2_PLACEMENT_3D('Plane Axis2P3D',#727,#728,#729) ;
#753=AXIS2_PLACEMENT_3D('Circle Axis2P3D',#751,#752,$) ;
#760=AXIS2_PLACEMENT_3D('Circle Axis2P3D',#758,#759,$) ;
#785=AXIS2_PLACEMENT_3D('Plane Axis2P3D',#782,#783,#784) ;
#808=AXIS2_PLACEMENT_3D('Circle Axis2P3D',#806,#807,$) ;
#822=AXIS2_PLACEMENT_3D('Circle Axis2P3D',#820,#821,$) ;
#827=AXIS2_PLACEMENT_3D('Circle Axis2P3D',#825,#826,$) ;
#871=AXIS2_PLACEMENT_3D('Circle Axis2P3D',#869,#870,$) ;
#993=AXIS2_PLACEMENT_3D('Cylinder Axis2P3D',#990,#991,#992) ;
#1005=AXIS2_PLACEMENT_3D('Plane Axis2P3D',#1002,#1003,#1004) ;
#1036=AXIS2_PLACEMENT_3D('Cylinder Axis2P3D',#1033,#1034,#1035) ;
#1040=AXIS2_PLACEMENT_3D('Circle Axis2P3D',#1038,#1039,$) ;
#1189=AXIS2_PLACEMENT_3D('Cylinder Axis2P3D',#1186,#1187,#1188) ;
#1213=AXIS2_PLACEMENT_3D('Plane Axis2P3D',#1210,#1211,#1212) ;
#1236=AXIS2_PLACEMENT_3D('Circle Axis2P3D',#1234,#1235,$) ;
#1268=AXIS2_PLACEMENT_3D('Plane Axis2P3D',#1265,#1266,#1267) ;
#1272=AXIS2_PLACEMENT_3D('Circle Axis2P3D',#1270,#1271,$) ;
#1286=AXIS2_PLACEMENT_3D('Circle Axis2P3D',#1284,#1285,$) ;
#1303=AXIS2_PLACEMENT_3D('Plane Axis2P3D',#1300,#1301,#1302) ;
#1316=AXIS2_PLACEMENT_3D('Circle Axis2P3D',#1314,#1315,$) ;
#1323=AXIS2_PLACEMENT_3D('Circle Axis2P3D',#1321,#1322,$) ;
#1404=AXIS2_PLACEMENT_3D('Circle Axis2P3D',#1402,#1403,$) ;
#1423=AXIS2_PLACEMENT_3D('Circle Axis2P3D',#1421,#1422,$) ;
#1460=AXIS2_PLACEMENT_3D('Circle Axis2P3D',#1458,#1459,$) ;
#1645=AXIS2_PLACEMENT_3D('Circle Axis2P3D',#1643,#1644,$) ;
#1657=AXIS2_PLACEMENT_3D('Circle Axis2P3D',#1655,#1656,$) ;
#1769=AXIS2_PLACEMENT_3D('Circle Axis2P3D',#1767,#1768,$) ;
#1801=AXIS2_PLACEMENT_3D('Plane Axis2P3D',#1798,#1799,#1800) ;
#1814=AXIS2_PLACEMENT_3D('Circle Axis2P3D',#1812,#1813,$) ;
#1894=AXIS2_PLACEMENT_3D('Circle Axis2P3D',#1892,#1893,$) ;
#1907=AXIS2_PLACEMENT_3D('Plane Axis2P3D',#1904,#1905,#1906) ;
#1918=AXIS2_PLACEMENT_3D('Circle Axis2P3D',#1916,#1917,$) ;
#1935=AXIS2_PLACEMENT_3D('Circle Axis2P3D',#1933,#1934,$) ;
#1949=AXIS2_PLACEMENT_3D('Circle Axis2P3D',#1947,#1948,$) ;
#1986=AXIS2_PLACEMENT_3D('Circle Axis2P3D',#1984,#1985,$) ;
#2125=AXIS2_PLACEMENT_3D('Circle Axis2P3D',#2123,#2124,$) ;
#2260=AXIS2_PLACEMENT_3D('Circle Axis2P3D',#2258,#2259,$) ;
#2308=AXIS2_PLACEMENT_3D('Plane Axis2P3D',#2305,#2306,#2307) ;
#2325=AXIS2_PLACEMENT_3D('Plane Axis2P3D',#2322,#2323,#2324) ;
#2410=AXIS2_PLACEMENT_3D('Plane Axis2P3D',#2407,#2408,#2409) ;
#2507=AXIS2_PLACEMENT_3D('Plane Axis2P3D',#2504,#2505,#2506) ;
#2540=AXIS2_PLACEMENT_3D('Plane Axis2P3D',#2537,#2538,#2539) ;
#2571=AXIS2_PLACEMENT_3D('Cylinder Axis2P3D',#2568,#2569,#2570) ;
#2575=AXIS2_PLACEMENT_3D('Circle Axis2P3D',#2573,#2574,$) ;
#2595=AXIS2_PLACEMENT_3D('Plane Axis2P3D',#2592,#2593,#2594) ;
#2608=AXIS2_PLACEMENT_3D('Circle Axis2P3D',#2606,#2607,$) ;
#2620=AXIS2_PLACEMENT_3D('Circle Axis2P3D',#2618,#2619,$) ;
#2721=AXIS2_PLACEMENT_3D('Cylinder Axis2P3D',#2718,#2719,#2720) ;
#2739=AXIS2_PLACEMENT_3D('Circle Axis2P3D',#2737,#2738,$) ;
#2754=AXIS2_PLACEMENT_3D('Cylinder Axis2P3D',#2751,#2752,#2753) ;
#2765=AXIS2_PLACEMENT_3D('Circle Axis2P3D',#2763,#2764,$) ;
#2794=AXIS2_PLACEMENT_3D('Cylinder Axis2P3D',#2791,#2792,#2793) ;
#2798=AXIS2_PLACEMENT_3D('Circle Axis2P3D',#2796,#2797,$) ;
#2818=AXIS2_PLACEMENT_3D('Plane Axis2P3D',#2815,#2816,#2817) ;
#2835=AXIS2_PLACEMENT_3D('Plane Axis2P3D',#2832,#2833,#2834) ;
#2882=AXIS2_PLACEMENT_3D('Cylinder Axis2P3D',#2879,#2880,#2881) ;
#2886=AXIS2_PLACEMENT_3D('Circle Axis2P3D',#2884,#2885,$) ;
#2900=AXIS2_PLACEMENT_3D('Circle Axis2P3D',#2898,#2899,$) ;
#2913=AXIS2_PLACEMENT_3D('Torus Axis2P3D',#2910,#2911,#2912) ;
#2917=AXIS2_PLACEMENT_3D('Circle Axis2P3D',#2915,#2916,$) ;
#2930=AXIS2_PLACEMENT_3D('Cylinder Axis2P3D',#2927,#2928,#2929) ;
#2943=AXIS2_PLACEMENT_3D('Circle Axis2P3D',#2941,#2942,$) ;
#2948=AXIS2_PLACEMENT_3D('Circle Axis2P3D',#2946,#2947,$) ;
#2961=AXIS2_PLACEMENT_3D('Torus Axis2P3D',#2958,#2959,#2960) ;
#2965=AXIS2_PLACEMENT_3D('Circle Axis2P3D',#2963,#2964,$) ;
#2978=AXIS2_PLACEMENT_3D('Cylinder Axis2P3D',#2975,#2976,#2977) ;
#2989=AXIS2_PLACEMENT_3D('Circle Axis2P3D',#2987,#2988,$) ;
#3002=AXIS2_PLACEMENT_3D('Plane Axis2P3D',#2999,#3000,#3001) ;
#3015=AXIS2_PLACEMENT_3D('Circle Axis2P3D',#3013,#3014,$) ;
#3034=AXIS2_PLACEMENT_3D('Circle Axis2P3D',#3032,#3033,$) ;
#3081=AXIS2_PLACEMENT_3D('Circle Axis2P3D',#3079,#3080,$) ;
#3097=AXIS2_PLACEMENT_3D('Circle Axis2P3D',#3095,#3096,$) ;
#3111=AXIS2_PLACEMENT_3D('Circle Axis2P3D',#3109,#3110,$) ;
#3125=AXIS2_PLACEMENT_3D('Circle Axis2P3D',#3123,#3124,$) ;
#3149=AXIS2_PLACEMENT_3D('Plane Axis2P3D',#3146,#3147,#3148) ;
#3180=AXIS2_PLACEMENT_3D('Plane Axis2P3D',#3177,#3178,#3179) ;
#3204=AXIS2_PLACEMENT_3D('Plane Axis2P3D',#3201,#3202,#3203) ;
#3228=AXIS2_PLACEMENT_3D('Plane Axis2P3D',#3225,#3226,#3227) ;
#3271=AXIS2_PLACEMENT_3D('Plane Axis2P3D',#3268,#3269,#3270) ;
#3314=AXIS2_PLACEMENT_3D('Plane Axis2P3D',#3311,#3312,#3313) ;
#3360=AXIS2_PLACEMENT_3D('Circle Axis2P3D',#3358,#3359,$) ;
#3398=AXIS2_PLACEMENT_3D('Circle Axis2P3D',#3396,#3397,$) ;
#3489=AXIS2_PLACEMENT_3D('Torus Axis2P3D',#3486,#3487,#3488) ;
#3493=AXIS2_PLACEMENT_3D('Circle Axis2P3D',#3491,#3492,$) ;
#3506=AXIS2_PLACEMENT_3D('Torus Axis2P3D',#3503,#3504,#3505) ;
#3510=AXIS2_PLACEMENT_3D('Circle Axis2P3D',#3508,#3509,$) ;
#3517=AXIS2_PLACEMENT_3D('Circle Axis2P3D',#3515,#3516,$) ;
#3541=AXIS2_PLACEMENT_3D('Cylinder Axis2P3D',#3538,#3539,#3540) ;
#3558=AXIS2_PLACEMENT_3D('Plane Axis2P3D',#3555,#3556,#3557) ;
#3562=AXIS2_PLACEMENT_3D('Circle Axis2P3D',#3560,#3561,$) ;
#3631=AXIS2_PLACEMENT_3D('Plane Axis2P3D',#3628,#3629,#3630) ;
#3655=AXIS2_PLACEMENT_3D('Plane Axis2P3D',#3652,#3653,#3654) ;
#3701=AXIS2_PLACEMENT_3D('Circle Axis2P3D',#3699,#3700,$) ;
#3721=AXIS2_PLACEMENT_3D('Plane Axis2P3D',#3718,#3719,#3720) ;
#3738=AXIS2_PLACEMENT_3D('Plane Axis2P3D',#3735,#3736,#3737) ;
#3755=AXIS2_PLACEMENT_3D('Cylinder Axis2P3D',#3752,#3753,#3754) ;
#3767=AXIS2_PLACEMENT_3D('Cylinder Axis2P3D',#3764,#3765,#3766) ;
#3779=AXIS2_PLACEMENT_3D('Plane Axis2P3D',#3776,#3777,#3778) ;
#3803=AXIS2_PLACEMENT_3D('Plane Axis2P3D',#3800,#3801,#3802) ;
#3827=AXIS2_PLACEMENT_3D('Plane Axis2P3D',#3824,#3825,#3826) ;
#3844=AXIS2_PLACEMENT_3D('Cylinder Axis2P3D',#3841,#3842,#3843) ;
#3848=AXIS2_PLACEMENT_3D('Circle Axis2P3D',#3846,#3847,$) ;
#3875=AXIS2_PLACEMENT_3D('Plane Axis2P3D',#3872,#3873,#3874) ;
#3915=AXIS2_PLACEMENT_3D('Cylinder Axis2P3D',#3912,#3913,#3914) ;
#3919=AXIS2_PLACEMENT_3D('Circle Axis2P3D',#3917,#3918,$) ;
#3939=AXIS2_PLACEMENT_3D('Plane Axis2P3D',#3936,#3937,#3938) ;
#4253=AXIS2_PLACEMENT_3D('Cylinder Axis2P3D',#4250,#4251,#4252) ;
#4257=AXIS2_PLACEMENT_3D('Circle Axis2P3D',#4255,#4256,$) ;
#4277=AXIS2_PLACEMENT_3D('Plane Axis2P3D',#4274,#4275,#4276) ;
#4317=AXIS2_PLACEMENT_3D('Cylinder Axis2P3D',#4314,#4315,#4316) ;
#4321=AXIS2_PLACEMENT_3D('Circle Axis2P3D',#4319,#4320,$) ;
#4341=AXIS2_PLACEMENT_3D('Plane Axis2P3D',#4338,#4339,#4340) ;
#4390=AXIS2_PLACEMENT_3D('Plane Axis2P3D',#4387,#4388,#4389) ;
#4409=AXIS2_PLACEMENT_3D('Plane Axis2P3D',#4406,#4407,#4408) ;
#4426=AXIS2_PLACEMENT_3D('Plane Axis2P3D',#4423,#4424,#4425) ;
#4438=AXIS2_PLACEMENT_3D('Plane Axis2P3D',#4435,#4436,#4437) ;
#4469=AXIS2_PLACEMENT_3D('Plane Axis2P3D',#4466,#4467,#4468) ;
#4493=AXIS2_PLACEMENT_3D('Plane Axis2P3D',#4490,#4491,#4492) ;
#4517=AXIS2_PLACEMENT_3D('Plane Axis2P3D',#4514,#4515,#4516) ;
#4560=AXIS2_PLACEMENT_3D('Plane Axis2P3D',#4557,#4558,#4559) ;
#4603=AXIS2_PLACEMENT_3D('Plane Axis2P3D',#4600,#4601,#4602) ;
#4620=AXIS2_PLACEMENT_3D('Cylinder Axis2P3D',#4617,#4618,#4619) ;
#4637=AXIS2_PLACEMENT_3D('Plane Axis2P3D',#4634,#4635,#4636) ;
#4720=AXIS2_PLACEMENT_3D('Plane Axis2P3D',#4717,#4718,#4719) ;
#4839=AXIS2_PLACEMENT_3D('Plane Axis2P3D',#4836,#4837,#4838) ;
#4856=AXIS2_PLACEMENT_3D('Plane Axis2P3D',#4853,#4854,#4855) ;
#4873=AXIS2_PLACEMENT_3D('Plane Axis2P3D',#4870,#4871,#4872) ;
#4885=AXIS2_PLACEMENT_3D('Plane Axis2P3D',#4882,#4883,#4884) ;
#4910=AXIS2_PLACEMENT_3D('Plane Axis2P3D',#4907,#4908,#4909) ;
#4934=AXIS2_PLACEMENT_3D('Plane Axis2P3D',#4931,#4932,#4933) ;
#5226=AXIS2_PLACEMENT_3D('Plane Axis2P3D',#5223,#5224,#5225) ;
#5250=AXIS2_PLACEMENT_3D('Plane Axis2P3D',#5247,#5248,#5249) ;
#5282=AXIS2_PLACEMENT_3D('Plane Axis2P3D',#5279,#5280,#5281) ;
#5299=AXIS2_PLACEMENT_3D('Plane Axis2P3D',#5296,#5297,#5298) ;
#5350=AXIS2_PLACEMENT_3D('Plane Axis2P3D',#5347,#5348,#5349) ;
#5367=AXIS2_PLACEMENT_3D('Plane Axis2P3D',#5364,#5365,#5366) ;
#5418=AXIS2_PLACEMENT_3D('Plane Axis2P3D',#5415,#5416,#5417) ;
#5435=AXIS2_PLACEMENT_3D('Plane Axis2P3D',#5432,#5433,#5434) ;
#5498=AXIS2_PLACEMENT_3D('Plane Axis2P3D',#5495,#5496,#5497) ;
#5561=AXIS2_PLACEMENT_3D('Plane Axis2P3D',#5558,#5559,#5560) ;
#5612=AXIS2_PLACEMENT_3D('Plane Axis2P3D',#5609,#5610,#5611) ;
#5629=AXIS2_PLACEMENT_3D('Plane Axis2P3D',#5626,#5627,#5628) ;
#5680=AXIS2_PLACEMENT_3D('Plane Axis2P3D',#5677,#5678,#5679) ;
#5697=AXIS2_PLACEMENT_3D('Plane Axis2P3D',#5694,#5695,#5696) ;
#5748=AXIS2_PLACEMENT_3D('Plane Axis2P3D',#5745,#5746,#5747) ;
#5765=AXIS2_PLACEMENT_3D('Plane Axis2P3D',#5762,#5763,#5764) ;
#5796=AXIS2_PLACEMENT_3D('Plane Axis2P3D',#5793,#5794,#5795) ;
#5820=AXIS2_PLACEMENT_3D('Plane Axis2P3D',#5817,#5818,#5819) ;
#5844=AXIS2_PLACEMENT_3D('Plane Axis2P3D',#5841,#5842,#5843) ;
#5893=AXIS2_PLACEMENT_3D('Plane Axis2P3D',#5890,#5891,#5892) ;
#5939=AXIS2_PLACEMENT_3D('Circle Axis2P3D',#5937,#5938,$) ;
#5959=AXIS2_PLACEMENT_3D('Plane Axis2P3D',#5956,#5957,#5958) ;
#6015=AXIS2_PLACEMENT_3D('Plane Axis2P3D',#6012,#6013,#6014) ;
#6019=AXIS2_PLACEMENT_3D('Circle Axis2P3D',#6017,#6018,$) ;
#6088=AXIS2_PLACEMENT_3D('Plane Axis2P3D',#6085,#6086,#6087) ;
#6119=AXIS2_PLACEMENT_3D('Plane Axis2P3D',#6116,#6117,#6118) ;
#6143=AXIS2_PLACEMENT_3D('Plane Axis2P3D',#6140,#6141,#6142) ;
#6186=AXIS2_PLACEMENT_3D('Plane Axis2P3D',#6183,#6184,#6185) ;
#6229=AXIS2_PLACEMENT_3D('Plane Axis2P3D',#6226,#6227,#6228) ;
#6253=AXIS2_PLACEMENT_3D('Plane Axis2P3D',#6250,#6251,#6252) ;
#6270=AXIS2_PLACEMENT_3D('Cylinder Axis2P3D',#6267,#6268,#6269) ;
#6307=AXIS2_PLACEMENT_3D('Cylinder Axis2P3D',#6304,#6305,#6306) ;
#6334=AXIS2_PLACEMENT_3D('Cylinder Axis2P3D',#6331,#6332,#6333) ;
#6361=AXIS2_PLACEMENT_3D('Cylinder Axis2P3D',#6358,#6359,#6360) ;
#6378=AXIS2_PLACEMENT_3D('Cylinder Axis2P3D',#6375,#6376,#6377) ;
#6415=AXIS2_PLACEMENT_3D('Cylinder Axis2P3D',#6412,#6413,#6414) ;
#6442=AXIS2_PLACEMENT_3D('Cylinder Axis2P3D',#6439,#6440,#6441) ;
#6469=AXIS2_PLACEMENT_3D('Cylinder Axis2P3D',#6466,#6467,#6468) ;
#6486=AXIS2_PLACEMENT_3D('Cylinder Axis2P3D',#6483,#6484,#6485) ;
#6523=AXIS2_PLACEMENT_3D('Cylinder Axis2P3D',#6520,#6521,#6522) ;
#6550=AXIS2_PLACEMENT_3D('Cylinder Axis2P3D',#6547,#6548,#6549) ;
#6577=AXIS2_PLACEMENT_3D('Cylinder Axis2P3D',#6574,#6575,#6576) ;
#6594=AXIS2_PLACEMENT_3D('Plane Axis2P3D',#6591,#6592,#6593) ;
#6611=AXIS2_PLACEMENT_3D('Plane Axis2P3D',#6608,#6609,#6610) ;
#6628=AXIS2_PLACEMENT_3D('Plane Axis2P3D',#6625,#6626,#6627) ;
#6640=AXIS2_PLACEMENT_3D('Plane Axis2P3D',#6637,#6638,#6639) ;
#6657=AXIS2_PLACEMENT_3D('Plane Axis2P3D',#6654,#6655,#6656) ;
#6669=AXIS2_PLACEMENT_3D('Plane Axis2P3D',#6666,#6667,#6668) ;
#6686=AXIS2_PLACEMENT_3D('Plane Axis2P3D',#6683,#6684,#6685) ;
#6698=AXIS2_PLACEMENT_3D('Plane Axis2P3D',#6695,#6696,#6697) ;
#6715=AXIS2_PLACEMENT_3D('Plane Axis2P3D',#6712,#6713,#6714) ;
#6727=AXIS2_PLACEMENT_3D('Plane Axis2P3D',#6724,#6725,#6726) ;
#6744=AXIS2_PLACEMENT_3D('Plane Axis2P3D',#6741,#6742,#6743) ;
#6756=AXIS2_PLACEMENT_3D('Plane Axis2P3D',#6753,#6754,#6755) ;
#6773=AXIS2_PLACEMENT_3D('Plane Axis2P3D',#6770,#6771,#6772) ;
#6785=AXIS2_PLACEMENT_3D('Plane Axis2P3D',#6782,#6783,#6784) ;
#6802=AXIS2_PLACEMENT_3D('Plane Axis2P3D',#6799,#6800,#6801) ;
#6814=AXIS2_PLACEMENT_3D('Plane Axis2P3D',#6811,#6812,#6813) ;
#6831=AXIS2_PLACEMENT_3D('Plane Axis2P3D',#6828,#6829,#6830) ;
#6843=AXIS2_PLACEMENT_3D('Plane Axis2P3D',#6840,#6841,#6842) ;
#6855=AXIS2_PLACEMENT_3D('Plane Axis2P3D',#6852,#6853,#6854) ;
#6909=AXIS2_PLACEMENT_3D('Plane Axis2P3D',#6906,#6907,#6908) ;
#6926=AXIS2_PLACEMENT_3D('Plane Axis2P3D',#6923,#6924,#6925) ;
#6989=AXIS2_PLACEMENT_3D('Cylinder Axis2P3D',#6986,#6987,#6988) ;
#7001=AXIS2_PLACEMENT_3D('Plane Axis2P3D',#6998,#6999,#7000) ;
#7038=AXIS2_PLACEMENT_3D('Plane Axis2P3D',#7035,#7036,#7037) ;
#7063=AXIS2_PLACEMENT_3D('Plane Axis2P3D',#7060,#7061,#7062) ;
#7080=AXIS2_PLACEMENT_3D('Plane Axis2P3D',#7077,#7078,#7079) ;
#7096=AXIS2_PLACEMENT_3D('Plane Axis2P3D',#7093,#7094,#7095) ;
#7122=AXIS2_PLACEMENT_3D('Plane Axis2P3D',#7119,#7120,#7121) ;
#7134=AXIS2_PLACEMENT_3D('Plane Axis2P3D',#7131,#7132,#7133) ;
#7165=AXIS2_PLACEMENT_3D('Plane Axis2P3D',#7162,#7163,#7164) ;
#7189=AXIS2_PLACEMENT_3D('Plane Axis2P3D',#7186,#7187,#7188) ;
#7213=AXIS2_PLACEMENT_3D('Plane Axis2P3D',#7210,#7211,#7212) ;
#7242=AXIS2_PLACEMENT_3D(' ',#7245,#7249,#7248) ;
#7243=AXIS2_PLACEMENT_3D(' ',#7244,#7247,#7246) ;
#7492=AXIS2_PLACEMENT_3D('Plane Axis2P3D',#7489,#7490,#7491) ;
#7918=AXIS2_PLACEMENT_3D('Plane Axis2P3D',#7915,#7916,#7917) ;
#7933=AXIS2_PLACEMENT_3D(' ',#7936,#7940,#7939) ;
#7934=AXIS2_PLACEMENT_3D(' ',#7935,#7938,#7937) ;
#7948=AXIS2_PLACEMENT_3D(' ',#7951,#7955,#7954) ;
#7949=AXIS2_PLACEMENT_3D(' ',#7950,#7953,#7952) ;
#45=PRODUCT_DEFINITION_SHAPE(' ',' ',#17) ;
#61=PRODUCT_DEFINITION_SHAPE(' ',' ',#58) ;
#7238=PRODUCT_DEFINITION_SHAPE(' ',' ',#7237) ;
#7259=PRODUCT_DEFINITION_SHAPE(' ',' ',#7256) ;
#7929=PRODUCT_DEFINITION_SHAPE(' ',' ',#7928) ;
#7944=PRODUCT_DEFINITION_SHAPE(' ',' ',#7943) ;
#34=APPROVAL_PERSON_ORGANIZATION(#28,#24,#22) ;
#28=PERSON_AND_ORGANIZATION(#25,#26) ;
#25=PERSON(' ',' ',' ',$,$,$) ;
#26=ORGANIZATION(' ',' ',' ') ;
#24=APPROVAL(#23,' ') ;
#23=APPROVAL_STATUS('not_yet_approved') ;
#22=APPROVAL_ROLE('APPROVER') ;
#13=DATE_AND_TIME(#11,#12) ;
#12=LOCAL_TIME(16,59,35.,#10) ;
#10=COORDINATED_UNIVERSAL_TIME_OFFSET(0,0,.AHEAD.) ;
#97=ORIENTED_EDGE('',*,*,#76,.F.) ;
#98=ORIENTED_EDGE('',*,*,#83,.T.) ;
#99=ORIENTED_EDGE('',*,*,#90,.T.) ;
#100=ORIENTED_EDGE('',*,*,#95,.F.) ;
#119=ORIENTED_EDGE('',*,*,#90,.F.) ;
#120=ORIENTED_EDGE('',*,*,#112,.T.) ;
#121=ORIENTED_EDGE('',*,*,#76,.T.) ;
#122=ORIENTED_EDGE('',*,*,#117,.F.) ;
#187=ORIENTED_EDGE('',*,*,#138,.T.) ;
#188=ORIENTED_EDGE('',*,*,#145,.F.) ;
#189=ORIENTED_EDGE('',*,*,#152,.T.) ;
#190=ORIENTED_EDGE('',*,*,#159,.F.) ;
#191=ORIENTED_EDGE('',*,*,#166,.T.) ;
#192=ORIENTED_EDGE('',*,*,#173,.F.) ;
#193=ORIENTED_EDGE('',*,*,#180,.T.) ;
#194=ORIENTED_EDGE('',*,*,#185,.F.) ;
#197=ORIENTED_EDGE('',*,*,#83,.F.) ;
#198=ORIENTED_EDGE('',*,*,#112,.F.) ;
#207=ORIENTED_EDGE('',*,*,#95,.T.) ;
#208=ORIENTED_EDGE('',*,*,#117,.T.) ;
#236=ORIENTED_EDGE('',*,*,#224,.F.) ;
#237=ORIENTED_EDGE('',*,*,#229,.T.) ;
#238=ORIENTED_EDGE('',*,*,#138,.F.) ;
#239=ORIENTED_EDGE('',*,*,#234,.F.) ;
#260=ORIENTED_EDGE('',*,*,#253,.T.) ;
#261=ORIENTED_EDGE('',*,*,#145,.T.) ;
#262=ORIENTED_EDGE('',*,*,#229,.F.) ;
#263=ORIENTED_EDGE('',*,*,#258,.F.) ;
#340=ORIENTED_EDGE('',*,*,#279,.F.) ;
#341=ORIENTED_EDGE('',*,*,#286,.T.) ;
#342=ORIENTED_EDGE('',*,*,#293,.T.) ;
#343=ORIENTED_EDGE('',*,*,#300,.T.) ;
#344=ORIENTED_EDGE('',*,*,#307,.F.) ;
#345=ORIENTED_EDGE('',*,*,#312,.T.) ;
#346=ORIENTED_EDGE('',*,*,#152,.F.) ;
#347=ORIENTED_EDGE('',*,*,#253,.F.) ;
#348=ORIENTED_EDGE('',*,*,#319,.T.) ;
#349=ORIENTED_EDGE('',*,*,#326,.F.) ;
#350=ORIENTED_EDGE('',*,*,#333,.F.) ;
#351=ORIENTED_EDGE('',*,*,#338,.F.) ;
#372=ORIENTED_EDGE('',*,*,#365,.T.) ;
#373=ORIENTED_EDGE('',*,*,#159,.T.) ;
#374=ORIENTED_EDGE('',*,*,#312,.F.) ;
#375=ORIENTED_EDGE('',*,*,#370,.F.) ;
#396=ORIENTED_EDGE('',*,*,#389,.F.) ;
#397=ORIENTED_EDGE('',*,*,#394,.T.) ;
#398=ORIENTED_EDGE('',*,*,#166,.F.) ;
#399=ORIENTED_EDGE('',*,*,#365,.F.) ;
#420=ORIENTED_EDGE('',*,*,#413,.T.) ;
#421=ORIENTED_EDGE('',*,*,#173,.T.) ;
#422=ORIENTED_EDGE('',*,*,#394,.F.) ;
#423=ORIENTED_EDGE('',*,*,#418,.F.) ;
#500=ORIENTED_EDGE('',*,*,#439,.F.) ;
#501=ORIENTED_EDGE('',*,*,#446,.T.) ;
#502=ORIENTED_EDGE('',*,*,#453,.T.) ;
#503=ORIENTED_EDGE('',*,*,#460,.T.) ;
#504=ORIENTED_EDGE('',*,*,#467,.F.) ;
#505=ORIENTED_EDGE('',*,*,#472,.T.) ;
#506=ORIENTED_EDGE('',*,*,#180,.F.) ;
#507=ORIENTED_EDGE('',*,*,#413,.F.) ;
#508=ORIENTED_EDGE('',*,*,#479,.T.) ;
#509=ORIENTED_EDGE('',*,*,#486,.F.) ;
#510=ORIENTED_EDGE('',*,*,#493,.F.) ;
#511=ORIENTED_EDGE('',*,*,#498,.F.) ;
#525=ORIENTED_EDGE('',*,*,#234,.T.) ;
#526=ORIENTED_EDGE('',*,*,#185,.T.) ;
#527=ORIENTED_EDGE('',*,*,#472,.F.) ;
#528=ORIENTED_EDGE('',*,*,#523,.F.) ;
#556=ORIENTED_EDGE('',*,*,#542,.T.) ;
#557=ORIENTED_EDGE('',*,*,#549,.T.) ;
#558=ORIENTED_EDGE('',*,*,#554,.T.) ;
#559=ORIENTED_EDGE('',*,*,#319,.F.) ;
#560=ORIENTED_EDGE('',*,*,#258,.T.) ;
#561=ORIENTED_EDGE('',*,*,#224,.T.) ;
#562=ORIENTED_EDGE('',*,*,#523,.T.) ;
#563=ORIENTED_EDGE('',*,*,#467,.T.) ;
#643=ORIENTED_EDGE('',*,*,#579,.T.) ;
#644=ORIENTED_EDGE('',*,*,#586,.T.) ;
#645=ORIENTED_EDGE('',*,*,#593,.T.) ;
#646=ORIENTED_EDGE('',*,*,#600,.F.) ;
#647=ORIENTED_EDGE('',*,*,#617,.T.) ;
#648=ORIENTED_EDGE('',*,*,#279,.T.) ;
#649=ORIENTED_EDGE('',*,*,#636,.T.) ;
#650=ORIENTED_EDGE('',*,*,#641,.T.) ;
#666=ORIENTED_EDGE('',*,*,#659,.T.) ;
#667=ORIENTED_EDGE('',*,*,#664,.T.) ;
#668=ORIENTED_EDGE('',*,*,#286,.F.) ;
#669=ORIENTED_EDGE('',*,*,#617,.F.) ;
#716=ORIENTED_EDGE('',*,*,#293,.F.) ;
#717=ORIENTED_EDGE('',*,*,#664,.F.) ;
#718=ORIENTED_EDGE('',*,*,#683,.F.) ;
#719=ORIENTED_EDGE('',*,*,#688,.F.) ;
#720=ORIENTED_EDGE('',*,*,#493,.T.) ;
#721=ORIENTED_EDGE('',*,*,#695,.F.) ;
#722=ORIENTED_EDGE('',*,*,#702,.F.) ;
#723=ORIENTED_EDGE('',*,*,#709,.F.) ;
#724=ORIENTED_EDGE('',*,*,#714,.F.) ;
#745=ORIENTED_EDGE('',*,*,#714,.T.) ;
#746=ORIENTED_EDGE('',*,*,#738,.F.) ;
#747=ORIENTED_EDGE('',*,*,#743,.F.) ;
#748=ORIENTED_EDGE('',*,*,#300,.F.) ;
#771=ORIENTED_EDGE('',*,*,#743,.T.) ;
#772=ORIENTED_EDGE('',*,*,#757,.T.) ;
#773=ORIENTED_EDGE('',*,*,#764,.T.) ;
#774=ORIENTED_EDGE('',*,*,#769,.T.) ;
#775=ORIENTED_EDGE('',*,*,#479,.F.) ;
#776=ORIENTED_EDGE('',*,*,#418,.T.) ;
#777=ORIENTED_EDGE('',*,*,#389,.T.) ;
#778=ORIENTED_EDGE('',*,*,#370,.T.) ;
#779=ORIENTED_EDGE('',*,*,#307,.T.) ;
#800=ORIENTED_EDGE('',*,*,#326,.T.) ;
#801=ORIENTED_EDGE('',*,*,#554,.F.) ;
#802=ORIENTED_EDGE('',*,*,#793,.T.) ;
#803=ORIENTED_EDGE('',*,*,#798,.T.) ;
#838=ORIENTED_EDGE('',*,*,#453,.F.) ;
#839=ORIENTED_EDGE('',*,*,#812,.F.) ;
#840=ORIENTED_EDGE('',*,*,#819,.F.) ;
#841=ORIENTED_EDGE('',*,*,#824,.F.) ;
#842=ORIENTED_EDGE('',*,*,#333,.T.) ;
#843=ORIENTED_EDGE('',*,*,#798,.F.) ;
#844=ORIENTED_EDGE('',*,*,#831,.F.) ;
#845=ORIENTED_EDGE('',*,*,#836,.F.) ;
#854=ORIENTED_EDGE('',*,*,#338,.T.) ;
#855=ORIENTED_EDGE('',*,*,#824,.T.) ;
#856=ORIENTED_EDGE('',*,*,#852,.F.) ;
#857=ORIENTED_EDGE('',*,*,#636,.F.) ;
#932=ORIENTED_EDGE('',*,*,#868,.T.) ;
#933=ORIENTED_EDGE('',*,*,#875,.T.) ;
#934=ORIENTED_EDGE('',*,*,#882,.T.) ;
#935=ORIENTED_EDGE('',*,*,#889,.F.) ;
#936=ORIENTED_EDGE('',*,*,#906,.T.) ;
#937=ORIENTED_EDGE('',*,*,#439,.T.) ;
#938=ORIENTED_EDGE('',*,*,#925,.T.) ;
#939=ORIENTED_EDGE('',*,*,#930,.T.) ;
#948=ORIENTED_EDGE('',*,*,#946,.T.) ;
#949=ORIENTED_EDGE('',*,*,#812,.T.) ;
#950=ORIENTED_EDGE('',*,*,#446,.F.) ;
#951=ORIENTED_EDGE('',*,*,#906,.F.) ;
#960=ORIENTED_EDGE('',*,*,#460,.F.) ;
#961=ORIENTED_EDGE('',*,*,#836,.T.) ;
#962=ORIENTED_EDGE('',*,*,#958,.F.) ;
#963=ORIENTED_EDGE('',*,*,#542,.F.) ;
#972=ORIENTED_EDGE('',*,*,#769,.F.) ;
#973=ORIENTED_EDGE('',*,*,#970,.T.) ;
#974=ORIENTED_EDGE('',*,*,#695,.T.) ;
#975=ORIENTED_EDGE('',*,*,#486,.T.) ;
#984=ORIENTED_EDGE('',*,*,#498,.T.) ;
#985=ORIENTED_EDGE('',*,*,#688,.T.) ;
#986=ORIENTED_EDGE('',*,*,#982,.F.) ;
#987=ORIENTED_EDGE('',*,*,#925,.F.) ;
#996=ORIENTED_EDGE('',*,*,#831,.T.) ;
#997=ORIENTED_EDGE('',*,*,#793,.F.) ;
#998=ORIENTED_EDGE('',*,*,#549,.F.) ;
#999=ORIENTED_EDGE('',*,*,#958,.T.) ;
#1027=ORIENTED_EDGE('',*,*,#1013,.T.) ;
#1028=ORIENTED_EDGE('',*,*,#1020,.T.) ;
#1029=ORIENTED_EDGE('',*,*,#1025,.F.) ;
#1030=ORIENTED_EDGE('',*,*,#579,.F.) ;
#1051=ORIENTED_EDGE('',*,*,#1044,.T.) ;
#1052=ORIENTED_EDGE('',*,*,#1049,.F.) ;
#1053=ORIENTED_EDGE('',*,*,#586,.F.) ;
#1054=ORIENTED_EDGE('',*,*,#1025,.T.) ;
#1070=ORIENTED_EDGE('',*,*,#1063,.F.) ;
#1071=ORIENTED_EDGE('',*,*,#593,.F.) ;
#1072=ORIENTED_EDGE('',*,*,#1049,.T.) ;
#1073=ORIENTED_EDGE('',*,*,#1068,.T.) ;
#1117=ORIENTED_EDGE('',*,*,#1084,.F.) ;
#1118=ORIENTED_EDGE('',*,*,#1091,.T.) ;
#1119=ORIENTED_EDGE('',*,*,#1098,.T.) ;
#1120=ORIENTED_EDGE('',*,*,#1103,.F.) ;
#1121=ORIENTED_EDGE('',*,*,#930,.F.) ;
#1122=ORIENTED_EDGE('',*,*,#982,.T.) ;
#1123=ORIENTED_EDGE('',*,*,#683,.T.) ;
#1124=ORIENTED_EDGE('',*,*,#659,.F.) ;
#1125=ORIENTED_EDGE('',*,*,#600,.T.) ;
#1126=ORIENTED_EDGE('',*,*,#1063,.T.) ;
#1127=ORIENTED_EDGE('',*,*,#1110,.F.) ;
#1128=ORIENTED_EDGE('',*,*,#1115,.F.) ;
#1172=ORIENTED_EDGE('',*,*,#1139,.F.) ;
#1173=ORIENTED_EDGE('',*,*,#1146,.T.) ;
#1174=ORIENTED_EDGE('',*,*,#1151,.T.) ;
#1175=ORIENTED_EDGE('',*,*,#1013,.F.) ;
#1176=ORIENTED_EDGE('',*,*,#641,.F.) ;
#1177=ORIENTED_EDGE('',*,*,#852,.T.) ;
#1178=ORIENTED_EDGE('',*,*,#819,.T.) ;
#1179=ORIENTED_EDGE('',*,*,#946,.F.) ;
#1180=ORIENTED_EDGE('',*,*,#889,.T.) ;
#1181=ORIENTED_EDGE('',*,*,#1158,.T.) ;
#1182=ORIENTED_EDGE('',*,*,#1165,.F.) ;
#1183=ORIENTED_EDGE('',*,*,#1170,.F.) ;
#1197=ORIENTED_EDGE('',*,*,#1195,.T.) ;
#1198=ORIENTED_EDGE('',*,*,#702,.T.) ;
#1199=ORIENTED_EDGE('',*,*,#970,.F.) ;
#1200=ORIENTED_EDGE('',*,*,#764,.F.) ;
#1204=ORIENTED_EDGE('',*,*,#1195,.F.) ;
#1205=ORIENTED_EDGE('',*,*,#757,.F.) ;
#1206=ORIENTED_EDGE('',*,*,#738,.T.) ;
#1207=ORIENTED_EDGE('',*,*,#709,.T.) ;
#1228=ORIENTED_EDGE('',*,*,#1221,.T.) ;
#1229=ORIENTED_EDGE('',*,*,#1226,.F.) ;
#1230=ORIENTED_EDGE('',*,*,#868,.F.) ;
#1231=ORIENTED_EDGE('',*,*,#1103,.T.) ;
#1247=ORIENTED_EDGE('',*,*,#1240,.T.) ;
#1248=ORIENTED_EDGE('',*,*,#1245,.F.) ;
#1249=ORIENTED_EDGE('',*,*,#875,.F.) ;
#1250=ORIENTED_EDGE('',*,*,#1226,.T.) ;
#1259=ORIENTED_EDGE('',*,*,#882,.F.) ;
#1260=ORIENTED_EDGE('',*,*,#1245,.T.) ;
#1261=ORIENTED_EDGE('',*,*,#1257,.T.) ;
#1262=ORIENTED_EDGE('',*,*,#1158,.F.) ;
#1290=ORIENTED_EDGE('',*,*,#1151,.F.) ;
#1291=ORIENTED_EDGE('',*,*,#1276,.F.) ;
#1292=ORIENTED_EDGE('',*,*,#1283,.F.) ;
#1293=ORIENTED_EDGE('',*,*,#1288,.F.) ;
#1294=ORIENTED_EDGE('',*,*,#1110,.T.) ;
#1295=ORIENTED_EDGE('',*,*,#1068,.F.) ;
#1296=ORIENTED_EDGE('',*,*,#1044,.F.) ;
#1297=ORIENTED_EDGE('',*,*,#1020,.F.) ;
#1384=ORIENTED_EDGE('',*,*,#1313,.T.) ;
#1385=ORIENTED_EDGE('',*,*,#1320,.T.) ;
#1386=ORIENTED_EDGE('',*,*,#1327,.T.) ;
#1387=ORIENTED_EDGE('',*,*,#1334,.T.) ;
#1388=ORIENTED_EDGE('',*,*,#1341,.F.) ;
#1389=ORIENTED_EDGE('',*,*,#1358,.T.) ;
#1390=ORIENTED_EDGE('',*,*,#1084,.T.) ;
#1391=ORIENTED_EDGE('',*,*,#1377,.T.) ;
#1392=ORIENTED_EDGE('',*,*,#1382,.T.) ;
#1408=ORIENTED_EDGE('',*,*,#1401,.T.) ;
#1409=ORIENTED_EDGE('',*,*,#1406,.T.) ;
#1410=ORIENTED_EDGE('',*,*,#1091,.F.) ;
#1411=ORIENTED_EDGE('',*,*,#1358,.F.) ;
#1427=ORIENTED_EDGE('',*,*,#1098,.F.) ;
#1428=ORIENTED_EDGE('',*,*,#1406,.F.) ;
#1429=ORIENTED_EDGE('',*,*,#1420,.F.) ;
#1430=ORIENTED_EDGE('',*,*,#1425,.F.) ;
#1431=ORIENTED_EDGE('',*,*,#1165,.T.) ;
#1432=ORIENTED_EDGE('',*,*,#1257,.F.) ;
#1433=ORIENTED_EDGE('',*,*,#1240,.F.) ;
#1434=ORIENTED_EDGE('',*,*,#1221,.F.) ;
#1443=ORIENTED_EDGE('',*,*,#1115,.T.) ;
#1444=ORIENTED_EDGE('',*,*,#1288,.T.) ;
#1445=ORIENTED_EDGE('',*,*,#1441,.F.) ;
#1446=ORIENTED_EDGE('',*,*,#1377,.F.) ;
#1521=ORIENTED_EDGE('',*,*,#1457,.T.) ;
#1522=ORIENTED_EDGE('',*,*,#1464,.T.) ;
#1523=ORIENTED_EDGE('',*,*,#1471,.T.) ;
#1524=ORIENTED_EDGE('',*,*,#1478,.F.) ;
#1525=ORIENTED_EDGE('',*,*,#1495,.T.) ;
#1526=ORIENTED_EDGE('',*,*,#1139,.T.) ;
#1527=ORIENTED_EDGE('',*,*,#1514,.T.) ;
#1528=ORIENTED_EDGE('',*,*,#1519,.T.) ;
#1537=ORIENTED_EDGE('',*,*,#1535,.T.) ;
#1538=ORIENTED_EDGE('',*,*,#1276,.T.) ;
#1539=ORIENTED_EDGE('',*,*,#1146,.F.) ;
#1540=ORIENTED_EDGE('',*,*,#1495,.F.) ;
#1549=ORIENTED_EDGE('',*,*,#1170,.T.) ;
#1550=ORIENTED_EDGE('',*,*,#1425,.T.) ;
#1551=ORIENTED_EDGE('',*,*,#1547,.F.) ;
#1552=ORIENTED_EDGE('',*,*,#1514,.F.) ;
#1603=ORIENTED_EDGE('',*,*,#1563,.F.) ;
#1604=ORIENTED_EDGE('',*,*,#1570,.T.) ;
#1605=ORIENTED_EDGE('',*,*,#1577,.T.) ;
#1606=ORIENTED_EDGE('',*,*,#1582,.T.) ;
#1607=ORIENTED_EDGE('',*,*,#1382,.F.) ;
#1608=ORIENTED_EDGE('',*,*,#1441,.T.) ;
#1609=ORIENTED_EDGE('',*,*,#1283,.T.) ;
#1610=ORIENTED_EDGE('',*,*,#1535,.F.) ;
#1611=ORIENTED_EDGE('',*,*,#1478,.T.) ;
#1612=ORIENTED_EDGE('',*,*,#1589,.F.) ;
#1613=ORIENTED_EDGE('',*,*,#1596,.F.) ;
#1614=ORIENTED_EDGE('',*,*,#1601,.F.) ;
#1630=ORIENTED_EDGE('',*,*,#1623,.T.) ;
#1631=ORIENTED_EDGE('',*,*,#1628,.F.) ;
#1632=ORIENTED_EDGE('',*,*,#1313,.F.) ;
#1633=ORIENTED_EDGE('',*,*,#1582,.F.) ;
#1649=ORIENTED_EDGE('',*,*,#1642,.F.) ;
#1650=ORIENTED_EDGE('',*,*,#1320,.F.) ;
#1651=ORIENTED_EDGE('',*,*,#1628,.T.) ;
#1652=ORIENTED_EDGE('',*,*,#1647,.T.) ;
#1668=ORIENTED_EDGE('',*,*,#1642,.T.) ;
#1669=ORIENTED_EDGE('',*,*,#1661,.T.) ;
#1670=ORIENTED_EDGE('',*,*,#1666,.F.) ;
#1671=ORIENTED_EDGE('',*,*,#1327,.F.) ;
#1687=ORIENTED_EDGE('',*,*,#1334,.F.) ;
#1688=ORIENTED_EDGE('',*,*,#1666,.T.) ;
#1689=ORIENTED_EDGE('',*,*,#1680,.T.) ;
#1690=ORIENTED_EDGE('',*,*,#1685,.T.) ;
#1734=ORIENTED_EDGE('',*,*,#1701,.F.) ;
#1735=ORIENTED_EDGE('',*,*,#1708,.T.) ;
#1736=ORIENTED_EDGE('',*,*,#1715,.T.) ;
#1737=ORIENTED_EDGE('',*,*,#1720,.T.) ;
#1738=ORIENTED_EDGE('',*,*,#1519,.F.) ;
#1739=ORIENTED_EDGE('',*,*,#1547,.T.) ;
#1740=ORIENTED_EDGE('',*,*,#1420,.T.) ;
#1741=ORIENTED_EDGE('',*,*,#1401,.F.) ;
#1742=ORIENTED_EDGE('',*,*,#1341,.T.) ;
#1743=ORIENTED_EDGE('',*,*,#1685,.F.) ;
#1744=ORIENTED_EDGE('',*,*,#1727,.F.) ;
#1745=ORIENTED_EDGE('',*,*,#1732,.F.) ;
#1761=ORIENTED_EDGE('',*,*,#1720,.F.) ;
#1762=ORIENTED_EDGE('',*,*,#1754,.T.) ;
#1763=ORIENTED_EDGE('',*,*,#1759,.F.) ;
#1764=ORIENTED_EDGE('',*,*,#1457,.F.) ;
#1780=ORIENTED_EDGE('',*,*,#1773,.T.) ;
#1781=ORIENTED_EDGE('',*,*,#1778,.F.) ;
#1782=ORIENTED_EDGE('',*,*,#1464,.F.) ;
#1783=ORIENTED_EDGE('',*,*,#1759,.T.) ;
#1792=ORIENTED_EDGE('',*,*,#1589,.T.) ;
#1793=ORIENTED_EDGE('',*,*,#1471,.F.) ;
#1794=ORIENTED_EDGE('',*,*,#1778,.T.) ;
#1795=ORIENTED_EDGE('',*,*,#1790,.T.) ;
#1875=ORIENTED_EDGE('',*,*,#1811,.T.) ;
#1876=ORIENTED_EDGE('',*,*,#1818,.T.) ;
#1877=ORIENTED_EDGE('',*,*,#1825,.T.) ;
#1878=ORIENTED_EDGE('',*,*,#1832,.F.) ;
#1879=ORIENTED_EDGE('',*,*,#1849,.T.) ;
#1880=ORIENTED_EDGE('',*,*,#1563,.T.) ;
#1881=ORIENTED_EDGE('',*,*,#1868,.T.) ;
#1882=ORIENTED_EDGE('',*,*,#1873,.T.) ;
#1898=ORIENTED_EDGE('',*,*,#1891,.T.) ;
#1899=ORIENTED_EDGE('',*,*,#1896,.T.) ;
#1900=ORIENTED_EDGE('',*,*,#1570,.F.) ;
#1901=ORIENTED_EDGE('',*,*,#1849,.F.) ;
#1922=ORIENTED_EDGE('',*,*,#1577,.F.) ;
#1923=ORIENTED_EDGE('',*,*,#1896,.F.) ;
#1924=ORIENTED_EDGE('',*,*,#1915,.F.) ;
#1925=ORIENTED_EDGE('',*,*,#1920,.F.) ;
#1926=ORIENTED_EDGE('',*,*,#1727,.T.) ;
#1927=ORIENTED_EDGE('',*,*,#1680,.F.) ;
#1928=ORIENTED_EDGE('',*,*,#1661,.F.) ;
#1929=ORIENTED_EDGE('',*,*,#1647,.F.) ;
#1930=ORIENTED_EDGE('',*,*,#1623,.F.) ;
#1953=ORIENTED_EDGE('',*,*,#1715,.F.) ;
#1954=ORIENTED_EDGE('',*,*,#1939,.F.) ;
#1955=ORIENTED_EDGE('',*,*,#1946,.F.) ;
#1956=ORIENTED_EDGE('',*,*,#1951,.F.) ;
#1957=ORIENTED_EDGE('',*,*,#1596,.T.) ;
#1958=ORIENTED_EDGE('',*,*,#1790,.F.) ;
#1959=ORIENTED_EDGE('',*,*,#1773,.F.) ;
#1960=ORIENTED_EDGE('',*,*,#1754,.F.) ;
#1969=ORIENTED_EDGE('',*,*,#1601,.T.) ;
#1970=ORIENTED_EDGE('',*,*,#1951,.T.) ;
#1971=ORIENTED_EDGE('',*,*,#1967,.F.) ;
#1972=ORIENTED_EDGE('',*,*,#1868,.F.) ;
#2047=ORIENTED_EDGE('',*,*,#1983,.T.) ;
#2048=ORIENTED_EDGE('',*,*,#1990,.T.) ;
#2049=ORIENTED_EDGE('',*,*,#1997,.T.) ;
#2050=ORIENTED_EDGE('',*,*,#2004,.F.) ;
#2051=ORIENTED_EDGE('',*,*,#2021,.T.) ;
#2052=ORIENTED_EDGE('',*,*,#1701,.T.) ;
#2053=ORIENTED_EDGE('',*,*,#2040,.T.) ;
#2054=ORIENTED_EDGE('',*,*,#2045,.T.) ;
#2063=ORIENTED_EDGE('',*,*,#2061,.T.) ;
#2064=ORIENTED_EDGE('',*,*,#1939,.T.) ;
#2065=ORIENTED_EDGE('',*,*,#1708,.F.) ;
#2066=ORIENTED_EDGE('',*,*,#2021,.F.) ;
#2075=ORIENTED_EDGE('',*,*,#1732,.T.) ;
#2076=ORIENTED_EDGE('',*,*,#1920,.T.) ;
#2077=ORIENTED_EDGE('',*,*,#2073,.F.) ;
#2078=ORIENTED_EDGE('',*,*,#2040,.F.) ;
#2115=ORIENTED_EDGE('',*,*,#2089,.F.) ;
#2116=ORIENTED_EDGE('',*,*,#2096,.T.) ;
#2117=ORIENTED_EDGE('',*,*,#2103,.T.) ;
#2118=ORIENTED_EDGE('',*,*,#2108,.F.) ;
#2119=ORIENTED_EDGE('',*,*,#1811,.F.) ;
#2120=ORIENTED_EDGE('',*,*,#2113,.F.) ;
#2136=ORIENTED_EDGE('',*,*,#2129,.T.) ;
#2137=ORIENTED_EDGE('',*,*,#2134,.F.) ;
#2138=ORIENTED_EDGE('',*,*,#1818,.F.) ;
#2139=ORIENTED_EDGE('',*,*,#2108,.T.) ;
#2169=ORIENTED_EDGE('',*,*,#2150,.F.) ;
#2170=ORIENTED_EDGE('',*,*,#2155,.T.) ;
#2171=ORIENTED_EDGE('',*,*,#1825,.F.) ;
#2172=ORIENTED_EDGE('',*,*,#2134,.T.) ;
#2173=ORIENTED_EDGE('',*,*,#2162,.T.) ;
#2174=ORIENTED_EDGE('',*,*,#2167,.T.) ;
#2190=ORIENTED_EDGE('',*,*,#2183,.T.) ;
#2191=ORIENTED_EDGE('',*,*,#2188,.T.) ;
#2192=ORIENTED_EDGE('',*,*,#2045,.F.) ;
#2193=ORIENTED_EDGE('',*,*,#2073,.T.) ;
#2194=ORIENTED_EDGE('',*,*,#1915,.T.) ;
#2195=ORIENTED_EDGE('',*,*,#1891,.F.) ;
#2196=ORIENTED_EDGE('',*,*,#1832,.T.) ;
#2197=ORIENTED_EDGE('',*,*,#2155,.F.) ;
#2213=ORIENTED_EDGE('',*,*,#2206,.T.) ;
#2214=ORIENTED_EDGE('',*,*,#2113,.T.) ;
#2215=ORIENTED_EDGE('',*,*,#1873,.F.) ;
#2216=ORIENTED_EDGE('',*,*,#1967,.T.) ;
#2217=ORIENTED_EDGE('',*,*,#1946,.T.) ;
#2218=ORIENTED_EDGE('',*,*,#2061,.F.) ;
#2219=ORIENTED_EDGE('',*,*,#2004,.T.) ;
#2220=ORIENTED_EDGE('',*,*,#2211,.F.) ;
#2250=ORIENTED_EDGE('',*,*,#2231,.T.) ;
#2251=ORIENTED_EDGE('',*,*,#2238,.T.) ;
#2252=ORIENTED_EDGE('',*,*,#2243,.F.) ;
#2253=ORIENTED_EDGE('',*,*,#1983,.F.) ;
#2254=ORIENTED_EDGE('',*,*,#2188,.F.) ;
#2255=ORIENTED_EDGE('',*,*,#2248,.F.) ;
#2271=ORIENTED_EDGE('',*,*,#2264,.T.) ;
#2272=ORIENTED_EDGE('',*,*,#2269,.F.) ;
#2273=ORIENTED_EDGE('',*,*,#1990,.F.) ;
#2274=ORIENTED_EDGE('',*,*,#2243,.T.) ;
#2297=ORIENTED_EDGE('',*,*,#2211,.T.) ;
#2298=ORIENTED_EDGE('',*,*,#1997,.F.) ;
#2299=ORIENTED_EDGE('',*,*,#2269,.T.) ;
#2300=ORIENTED_EDGE('',*,*,#2283,.T.) ;
#2301=ORIENTED_EDGE('',*,*,#2290,.T.) ;
#2302=ORIENTED_EDGE('',*,*,#2295,.F.) ;
#2316=ORIENTED_EDGE('',*,*,#2206,.F.) ;
#2317=ORIENTED_EDGE('',*,*,#2295,.T.) ;
#2318=ORIENTED_EDGE('',*,*,#2314,.T.) ;
#2319=ORIENTED_EDGE('',*,*,#2089,.T.) ;
#2333=ORIENTED_EDGE('',*,*,#2314,.F.) ;
#2334=ORIENTED_EDGE('',*,*,#2290,.F.) ;
#2335=ORIENTED_EDGE('',*,*,#2331,.T.) ;
#2336=ORIENTED_EDGE('',*,*,#2096,.F.) ;
#2397=ORIENTED_EDGE('',*,*,#2347,.T.) ;
#2398=ORIENTED_EDGE('',*,*,#2366,.F.) ;
#2399=ORIENTED_EDGE('',*,*,#2371,.T.) ;
#2400=ORIENTED_EDGE('',*,*,#2162,.F.) ;
#2401=ORIENTED_EDGE('',*,*,#2129,.F.) ;
#2402=ORIENTED_EDGE('',*,*,#2103,.F.) ;
#2403=ORIENTED_EDGE('',*,*,#2378,.T.) ;
#2404=ORIENTED_EDGE('',*,*,#2395,.F.) ;
#2418=ORIENTED_EDGE('',*,*,#2183,.F.) ;
#2419=ORIENTED_EDGE('',*,*,#2150,.T.) ;
#2420=ORIENTED_EDGE('',*,*,#2416,.T.) ;
#2421=ORIENTED_EDGE('',*,*,#2248,.T.) ;
#2430=ORIENTED_EDGE('',*,*,#2416,.F.) ;
#2431=ORIENTED_EDGE('',*,*,#2167,.F.) ;
#2432=ORIENTED_EDGE('',*,*,#2428,.T.) ;
#2433=ORIENTED_EDGE('',*,*,#2231,.F.) ;
#2494=ORIENTED_EDGE('',*,*,#2456,.F.) ;
#2495=ORIENTED_EDGE('',*,*,#2461,.T.) ;
#2496=ORIENTED_EDGE('',*,*,#2283,.F.) ;
#2497=ORIENTED_EDGE('',*,*,#2264,.F.) ;
#2498=ORIENTED_EDGE('',*,*,#2238,.F.) ;
#2499=ORIENTED_EDGE('',*,*,#2468,.T.) ;
#2500=ORIENTED_EDGE('',*,*,#2487,.F.) ;
#2501=ORIENTED_EDGE('',*,*,#2492,.T.) ;
#2529=ORIENTED_EDGE('',*,*,#2517,.T.) ;
#2530=ORIENTED_EDGE('',*,*,#2522,.F.) ;
#2531=ORIENTED_EDGE('',*,*,#2378,.F.) ;
#2532=ORIENTED_EDGE('',*,*,#2331,.F.) ;
#2533=ORIENTED_EDGE('',*,*,#2461,.F.) ;
#2534=ORIENTED_EDGE('',*,*,#2527,.F.) ;
#2562=ORIENTED_EDGE('',*,*,#2347,.F.) ;
#2563=ORIENTED_EDGE('',*,*,#2548,.T.) ;
#2564=ORIENTED_EDGE('',*,*,#2555,.T.) ;
#2565=ORIENTED_EDGE('',*,*,#2560,.T.) ;
#2586=ORIENTED_EDGE('',*,*,#2560,.F.) ;
#2587=ORIENTED_EDGE('',*,*,#2579,.T.) ;
#2588=ORIENTED_EDGE('',*,*,#2584,.T.) ;
#2589=ORIENTED_EDGE('',*,*,#2366,.T.) ;
#2638=ORIENTED_EDGE('',*,*,#2605,.F.) ;
#2639=ORIENTED_EDGE('',*,*,#2612,.F.) ;
#2640=ORIENTED_EDGE('',*,*,#2617,.F.) ;
#2641=ORIENTED_EDGE('',*,*,#2468,.F.) ;
#2642=ORIENTED_EDGE('',*,*,#2428,.F.) ;
#2643=ORIENTED_EDGE('',*,*,#2371,.F.) ;
#2644=ORIENTED_EDGE('',*,*,#2584,.F.) ;
#2645=ORIENTED_EDGE('',*,*,#2624,.F.) ;
#2646=ORIENTED_EDGE('',*,*,#2631,.F.) ;
#2647=ORIENTED_EDGE('',*,*,#2636,.T.) ;
#2678=ORIENTED_EDGE('',*,*,#2657,.F.) ;
#2679=ORIENTED_EDGE('',*,*,#2664,.F.) ;
#2680=ORIENTED_EDGE('',*,*,#2671,.F.) ;
#2681=ORIENTED_EDGE('',*,*,#2676,.F.) ;
#2712=ORIENTED_EDGE('',*,*,#2691,.F.) ;
#2713=ORIENTED_EDGE('',*,*,#2698,.F.) ;
#2714=ORIENTED_EDGE('',*,*,#2705,.F.) ;
#2715=ORIENTED_EDGE('',*,*,#2710,.F.) ;
#2743=ORIENTED_EDGE('',*,*,#2522,.T.) ;
#2744=ORIENTED_EDGE('',*,*,#2729,.T.) ;
#2745=ORIENTED_EDGE('',*,*,#2736,.T.) ;
#2746=ORIENTED_EDGE('',*,*,#2741,.F.) ;
#2747=ORIENTED_EDGE('',*,*,#2548,.F.) ;
#2748=ORIENTED_EDGE('',*,*,#2395,.T.) ;
#2783=ORIENTED_EDGE('',*,*,#2762,.F.) ;
#2784=ORIENTED_EDGE('',*,*,#2769,.T.) ;
#2785=ORIENTED_EDGE('',*,*,#2776,.T.) ;
#2786=ORIENTED_EDGE('',*,*,#2781,.T.) ;
#2787=ORIENTED_EDGE('',*,*,#2527,.T.) ;
#2788=ORIENTED_EDGE('',*,*,#2456,.T.) ;
#2809=ORIENTED_EDGE('',*,*,#2617,.T.) ;
#2810=ORIENTED_EDGE('',*,*,#2802,.F.) ;
#2811=ORIENTED_EDGE('',*,*,#2807,.F.) ;
#2812=ORIENTED_EDGE('',*,*,#2487,.T.) ;
#2826=ORIENTED_EDGE('',*,*,#2824,.T.) ;
#2827=ORIENTED_EDGE('',*,*,#2762,.T.) ;
#2828=ORIENTED_EDGE('',*,*,#2492,.F.) ;
#2829=ORIENTED_EDGE('',*,*,#2807,.T.) ;
#2871=ORIENTED_EDGE('',*,*,#2843,.F.) ;
#2872=ORIENTED_EDGE('',*,*,#2517,.F.) ;
#2873=ORIENTED_EDGE('',*,*,#2850,.F.) ;
#2874=ORIENTED_EDGE('',*,*,#2857,.T.) ;
#2875=ORIENTED_EDGE('',*,*,#2864,.T.) ;
#2876=ORIENTED_EDGE('',*,*,#2869,.F.) ;
#2904=ORIENTED_EDGE('',*,*,#2555,.F.) ;
#2905=ORIENTED_EDGE('',*,*,#2890,.T.) ;
#2906=ORIENTED_EDGE('',*,*,#2897,.T.) ;
#2907=ORIENTED_EDGE('',*,*,#2902,.T.) ;
#2921=ORIENTED_EDGE('',*,*,#2919,.T.) ;
#2922=ORIENTED_EDGE('',*,*,#2624,.T.) ;
#2923=ORIENTED_EDGE('',*,*,#2579,.F.) ;
#2924=ORIENTED_EDGE('',*,*,#2902,.F.) ;
#2952=ORIENTED_EDGE('',*,*,#2940,.F.) ;
#2953=ORIENTED_EDGE('',*,*,#2945,.T.) ;
#2954=ORIENTED_EDGE('',*,*,#2605,.T.) ;
#2955=ORIENTED_EDGE('',*,*,#2950,.T.) ;
#2969=ORIENTED_EDGE('',*,*,#2802,.T.) ;
#2970=ORIENTED_EDGE('',*,*,#2612,.T.) ;
#2971=ORIENTED_EDGE('',*,*,#2945,.F.) ;
#2972=ORIENTED_EDGE('',*,*,#2967,.F.) ;
#2993=ORIENTED_EDGE('',*,*,#2631,.T.) ;
#2994=ORIENTED_EDGE('',*,*,#2919,.F.) ;
#2995=ORIENTED_EDGE('',*,*,#2986,.F.) ;
#2996=ORIENTED_EDGE('',*,*,#2991,.T.) ;
#3066=ORIENTED_EDGE('',*,*,#3012,.F.) ;
#3067=ORIENTED_EDGE('',*,*,#3019,.F.) ;
#3068=ORIENTED_EDGE('',*,*,#3024,.F.) ;
#3069=ORIENTED_EDGE('',*,*,#2950,.F.) ;
#3070=ORIENTED_EDGE('',*,*,#2636,.F.) ;
#3071=ORIENTED_EDGE('',*,*,#2991,.F.) ;
#3072=ORIENTED_EDGE('',*,*,#3031,.F.) ;
#3073=ORIENTED_EDGE('',*,*,#3038,.F.) ;
#3074=ORIENTED_EDGE('',*,*,#3045,.F.) ;
#3075=ORIENTED_EDGE('',*,*,#3052,.T.) ;
#3076=ORIENTED_EDGE('',*,*,#3059,.T.) ;
#3077=ORIENTED_EDGE('',*,*,#3064,.F.) ;
#3136=ORIENTED_EDGE('',*,*,#3087,.F.) ;
#3137=ORIENTED_EDGE('',*,*,#3094,.F.) ;
#3138=ORIENTED_EDGE('',*,*,#3101,.F.) ;
#3139=ORIENTED_EDGE('',*,*,#3108,.F.) ;
#3140=ORIENTED_EDGE('',*,*,#3115,.F.) ;
#3141=ORIENTED_EDGE('',*,*,#3122,.F.) ;
#3142=ORIENTED_EDGE('',*,*,#3129,.F.) ;
#3143=ORIENTED_EDGE('',*,*,#3134,.F.) ;
#3171=ORIENTED_EDGE('',*,*,#3157,.F.) ;
#3172=ORIENTED_EDGE('',*,*,#2657,.T.) ;
#3173=ORIENTED_EDGE('',*,*,#3164,.T.) ;
#3174=ORIENTED_EDGE('',*,*,#3169,.F.) ;
#3195=ORIENTED_EDGE('',*,*,#3188,.F.) ;
#3196=ORIENTED_EDGE('',*,*,#2664,.T.) ;
#3197=ORIENTED_EDGE('',*,*,#3157,.T.) ;
#3198=ORIENTED_EDGE('',*,*,#3193,.F.) ;
#3219=ORIENTED_EDGE('',*,*,#3212,.F.) ;
#3220=ORIENTED_EDGE('',*,*,#2671,.T.) ;
#3221=ORIENTED_EDGE('',*,*,#3188,.T.) ;
#3222=ORIENTED_EDGE('',*,*,#3217,.F.) ;
#3236=ORIENTED_EDGE('',*,*,#3164,.F.) ;
#3237=ORIENTED_EDGE('',*,*,#2676,.T.) ;
#3238=ORIENTED_EDGE('',*,*,#3212,.T.) ;
#3239=ORIENTED_EDGE('',*,*,#3234,.F.) ;
#3262=ORIENTED_EDGE('',*,*,#3248,.F.) ;
#3263=ORIENTED_EDGE('',*,*,#2691,.T.) ;
#3264=ORIENTED_EDGE('',*,*,#3255,.T.) ;
#3265=ORIENTED_EDGE('',*,*,#3260,.F.) ;
#3286=ORIENTED_EDGE('',*,*,#3279,.F.) ;
#3287=ORIENTED_EDGE('',*,*,#2698,.T.) ;
#3288=ORIENTED_EDGE('',*,*,#3248,.T.) ;
#3289=ORIENTED_EDGE('',*,*,#3284,.F.) ;
#3305=ORIENTED_EDGE('',*,*,#3298,.F.) ;
#3306=ORIENTED_EDGE('',*,*,#2705,.T.) ;
#3307=ORIENTED_EDGE('',*,*,#3279,.T.) ;
#3308=ORIENTED_EDGE('',*,*,#3303,.F.) ;
#3322=ORIENTED_EDGE('',*,*,#3255,.F.) ;
#3323=ORIENTED_EDGE('',*,*,#2710,.T.) ;
#3324=ORIENTED_EDGE('',*,*,#3298,.T.) ;
#3325=ORIENTED_EDGE('',*,*,#3320,.F.) ;
#3334=ORIENTED_EDGE('',*,*,#2843,.T.) ;
#3335=ORIENTED_EDGE('',*,*,#3332,.F.) ;
#3336=ORIENTED_EDGE('',*,*,#2729,.F.) ;
#3402=ORIENTED_EDGE('',*,*,#3345,.F.) ;
#3403=ORIENTED_EDGE('',*,*,#3352,.F.) ;
#3404=ORIENTED_EDGE('',*,*,#3357,.T.) ;
#3405=ORIENTED_EDGE('',*,*,#2776,.F.) ;
#3406=ORIENTED_EDGE('',*,*,#3364,.F.) ;
#3407=ORIENTED_EDGE('',*,*,#3369,.F.) ;
#3408=ORIENTED_EDGE('',*,*,#3012,.T.) ;
#3409=ORIENTED_EDGE('',*,*,#3376,.F.) ;
#3410=ORIENTED_EDGE('',*,*,#3383,.F.) ;
#3411=ORIENTED_EDGE('',*,*,#3388,.F.) ;
#3412=ORIENTED_EDGE('',*,*,#3045,.T.) ;
#3413=ORIENTED_EDGE('',*,*,#3395,.F.) ;
#3414=ORIENTED_EDGE('',*,*,#3400,.F.) ;
#3415=ORIENTED_EDGE('',*,*,#2736,.F.) ;
#3446=ORIENTED_EDGE('',*,*,#3425,.F.) ;
#3447=ORIENTED_EDGE('',*,*,#3432,.F.) ;
#3448=ORIENTED_EDGE('',*,*,#3439,.F.) ;
#3449=ORIENTED_EDGE('',*,*,#3444,.F.) ;
#3480=ORIENTED_EDGE('',*,*,#3459,.F.) ;
#3481=ORIENTED_EDGE('',*,*,#3466,.F.) ;
#3482=ORIENTED_EDGE('',*,*,#3473,.F.) ;
#3483=ORIENTED_EDGE('',*,*,#3478,.F.) ;
#3497=ORIENTED_EDGE('',*,*,#2741,.T.) ;
#3498=ORIENTED_EDGE('',*,*,#3400,.T.) ;
#3499=ORIENTED_EDGE('',*,*,#3495,.F.) ;
#3500=ORIENTED_EDGE('',*,*,#2890,.F.) ;
#3521=ORIENTED_EDGE('',*,*,#3514,.T.) ;
#3522=ORIENTED_EDGE('',*,*,#3364,.T.) ;
#3523=ORIENTED_EDGE('',*,*,#2769,.F.) ;
#3524=ORIENTED_EDGE('',*,*,#3519,.F.) ;
#3533=ORIENTED_EDGE('',*,*,#3531,.T.) ;
#3534=ORIENTED_EDGE('',*,*,#2850,.T.) ;
#3535=ORIENTED_EDGE('',*,*,#2781,.F.) ;
#3549=ORIENTED_EDGE('',*,*,#3547,.T.) ;
#3550=ORIENTED_EDGE('',*,*,#3519,.T.) ;
#3551=ORIENTED_EDGE('',*,*,#2824,.F.) ;
#3552=ORIENTED_EDGE('',*,*,#2967,.T.) ;
#3615=ORIENTED_EDGE('',*,*,#3568,.F.) ;
#3616=ORIENTED_EDGE('',*,*,#3575,.F.) ;
#3617=ORIENTED_EDGE('',*,*,#3582,.F.) ;
#3618=ORIENTED_EDGE('',*,*,#3589,.F.) ;
#3619=ORIENTED_EDGE('',*,*,#3596,.F.) ;
#3620=ORIENTED_EDGE('',*,*,#3603,.F.) ;
#3621=ORIENTED_EDGE('',*,*,#3608,.F.) ;
#3622=ORIENTED_EDGE('',*,*,#2857,.F.) ;
#3623=ORIENTED_EDGE('',*,*,#3531,.F.) ;
#3624=ORIENTED_EDGE('',*,*,#3357,.F.) ;
#3625=ORIENTED_EDGE('',*,*,#3613,.F.) ;
#3646=ORIENTED_EDGE('',*,*,#2864,.F.) ;
#3647=ORIENTED_EDGE('',*,*,#3608,.T.) ;
#3648=ORIENTED_EDGE('',*,*,#3639,.T.) ;
#3649=ORIENTED_EDGE('',*,*,#3644,.F.) ;
#3705=ORIENTED_EDGE('',*,*,#3663,.T.) ;
#3706=ORIENTED_EDGE('',*,*,#3345,.T.) ;
#3707=ORIENTED_EDGE('',*,*,#3332,.T.) ;
#3708=ORIENTED_EDGE('',*,*,#2869,.T.) ;
#3709=ORIENTED_EDGE('',*,*,#3644,.T.) ;
#3710=ORIENTED_EDGE('',*,*,#3670,.T.) ;
#3711=ORIENTED_EDGE('',*,*,#3677,.T.) ;
#3712=ORIENTED_EDGE('',*,*,#3684,.T.) ;
#3713=ORIENTED_EDGE('',*,*,#3691,.T.) ;
#3714=ORIENTED_EDGE('',*,*,#3698,.T.) ;
#3715=ORIENTED_EDGE('',*,*,#3703,.F.) ;
#3729=ORIENTED_EDGE('',*,*,#2986,.T.) ;
#3730=ORIENTED_EDGE('',*,*,#2897,.F.) ;
#3731=ORIENTED_EDGE('',*,*,#3727,.T.) ;
#3732=ORIENTED_EDGE('',*,*,#3031,.T.) ;
#3746=ORIENTED_EDGE('',*,*,#2940,.T.) ;
#3747=ORIENTED_EDGE('',*,*,#3024,.T.) ;
#3748=ORIENTED_EDGE('',*,*,#3744,.T.) ;
#3749=ORIENTED_EDGE('',*,*,#3547,.F.) ;
#3758=ORIENTED_EDGE('',*,*,#3369,.T.) ;
#3759=ORIENTED_EDGE('',*,*,#3514,.F.) ;
#3760=ORIENTED_EDGE('',*,*,#3744,.F.) ;
#3761=ORIENTED_EDGE('',*,*,#3019,.T.) ;
#3770=ORIENTED_EDGE('',*,*,#3727,.F.) ;
#3771=ORIENTED_EDGE('',*,*,#3495,.T.) ;
#3772=ORIENTED_EDGE('',*,*,#3395,.T.) ;
#3773=ORIENTED_EDGE('',*,*,#3038,.T.) ;
#3794=ORIENTED_EDGE('',*,*,#3052,.F.) ;
#3795=ORIENTED_EDGE('',*,*,#3388,.T.) ;
#3796=ORIENTED_EDGE('',*,*,#3787,.T.) ;
#3797=ORIENTED_EDGE('',*,*,#3792,.F.) ;
#3818=ORIENTED_EDGE('',*,*,#3059,.F.) ;
#3819=ORIENTED_EDGE('',*,*,#3792,.T.) ;
#3820=ORIENTED_EDGE('',*,*,#3811,.T.) ;
#3821=ORIENTED_EDGE('',*,*,#3816,.T.) ;
#3835=ORIENTED_EDGE('',*,*,#3064,.T.) ;
#3836=ORIENTED_EDGE('',*,*,#3816,.F.) ;
#3837=ORIENTED_EDGE('',*,*,#3833,.F.) ;
#3838=ORIENTED_EDGE('',*,*,#3376,.T.) ;
#3866=ORIENTED_EDGE('',*,*,#3854,.T.) ;
#3867=ORIENTED_EDGE('',*,*,#3859,.F.) ;
#3868=ORIENTED_EDGE('',*,*,#3087,.T.) ;
#3869=ORIENTED_EDGE('',*,*,#3864,.T.) ;
#3904=ORIENTED_EDGE('',*,*,#3859,.T.) ;
#3905=ORIENTED_EDGE('',*,*,#3883,.F.) ;
#3906=ORIENTED_EDGE('',*,*,#3890,.T.) ;
#3907=ORIENTED_EDGE('',*,*,#3897,.F.) ;
#3908=ORIENTED_EDGE('',*,*,#3902,.F.) ;
#3909=ORIENTED_EDGE('',*,*,#3094,.T.) ;
#3930=ORIENTED_EDGE('',*,*,#3923,.T.) ;
#3931=ORIENTED_EDGE('',*,*,#3928,.F.) ;
#3932=ORIENTED_EDGE('',*,*,#3101,.T.) ;
#3933=ORIENTED_EDGE('',*,*,#3902,.T.) ;
#4178=ORIENTED_EDGE('',*,*,#3928,.T.) ;
#4179=ORIENTED_EDGE('',*,*,#3947,.F.) ;
#4180=ORIENTED_EDGE('',*,*,#3954,.T.) ;
#4181=ORIENTED_EDGE('',*,*,#3961,.F.) ;
#4182=ORIENTED_EDGE('',*,*,#3968,.F.) ;
#4183=ORIENTED_EDGE('',*,*,#3975,.F.) ;
#4184=ORIENTED_EDGE('',*,*,#3982,.T.) ;
#4185=ORIENTED_EDGE('',*,*,#3989,.F.) ;
#4186=ORIENTED_EDGE('',*,*,#3996,.F.) ;
#4187=ORIENTED_EDGE('',*,*,#4003,.F.) ;
#4188=ORIENTED_EDGE('',*,*,#4010,.T.) ;
#4189=ORIENTED_EDGE('',*,*,#4017,.F.) ;
#4190=ORIENTED_EDGE('',*,*,#4024,.F.) ;
#4191=ORIENTED_EDGE('',*,*,#4031,.F.) ;
#4192=ORIENTED_EDGE('',*,*,#4038,.T.) ;
#4193=ORIENTED_EDGE('',*,*,#4045,.F.) ;
#4194=ORIENTED_EDGE('',*,*,#4052,.F.) ;
#4195=ORIENTED_EDGE('',*,*,#4059,.F.) ;
#4196=ORIENTED_EDGE('',*,*,#4066,.T.) ;
#4197=ORIENTED_EDGE('',*,*,#4073,.F.) ;
#4198=ORIENTED_EDGE('',*,*,#4080,.F.) ;
#4199=ORIENTED_EDGE('',*,*,#4087,.F.) ;
#4200=ORIENTED_EDGE('',*,*,#4094,.T.) ;
#4201=ORIENTED_EDGE('',*,*,#4101,.F.) ;
#4202=ORIENTED_EDGE('',*,*,#4108,.F.) ;
#4203=ORIENTED_EDGE('',*,*,#4115,.F.) ;
#4204=ORIENTED_EDGE('',*,*,#4122,.T.) ;
#4205=ORIENTED_EDGE('',*,*,#4129,.F.) ;
#4206=ORIENTED_EDGE('',*,*,#4136,.F.) ;
#4207=ORIENTED_EDGE('',*,*,#4143,.F.) ;
#4208=ORIENTED_EDGE('',*,*,#4150,.T.) ;
#4209=ORIENTED_EDGE('',*,*,#4157,.F.) ;
#4210=ORIENTED_EDGE('',*,*,#4164,.F.) ;
#4211=ORIENTED_EDGE('',*,*,#4171,.F.) ;
#4212=ORIENTED_EDGE('',*,*,#4176,.F.) ;
#4213=ORIENTED_EDGE('',*,*,#3108,.T.) ;
#4244=ORIENTED_EDGE('',*,*,#4223,.F.) ;
#4245=ORIENTED_EDGE('',*,*,#4230,.F.) ;
#4246=ORIENTED_EDGE('',*,*,#4237,.F.) ;
#4247=ORIENTED_EDGE('',*,*,#4242,.F.) ;
#4268=ORIENTED_EDGE('',*,*,#4261,.T.) ;
#4269=ORIENTED_EDGE('',*,*,#4266,.F.) ;
#4270=ORIENTED_EDGE('',*,*,#3115,.T.) ;
#4271=ORIENTED_EDGE('',*,*,#4176,.T.) ;
#4306=ORIENTED_EDGE('',*,*,#4285,.F.) ;
#4307=ORIENTED_EDGE('',*,*,#3122,.T.) ;
#4308=ORIENTED_EDGE('',*,*,#4266,.T.) ;
#4309=ORIENTED_EDGE('',*,*,#4292,.F.) ;
#4310=ORIENTED_EDGE('',*,*,#4299,.F.) ;
#4311=ORIENTED_EDGE('',*,*,#4304,.F.) ;
#4332=ORIENTED_EDGE('',*,*,#4325,.T.) ;
#4333=ORIENTED_EDGE('',*,*,#4330,.F.) ;
#4334=ORIENTED_EDGE('',*,*,#3129,.T.) ;
#4335=ORIENTED_EDGE('',*,*,#4285,.T.) ;
#4377=ORIENTED_EDGE('',*,*,#3864,.F.) ;
#4378=ORIENTED_EDGE('',*,*,#3134,.T.) ;
#4379=ORIENTED_EDGE('',*,*,#4330,.T.) ;
#4380=ORIENTED_EDGE('',*,*,#4349,.T.) ;
#4381=ORIENTED_EDGE('',*,*,#4356,.T.) ;
#4382=ORIENTED_EDGE('',*,*,#4363,.F.) ;
#4383=ORIENTED_EDGE('',*,*,#4370,.F.) ;
#4384=ORIENTED_EDGE('',*,*,#4375,.T.) ;
#4393=ORIENTED_EDGE('',*,*,#3217,.T.) ;
#4394=ORIENTED_EDGE('',*,*,#3193,.T.) ;
#4395=ORIENTED_EDGE('',*,*,#3169,.T.) ;
#4396=ORIENTED_EDGE('',*,*,#3234,.T.) ;
#4400=ORIENTED_EDGE('',*,*,#3303,.T.) ;
#4401=ORIENTED_EDGE('',*,*,#3284,.T.) ;
#4402=ORIENTED_EDGE('',*,*,#3260,.T.) ;
#4403=ORIENTED_EDGE('',*,*,#3320,.T.) ;
#4417=ORIENTED_EDGE('',*,*,#3613,.T.) ;
#4418=ORIENTED_EDGE('',*,*,#3352,.T.) ;
#4419=ORIENTED_EDGE('',*,*,#3663,.F.) ;
#4420=ORIENTED_EDGE('',*,*,#4415,.F.) ;
#4429=ORIENTED_EDGE('',*,*,#3787,.F.) ;
#4430=ORIENTED_EDGE('',*,*,#3383,.T.) ;
#4431=ORIENTED_EDGE('',*,*,#3833,.T.) ;
#4432=ORIENTED_EDGE('',*,*,#3811,.F.) ;
#4460=ORIENTED_EDGE('',*,*,#4446,.F.) ;
#4461=ORIENTED_EDGE('',*,*,#3425,.T.) ;
#4462=ORIENTED_EDGE('',*,*,#4453,.T.) ;
#4463=ORIENTED_EDGE('',*,*,#4458,.F.) ;
#4484=ORIENTED_EDGE('',*,*,#4477,.F.) ;
#4485=ORIENTED_EDGE('',*,*,#3432,.T.) ;
#4486=ORIENTED_EDGE('',*,*,#4446,.T.) ;
#4487=ORIENTED_EDGE('',*,*,#4482,.F.) ;
#4508=ORIENTED_EDGE('',*,*,#4501,.F.) ;
#4509=ORIENTED_EDGE('',*,*,#3439,.T.) ;
#4510=ORIENTED_EDGE('',*,*,#4477,.T.) ;
#4511=ORIENTED_EDGE('',*,*,#4506,.F.) ;
#4525=ORIENTED_EDGE('',*,*,#4453,.F.) ;
#4526=ORIENTED_EDGE('',*,*,#3444,.T.) ;
#4527=ORIENTED_EDGE('',*,*,#4501,.T.) ;
#4528=ORIENTED_EDGE('',*,*,#4523,.F.) ;
#4551=ORIENTED_EDGE('',*,*,#4537,.F.) ;
#4552=ORIENTED_EDGE('',*,*,#3459,.T.) ;
#4553=ORIENTED_EDGE('',*,*,#4544,.T.) ;
#4554=ORIENTED_EDGE('',*,*,#4549,.F.) ;
#4575=ORIENTED_EDGE('',*,*,#4568,.F.) ;
#4576=ORIENTED_EDGE('',*,*,#3466,.T.) ;
#4577=ORIENTED_EDGE('',*,*,#4537,.T.) ;
#4578=ORIENTED_EDGE('',*,*,#4573,.F.) ;
#4594=ORIENTED_EDGE('',*,*,#4587,.F.) ;
#4595=ORIENTED_EDGE('',*,*,#3473,.T.) ;
#4596=ORIENTED_EDGE('',*,*,#4568,.T.) ;
#4597=ORIENTED_EDGE('',*,*,#4592,.F.) ;
#4611=ORIENTED_EDGE('',*,*,#4544,.F.) ;
#4612=ORIENTED_EDGE('',*,*,#3478,.T.) ;
#4613=ORIENTED_EDGE('',*,*,#4587,.T.) ;
#4614=ORIENTED_EDGE('',*,*,#4609,.F.) ;
#4628=ORIENTED_EDGE('',*,*,#3703,.T.) ;
#4629=ORIENTED_EDGE('',*,*,#4626,.F.) ;
#4630=ORIENTED_EDGE('',*,*,#3568,.T.) ;
#4631=ORIENTED_EDGE('',*,*,#4415,.T.) ;
#4645=ORIENTED_EDGE('',*,*,#3698,.F.) ;
#4646=ORIENTED_EDGE('',*,*,#4643,.F.) ;
#4647=ORIENTED_EDGE('',*,*,#3575,.T.) ;
#4648=ORIENTED_EDGE('',*,*,#4626,.T.) ;
#4707=ORIENTED_EDGE('',*,*,#4658,.F.) ;
#4708=ORIENTED_EDGE('',*,*,#4665,.F.) ;
#4709=ORIENTED_EDGE('',*,*,#4672,.F.) ;
#4710=ORIENTED_EDGE('',*,*,#4679,.F.) ;
#4711=ORIENTED_EDGE('',*,*,#4686,.F.) ;
#4712=ORIENTED_EDGE('',*,*,#4693,.F.) ;
#4713=ORIENTED_EDGE('',*,*,#4700,.F.) ;
#4714=ORIENTED_EDGE('',*,*,#4705,.F.) ;
#4728=ORIENTED_EDGE('',*,*,#4726,.F.) ;
#4729=ORIENTED_EDGE('',*,*,#3582,.T.) ;
#4730=ORIENTED_EDGE('',*,*,#4643,.T.) ;
#4731=ORIENTED_EDGE('',*,*,#3691,.F.) ;
#4762=ORIENTED_EDGE('',*,*,#4741,.F.) ;
#4763=ORIENTED_EDGE('',*,*,#4748,.F.) ;
#4764=ORIENTED_EDGE('',*,*,#4755,.F.) ;
#4765=ORIENTED_EDGE('',*,*,#4760,.F.) ;
#4796=ORIENTED_EDGE('',*,*,#4775,.F.) ;
#4797=ORIENTED_EDGE('',*,*,#4782,.F.) ;
#4798=ORIENTED_EDGE('',*,*,#4789,.F.) ;
#4799=ORIENTED_EDGE('',*,*,#4794,.F.) ;
#4830=ORIENTED_EDGE('',*,*,#4809,.F.) ;
#4831=ORIENTED_EDGE('',*,*,#4816,.F.) ;
#4832=ORIENTED_EDGE('',*,*,#4823,.F.) ;
#4833=ORIENTED_EDGE('',*,*,#4828,.F.) ;
#4847=ORIENTED_EDGE('',*,*,#4845,.F.) ;
#4848=ORIENTED_EDGE('',*,*,#3589,.T.) ;
#4849=ORIENTED_EDGE('',*,*,#4726,.T.) ;
#4850=ORIENTED_EDGE('',*,*,#3684,.F.) ;
#4864=ORIENTED_EDGE('',*,*,#4862,.F.) ;
#4865=ORIENTED_EDGE('',*,*,#3596,.T.) ;
#4866=ORIENTED_EDGE('',*,*,#4845,.T.) ;
#4867=ORIENTED_EDGE('',*,*,#3677,.F.) ;
#4876=ORIENTED_EDGE('',*,*,#3639,.F.) ;
#4877=ORIENTED_EDGE('',*,*,#3603,.T.) ;
#4878=ORIENTED_EDGE('',*,*,#4862,.T.) ;
#4879=ORIENTED_EDGE('',*,*,#3670,.F.) ;
#4900=ORIENTED_EDGE('',*,*,#3854,.F.) ;
#4901=ORIENTED_EDGE('',*,*,#4375,.F.) ;
#4902=ORIENTED_EDGE('',*,*,#4893,.F.) ;
#4903=ORIENTED_EDGE('',*,*,#4898,.T.) ;
#4904=ORIENTED_EDGE('',*,*,#3883,.T.) ;
#4925=ORIENTED_EDGE('',*,*,#4918,.T.) ;
#4926=ORIENTED_EDGE('',*,*,#3890,.F.) ;
#4927=ORIENTED_EDGE('',*,*,#4898,.F.) ;
#4928=ORIENTED_EDGE('',*,*,#4923,.T.) ;
#5171=ORIENTED_EDGE('',*,*,#3897,.T.) ;
#5172=ORIENTED_EDGE('',*,*,#4918,.F.) ;
#5173=ORIENTED_EDGE('',*,*,#4942,.T.) ;
#5174=ORIENTED_EDGE('',*,*,#4949,.T.) ;
#5175=ORIENTED_EDGE('',*,*,#4956,.F.) ;
#5176=ORIENTED_EDGE('',*,*,#4961,.F.) ;
#5177=ORIENTED_EDGE('',*,*,#4292,.T.) ;
#5178=ORIENTED_EDGE('',*,*,#4261,.F.) ;
#5179=ORIENTED_EDGE('',*,*,#4171,.T.) ;
#5180=ORIENTED_EDGE('',*,*,#4968,.F.) ;
#5181=ORIENTED_EDGE('',*,*,#4975,.F.) ;
#5182=ORIENTED_EDGE('',*,*,#4982,.F.) ;
#5183=ORIENTED_EDGE('',*,*,#4987,.F.) ;
#5184=ORIENTED_EDGE('',*,*,#4143,.T.) ;
#5185=ORIENTED_EDGE('',*,*,#4994,.F.) ;
#5186=ORIENTED_EDGE('',*,*,#5001,.F.) ;
#5187=ORIENTED_EDGE('',*,*,#5008,.F.) ;
#5188=ORIENTED_EDGE('',*,*,#5013,.F.) ;
#5189=ORIENTED_EDGE('',*,*,#4115,.T.) ;
#5190=ORIENTED_EDGE('',*,*,#5020,.F.) ;
#5191=ORIENTED_EDGE('',*,*,#5027,.F.) ;
#5192=ORIENTED_EDGE('',*,*,#5034,.F.) ;
#5193=ORIENTED_EDGE('',*,*,#5039,.F.) ;
#5194=ORIENTED_EDGE('',*,*,#4087,.T.) ;
#5195=ORIENTED_EDGE('',*,*,#5046,.F.) ;
#5196=ORIENTED_EDGE('',*,*,#5053,.F.) ;
#5197=ORIENTED_EDGE('',*,*,#5060,.F.) ;
#5198=ORIENTED_EDGE('',*,*,#5065,.F.) ;
#5199=ORIENTED_EDGE('',*,*,#4059,.T.) ;
#5200=ORIENTED_EDGE('',*,*,#5072,.F.) ;
#5201=ORIENTED_EDGE('',*,*,#5079,.F.) ;
#5202=ORIENTED_EDGE('',*,*,#5086,.F.) ;
#5203=ORIENTED_EDGE('',*,*,#5091,.F.) ;
#5204=ORIENTED_EDGE('',*,*,#4031,.T.) ;
#5205=ORIENTED_EDGE('',*,*,#5098,.F.) ;
#5206=ORIENTED_EDGE('',*,*,#5105,.F.) ;
#5207=ORIENTED_EDGE('',*,*,#5112,.F.) ;
#5208=ORIENTED_EDGE('',*,*,#5117,.F.) ;
#5209=ORIENTED_EDGE('',*,*,#4003,.T.) ;
#5210=ORIENTED_EDGE('',*,*,#5124,.F.) ;
#5211=ORIENTED_EDGE('',*,*,#5131,.F.) ;
#5212=ORIENTED_EDGE('',*,*,#5138,.F.) ;
#5213=ORIENTED_EDGE('',*,*,#5143,.F.) ;
#5214=ORIENTED_EDGE('',*,*,#3975,.T.) ;
#5215=ORIENTED_EDGE('',*,*,#5150,.F.) ;
#5216=ORIENTED_EDGE('',*,*,#5157,.F.) ;
#5217=ORIENTED_EDGE('',*,*,#5164,.F.) ;
#5218=ORIENTED_EDGE('',*,*,#5169,.F.) ;
#5219=ORIENTED_EDGE('',*,*,#3947,.T.) ;
#5220=ORIENTED_EDGE('',*,*,#3923,.F.) ;
#5241=ORIENTED_EDGE('',*,*,#3954,.F.) ;
#5242=ORIENTED_EDGE('',*,*,#5169,.T.) ;
#5243=ORIENTED_EDGE('',*,*,#5234,.T.) ;
#5244=ORIENTED_EDGE('',*,*,#5239,.F.) ;
#5272=ORIENTED_EDGE('',*,*,#3961,.T.) ;
#5273=ORIENTED_EDGE('',*,*,#5239,.T.) ;
#5274=ORIENTED_EDGE('',*,*,#5258,.T.) ;
#5275=ORIENTED_EDGE('',*,*,#5265,.T.) ;
#5276=ORIENTED_EDGE('',*,*,#5270,.T.) ;
#5290=ORIENTED_EDGE('',*,*,#5288,.F.) ;
#5291=ORIENTED_EDGE('',*,*,#5150,.T.) ;
#5292=ORIENTED_EDGE('',*,*,#3968,.T.) ;
#5293=ORIENTED_EDGE('',*,*,#5270,.F.) ;
#5314=ORIENTED_EDGE('',*,*,#3982,.F.) ;
#5315=ORIENTED_EDGE('',*,*,#5143,.T.) ;
#5316=ORIENTED_EDGE('',*,*,#5307,.T.) ;
#5317=ORIENTED_EDGE('',*,*,#5312,.F.) ;
#5340=ORIENTED_EDGE('',*,*,#3989,.T.) ;
#5341=ORIENTED_EDGE('',*,*,#5312,.T.) ;
#5342=ORIENTED_EDGE('',*,*,#5326,.T.) ;
#5343=ORIENTED_EDGE('',*,*,#5333,.T.) ;
#5344=ORIENTED_EDGE('',*,*,#5338,.T.) ;
#5358=ORIENTED_EDGE('',*,*,#5356,.F.) ;
#5359=ORIENTED_EDGE('',*,*,#5124,.T.) ;
#5360=ORIENTED_EDGE('',*,*,#3996,.T.) ;
#5361=ORIENTED_EDGE('',*,*,#5338,.F.) ;
#5382=ORIENTED_EDGE('',*,*,#4010,.F.) ;
#5383=ORIENTED_EDGE('',*,*,#5117,.T.) ;
#5384=ORIENTED_EDGE('',*,*,#5375,.T.) ;
#5385=ORIENTED_EDGE('',*,*,#5380,.F.) ;
#5408=ORIENTED_EDGE('',*,*,#4017,.T.) ;
#5409=ORIENTED_EDGE('',*,*,#5380,.T.) ;
#5410=ORIENTED_EDGE('',*,*,#5394,.T.) ;
#5411=ORIENTED_EDGE('',*,*,#5401,.T.) ;
#5412=ORIENTED_EDGE('',*,*,#5406,.T.) ;
#5426=ORIENTED_EDGE('',*,*,#5424,.F.) ;
#5427=ORIENTED_EDGE('',*,*,#5098,.T.) ;
#5428=ORIENTED_EDGE('',*,*,#4024,.T.) ;
#5429=ORIENTED_EDGE('',*,*,#5406,.F.) ;
#5450=ORIENTED_EDGE('',*,*,#4038,.F.) ;
#5451=ORIENTED_EDGE('',*,*,#5091,.T.) ;
#5452=ORIENTED_EDGE('',*,*,#5443,.T.) ;
#5453=ORIENTED_EDGE('',*,*,#5448,.F.) ;
#5476=ORIENTED_EDGE('',*,*,#4045,.T.) ;
#5477=ORIENTED_EDGE('',*,*,#5448,.T.) ;
#5478=ORIENTED_EDGE('',*,*,#5462,.T.) ;
#5479=ORIENTED_EDGE('',*,*,#5469,.T.) ;
#5480=ORIENTED_EDGE('',*,*,#5474,.T.) ;
#5489=ORIENTED_EDGE('',*,*,#5487,.F.) ;
#5490=ORIENTED_EDGE('',*,*,#5072,.T.) ;
#5491=ORIENTED_EDGE('',*,*,#4052,.T.) ;
#5492=ORIENTED_EDGE('',*,*,#5474,.F.) ;
#5513=ORIENTED_EDGE('',*,*,#4066,.F.) ;
#5514=ORIENTED_EDGE('',*,*,#5065,.T.) ;
#5515=ORIENTED_EDGE('',*,*,#5506,.T.) ;
#5516=ORIENTED_EDGE('',*,*,#5511,.F.) ;
#5539=ORIENTED_EDGE('',*,*,#4073,.T.) ;
#5540=ORIENTED_EDGE('',*,*,#5511,.T.) ;
#5541=ORIENTED_EDGE('',*,*,#5525,.T.) ;
#5542=ORIENTED_EDGE('',*,*,#5532,.T.) ;
#5543=ORIENTED_EDGE('',*,*,#5537,.T.) ;
#5552=ORIENTED_EDGE('',*,*,#5550,.F.) ;
#5553=ORIENTED_EDGE('',*,*,#5046,.T.) ;
#5554=ORIENTED_EDGE('',*,*,#4080,.T.) ;
#5555=ORIENTED_EDGE('',*,*,#5537,.F.) ;
#5576=ORIENTED_EDGE('',*,*,#4094,.F.) ;
#5577=ORIENTED_EDGE('',*,*,#5039,.T.) ;
#5578=ORIENTED_EDGE('',*,*,#5569,.T.) ;
#5579=ORIENTED_EDGE('',*,*,#5574,.F.) ;
#5602=ORIENTED_EDGE('',*,*,#4101,.T.) ;
#5603=ORIENTED_EDGE('',*,*,#5574,.T.) ;
#5604=ORIENTED_EDGE('',*,*,#5588,.T.) ;
#5605=ORIENTED_EDGE('',*,*,#5595,.T.) ;
#5606=ORIENTED_EDGE('',*,*,#5600,.T.) ;
#5620=ORIENTED_EDGE('',*,*,#5618,.F.) ;
#5621=ORIENTED_EDGE('',*,*,#5020,.T.) ;
#5622=ORIENTED_EDGE('',*,*,#4108,.T.) ;
#5623=ORIENTED_EDGE('',*,*,#5600,.F.) ;
#5644=ORIENTED_EDGE('',*,*,#4122,.F.) ;
#5645=ORIENTED_EDGE('',*,*,#5013,.T.) ;
#5646=ORIENTED_EDGE('',*,*,#5637,.T.) ;
#5647=ORIENTED_EDGE('',*,*,#5642,.F.) ;
#5670=ORIENTED_EDGE('',*,*,#4129,.T.) ;
#5671=ORIENTED_EDGE('',*,*,#5642,.T.) ;
#5672=ORIENTED_EDGE('',*,*,#5656,.T.) ;
#5673=ORIENTED_EDGE('',*,*,#5663,.T.) ;
#5674=ORIENTED_EDGE('',*,*,#5668,.T.) ;
#5688=ORIENTED_EDGE('',*,*,#5686,.F.) ;
#5689=ORIENTED_EDGE('',*,*,#4994,.T.) ;
#5690=ORIENTED_EDGE('',*,*,#4136,.T.) ;
#5691=ORIENTED_EDGE('',*,*,#5668,.F.) ;
#5712=ORIENTED_EDGE('',*,*,#4150,.F.) ;
#5713=ORIENTED_EDGE('',*,*,#4987,.T.) ;
#5714=ORIENTED_EDGE('',*,*,#5705,.T.) ;
#5715=ORIENTED_EDGE('',*,*,#5710,.F.) ;
#5738=ORIENTED_EDGE('',*,*,#4157,.T.) ;
#5739=ORIENTED_EDGE('',*,*,#5710,.T.) ;
#5740=ORIENTED_EDGE('',*,*,#5724,.T.) ;
#5741=ORIENTED_EDGE('',*,*,#5731,.T.) ;
#5742=ORIENTED_EDGE('',*,*,#5736,.T.) ;
#5756=ORIENTED_EDGE('',*,*,#5754,.F.) ;
#5757=ORIENTED_EDGE('',*,*,#4968,.T.) ;
#5758=ORIENTED_EDGE('',*,*,#4164,.T.) ;
#5759=ORIENTED_EDGE('',*,*,#5736,.F.) ;
#5787=ORIENTED_EDGE('',*,*,#5773,.F.) ;
#5788=ORIENTED_EDGE('',*,*,#4223,.T.) ;
#5789=ORIENTED_EDGE('',*,*,#5780,.T.) ;
#5790=ORIENTED_EDGE('',*,*,#5785,.F.) ;
#5811=ORIENTED_EDGE('',*,*,#5804,.F.) ;
#5812=ORIENTED_EDGE('',*,*,#4230,.T.) ;
#5813=ORIENTED_EDGE('',*,*,#5773,.T.) ;
#5814=ORIENTED_EDGE('',*,*,#5809,.F.) ;
#5835=ORIENTED_EDGE('',*,*,#5828,.F.) ;
#5836=ORIENTED_EDGE('',*,*,#4237,.T.) ;
#5837=ORIENTED_EDGE('',*,*,#5804,.T.) ;
#5838=ORIENTED_EDGE('',*,*,#5833,.F.) ;
#5852=ORIENTED_EDGE('',*,*,#5780,.F.) ;
#5853=ORIENTED_EDGE('',*,*,#4242,.T.) ;
#5854=ORIENTED_EDGE('',*,*,#5828,.T.) ;
#5855=ORIENTED_EDGE('',*,*,#5850,.F.) ;
#5871=ORIENTED_EDGE('',*,*,#5864,.F.) ;
#5872=ORIENTED_EDGE('',*,*,#4299,.T.) ;
#5873=ORIENTED_EDGE('',*,*,#4961,.T.) ;
#5874=ORIENTED_EDGE('',*,*,#5869,.F.) ;
#5883=ORIENTED_EDGE('',*,*,#4325,.F.) ;
#5884=ORIENTED_EDGE('',*,*,#4304,.T.) ;
#5885=ORIENTED_EDGE('',*,*,#5864,.T.) ;
#5886=ORIENTED_EDGE('',*,*,#5881,.T.) ;
#5887=ORIENTED_EDGE('',*,*,#4349,.F.) ;
#5943=ORIENTED_EDGE('',*,*,#5903,.F.) ;
#5944=ORIENTED_EDGE('',*,*,#5910,.F.) ;
#5945=ORIENTED_EDGE('',*,*,#5915,.F.) ;
#5946=ORIENTED_EDGE('',*,*,#4356,.F.) ;
#5947=ORIENTED_EDGE('',*,*,#5881,.F.) ;
#5948=ORIENTED_EDGE('',*,*,#5869,.T.) ;
#5949=ORIENTED_EDGE('',*,*,#4956,.T.) ;
#5950=ORIENTED_EDGE('',*,*,#5922,.F.) ;
#5951=ORIENTED_EDGE('',*,*,#5929,.F.) ;
#5952=ORIENTED_EDGE('',*,*,#5936,.F.) ;
#5953=ORIENTED_EDGE('',*,*,#5941,.T.) ;
#6002=ORIENTED_EDGE('',*,*,#5969,.T.) ;
#6003=ORIENTED_EDGE('',*,*,#5976,.F.) ;
#6004=ORIENTED_EDGE('',*,*,#5981,.F.) ;
#6005=ORIENTED_EDGE('',*,*,#4363,.T.) ;
#6006=ORIENTED_EDGE('',*,*,#5915,.T.) ;
#6007=ORIENTED_EDGE('',*,*,#5988,.T.) ;
#6008=ORIENTED_EDGE('',*,*,#5995,.F.) ;
#6009=ORIENTED_EDGE('',*,*,#6000,.T.) ;
#6058=ORIENTED_EDGE('',*,*,#6025,.T.) ;
#6059=ORIENTED_EDGE('',*,*,#6032,.T.) ;
#6060=ORIENTED_EDGE('',*,*,#6039,.T.) ;
#6061=ORIENTED_EDGE('',*,*,#6044,.T.) ;
#6062=ORIENTED_EDGE('',*,*,#4942,.F.) ;
#6063=ORIENTED_EDGE('',*,*,#4923,.F.) ;
#6064=ORIENTED_EDGE('',*,*,#4893,.T.) ;
#6065=ORIENTED_EDGE('',*,*,#4370,.T.) ;
#6066=ORIENTED_EDGE('',*,*,#5981,.T.) ;
#6067=ORIENTED_EDGE('',*,*,#6051,.T.) ;
#6068=ORIENTED_EDGE('',*,*,#6056,.T.) ;
#6072=ORIENTED_EDGE('',*,*,#4506,.T.) ;
#6073=ORIENTED_EDGE('',*,*,#4482,.T.) ;
#6074=ORIENTED_EDGE('',*,*,#4458,.T.) ;
#6075=ORIENTED_EDGE('',*,*,#4523,.T.) ;
#6079=ORIENTED_EDGE('',*,*,#4592,.T.) ;
#6080=ORIENTED_EDGE('',*,*,#4573,.T.) ;
#6081=ORIENTED_EDGE('',*,*,#4549,.T.) ;
#6082=ORIENTED_EDGE('',*,*,#4609,.T.) ;
#6110=ORIENTED_EDGE('',*,*,#6096,.F.) ;
#6111=ORIENTED_EDGE('',*,*,#4658,.T.) ;
#6112=ORIENTED_EDGE('',*,*,#6103,.T.) ;
#6113=ORIENTED_EDGE('',*,*,#6108,.F.) ;
#6134=ORIENTED_EDGE('',*,*,#6127,.F.) ;
#6135=ORIENTED_EDGE('',*,*,#4665,.T.) ;
#6136=ORIENTED_EDGE('',*,*,#6096,.T.) ;
#6137=ORIENTED_EDGE('',*,*,#6132,.F.) ;
#6158=ORIENTED_EDGE('',*,*,#6151,.F.) ;
#6159=ORIENTED_EDGE('',*,*,#4672,.T.) ;
#6160=ORIENTED_EDGE('',*,*,#6127,.T.) ;
#6161=ORIENTED_EDGE('',*,*,#6156,.F.) ;
#6177=ORIENTED_EDGE('',*,*,#6170,.F.) ;
#6178=ORIENTED_EDGE('',*,*,#4679,.T.) ;
#6179=ORIENTED_EDGE('',*,*,#6151,.T.) ;
#6180=ORIENTED_EDGE('',*,*,#6175,.F.) ;
#6201=ORIENTED_EDGE('',*,*,#6194,.F.) ;
#6202=ORIENTED_EDGE('',*,*,#4686,.T.) ;
#6203=ORIENTED_EDGE('',*,*,#6170,.T.) ;
#6204=ORIENTED_EDGE('',*,*,#6199,.F.) ;
#6220=ORIENTED_EDGE('',*,*,#6213,.F.) ;
#6221=ORIENTED_EDGE('',*,*,#4693,.T.) ;
#6222=ORIENTED_EDGE('',*,*,#6194,.T.) ;
#6223=ORIENTED_EDGE('',*,*,#6218,.F.) ;
#6244=ORIENTED_EDGE('',*,*,#6237,.F.) ;
#6245=ORIENTED_EDGE('',*,*,#4700,.T.) ;
#6246=ORIENTED_EDGE('',*,*,#6213,.T.) ;
#6247=ORIENTED_EDGE('',*,*,#6242,.F.) ;
#6261=ORIENTED_EDGE('',*,*,#6103,.F.) ;
#6262=ORIENTED_EDGE('',*,*,#4705,.T.) ;
#6263=ORIENTED_EDGE('',*,*,#6237,.T.) ;
#6264=ORIENTED_EDGE('',*,*,#6259,.F.) ;
#6298=ORIENTED_EDGE('',*,*,#6281,.T.) ;
#6299=ORIENTED_EDGE('',*,*,#6288,.F.) ;
#6300=ORIENTED_EDGE('',*,*,#6296,.F.) ;
#6301=ORIENTED_EDGE('',*,*,#4741,.T.) ;
#6325=ORIENTED_EDGE('',*,*,#6296,.T.) ;
#6326=ORIENTED_EDGE('',*,*,#6315,.F.) ;
#6327=ORIENTED_EDGE('',*,*,#6323,.T.) ;
#6328=ORIENTED_EDGE('',*,*,#4748,.T.) ;
#6352=ORIENTED_EDGE('',*,*,#6323,.F.) ;
#6353=ORIENTED_EDGE('',*,*,#6342,.F.) ;
#6354=ORIENTED_EDGE('',*,*,#6350,.F.) ;
#6355=ORIENTED_EDGE('',*,*,#4755,.T.) ;
#6369=ORIENTED_EDGE('',*,*,#6350,.T.) ;
#6370=ORIENTED_EDGE('',*,*,#6367,.F.) ;
#6371=ORIENTED_EDGE('',*,*,#6281,.F.) ;
#6372=ORIENTED_EDGE('',*,*,#4760,.T.) ;
#6406=ORIENTED_EDGE('',*,*,#6389,.T.) ;
#6407=ORIENTED_EDGE('',*,*,#6396,.F.) ;
#6408=ORIENTED_EDGE('',*,*,#6404,.F.) ;
#6409=ORIENTED_EDGE('',*,*,#4775,.T.) ;
#6433=ORIENTED_EDGE('',*,*,#6404,.T.) ;
#6434=ORIENTED_EDGE('',*,*,#6423,.F.) ;
#6435=ORIENTED_EDGE('',*,*,#6431,.T.) ;
#6436=ORIENTED_EDGE('',*,*,#4782,.T.) ;
#6460=ORIENTED_EDGE('',*,*,#6431,.F.) ;
#6461=ORIENTED_EDGE('',*,*,#6450,.F.) ;
#6462=ORIENTED_EDGE('',*,*,#6458,.F.) ;
#6463=ORIENTED_EDGE('',*,*,#4789,.T.) ;
#6477=ORIENTED_EDGE('',*,*,#6458,.T.) ;
#6478=ORIENTED_EDGE('',*,*,#6475,.F.) ;
#6479=ORIENTED_EDGE('',*,*,#6389,.F.) ;
#6480=ORIENTED_EDGE('',*,*,#4794,.T.) ;
#6514=ORIENTED_EDGE('',*,*,#6497,.T.) ;
#6515=ORIENTED_EDGE('',*,*,#6504,.F.) ;
#6516=ORIENTED_EDGE('',*,*,#6512,.F.) ;
#6517=ORIENTED_EDGE('',*,*,#4809,.T.) ;
#6541=ORIENTED_EDGE('',*,*,#6512,.T.) ;
#6542=ORIENTED_EDGE('',*,*,#6531,.F.) ;
#6543=ORIENTED_EDGE('',*,*,#6539,.T.) ;
#6544=ORIENTED_EDGE('',*,*,#4816,.T.) ;
#6568=ORIENTED_EDGE('',*,*,#6539,.F.) ;
#6569=ORIENTED_EDGE('',*,*,#6558,.F.) ;
#6570=ORIENTED_EDGE('',*,*,#6566,.F.) ;
#6571=ORIENTED_EDGE('',*,*,#4823,.T.) ;
#6585=ORIENTED_EDGE('',*,*,#6566,.T.) ;
#6586=ORIENTED_EDGE('',*,*,#6583,.F.) ;
#6587=ORIENTED_EDGE('',*,*,#6497,.F.) ;
#6588=ORIENTED_EDGE('',*,*,#4828,.T.) ;
#6602=ORIENTED_EDGE('',*,*,#4949,.F.) ;
#6603=ORIENTED_EDGE('',*,*,#6044,.F.) ;
#6604=ORIENTED_EDGE('',*,*,#6600,.F.) ;
#6605=ORIENTED_EDGE('',*,*,#5922,.T.) ;
#6619=ORIENTED_EDGE('',*,*,#6617,.F.) ;
#6620=ORIENTED_EDGE('',*,*,#4975,.T.) ;
#6621=ORIENTED_EDGE('',*,*,#5754,.T.) ;
#6622=ORIENTED_EDGE('',*,*,#5731,.F.) ;
#6631=ORIENTED_EDGE('',*,*,#5705,.F.) ;
#6632=ORIENTED_EDGE('',*,*,#4982,.T.) ;
#6633=ORIENTED_EDGE('',*,*,#6617,.T.) ;
#6634=ORIENTED_EDGE('',*,*,#5724,.F.) ;
#6648=ORIENTED_EDGE('',*,*,#6646,.F.) ;
#6649=ORIENTED_EDGE('',*,*,#5001,.T.) ;
#6650=ORIENTED_EDGE('',*,*,#5686,.T.) ;
#6651=ORIENTED_EDGE('',*,*,#5663,.F.) ;
#6660=ORIENTED_EDGE('',*,*,#5637,.F.) ;
#6661=ORIENTED_EDGE('',*,*,#5008,.T.) ;
#6662=ORIENTED_EDGE('',*,*,#6646,.T.) ;
#6663=ORIENTED_EDGE('',*,*,#5656,.F.) ;
#6677=ORIENTED_EDGE('',*,*,#6675,.F.) ;
#6678=ORIENTED_EDGE('',*,*,#5027,.T.) ;
#6679=ORIENTED_EDGE('',*,*,#5618,.T.) ;
#6680=ORIENTED_EDGE('',*,*,#5595,.F.) ;
#6689=ORIENTED_EDGE('',*,*,#5569,.F.) ;
#6690=ORIENTED_EDGE('',*,*,#5034,.T.) ;
#6691=ORIENTED_EDGE('',*,*,#6675,.T.) ;
#6692=ORIENTED_EDGE('',*,*,#5588,.F.) ;
#6706=ORIENTED_EDGE('',*,*,#6704,.F.) ;
#6707=ORIENTED_EDGE('',*,*,#5053,.T.) ;
#6708=ORIENTED_EDGE('',*,*,#5550,.T.) ;
#6709=ORIENTED_EDGE('',*,*,#5532,.F.) ;
#6718=ORIENTED_EDGE('',*,*,#5506,.F.) ;
#6719=ORIENTED_EDGE('',*,*,#5060,.T.) ;
#6720=ORIENTED_EDGE('',*,*,#6704,.T.) ;
#6721=ORIENTED_EDGE('',*,*,#5525,.F.) ;
#6735=ORIENTED_EDGE('',*,*,#6733,.F.) ;
#6736=ORIENTED_EDGE('',*,*,#5079,.T.) ;
#6737=ORIENTED_EDGE('',*,*,#5487,.T.) ;
#6738=ORIENTED_EDGE('',*,*,#5469,.F.) ;
#6747=ORIENTED_EDGE('',*,*,#5443,.F.) ;
#6748=ORIENTED_EDGE('',*,*,#5086,.T.) ;
#6749=ORIENTED_EDGE('',*,*,#6733,.T.) ;
#6750=ORIENTED_EDGE('',*,*,#5462,.F.) ;
#6764=ORIENTED_EDGE('',*,*,#6762,.F.) ;
#6765=ORIENTED_EDGE('',*,*,#5105,.T.) ;
#6766=ORIENTED_EDGE('',*,*,#5424,.T.) ;
#6767=ORIENTED_EDGE('',*,*,#5401,.F.) ;
#6776=ORIENTED_EDGE('',*,*,#5375,.F.) ;
#6777=ORIENTED_EDGE('',*,*,#5112,.T.) ;
#6778=ORIENTED_EDGE('',*,*,#6762,.T.) ;
#6779=ORIENTED_EDGE('',*,*,#5394,.F.) ;
#6793=ORIENTED_EDGE('',*,*,#6791,.F.) ;
#6794=ORIENTED_EDGE('',*,*,#5131,.T.) ;
#6795=ORIENTED_EDGE('',*,*,#5356,.T.) ;
#6796=ORIENTED_EDGE('',*,*,#5333,.F.) ;
#6805=ORIENTED_EDGE('',*,*,#5307,.F.) ;
#6806=ORIENTED_EDGE('',*,*,#5138,.T.) ;
#6807=ORIENTED_EDGE('',*,*,#6791,.T.) ;
#6808=ORIENTED_EDGE('',*,*,#5326,.F.) ;
#6822=ORIENTED_EDGE('',*,*,#6820,.F.) ;
#6823=ORIENTED_EDGE('',*,*,#5157,.T.) ;
#6824=ORIENTED_EDGE('',*,*,#5288,.T.) ;
#6825=ORIENTED_EDGE('',*,*,#5265,.F.) ;
#6834=ORIENTED_EDGE('',*,*,#5234,.F.) ;
#6835=ORIENTED_EDGE('',*,*,#5164,.T.) ;
#6836=ORIENTED_EDGE('',*,*,#6820,.T.) ;
#6837=ORIENTED_EDGE('',*,*,#5258,.F.) ;
#6846=ORIENTED_EDGE('',*,*,#5833,.T.) ;
#6847=ORIENTED_EDGE('',*,*,#5809,.T.) ;
#6848=ORIENTED_EDGE('',*,*,#5785,.T.) ;
#6849=ORIENTED_EDGE('',*,*,#5850,.T.) ;
#6896=ORIENTED_EDGE('',*,*,#6865,.F.) ;
#6897=ORIENTED_EDGE('',*,*,#6872,.F.) ;
#6898=ORIENTED_EDGE('',*,*,#6877,.F.) ;
#6899=ORIENTED_EDGE('',*,*,#5903,.T.) ;
#6900=ORIENTED_EDGE('',*,*,#6882,.F.) ;
#6901=ORIENTED_EDGE('',*,*,#6056,.F.) ;
#6902=ORIENTED_EDGE('',*,*,#6889,.F.) ;
#6903=ORIENTED_EDGE('',*,*,#6894,.F.) ;
#6917=ORIENTED_EDGE('',*,*,#5988,.F.) ;
#6918=ORIENTED_EDGE('',*,*,#5910,.T.) ;
#6919=ORIENTED_EDGE('',*,*,#6877,.T.) ;
#6920=ORIENTED_EDGE('',*,*,#6915,.T.) ;
#6934=ORIENTED_EDGE('',*,*,#6932,.F.) ;
#6935=ORIENTED_EDGE('',*,*,#5929,.T.) ;
#6936=ORIENTED_EDGE('',*,*,#6600,.T.) ;
#6937=ORIENTED_EDGE('',*,*,#6039,.F.) ;
#6946=ORIENTED_EDGE('',*,*,#6944,.T.) ;
#6947=ORIENTED_EDGE('',*,*,#5936,.T.) ;
#6948=ORIENTED_EDGE('',*,*,#6932,.T.) ;
#6949=ORIENTED_EDGE('',*,*,#6032,.F.) ;
#6980=ORIENTED_EDGE('',*,*,#6959,.F.) ;
#6981=ORIENTED_EDGE('',*,*,#6966,.F.) ;
#6982=ORIENTED_EDGE('',*,*,#6973,.F.) ;
#6983=ORIENTED_EDGE('',*,*,#6978,.F.) ;
#6992=ORIENTED_EDGE('',*,*,#6944,.F.) ;
#6993=ORIENTED_EDGE('',*,*,#6025,.F.) ;
#6994=ORIENTED_EDGE('',*,*,#6882,.T.) ;
#6995=ORIENTED_EDGE('',*,*,#5941,.F.) ;
#7021=ORIENTED_EDGE('',*,*,#7009,.F.) ;
#7022=ORIENTED_EDGE('',*,*,#6894,.T.) ;
#7023=ORIENTED_EDGE('',*,*,#7014,.T.) ;
#7024=ORIENTED_EDGE('',*,*,#5969,.F.) ;
#7025=ORIENTED_EDGE('',*,*,#7019,.F.) ;
#7029=ORIENTED_EDGE('',*,*,#6051,.F.) ;
#7030=ORIENTED_EDGE('',*,*,#5976,.T.) ;
#7031=ORIENTED_EDGE('',*,*,#7014,.F.) ;
#7032=ORIENTED_EDGE('',*,*,#6889,.T.) ;
#7053=ORIENTED_EDGE('',*,*,#7046,.T.) ;
#7054=ORIENTED_EDGE('',*,*,#5995,.T.) ;
#7055=ORIENTED_EDGE('',*,*,#6915,.F.) ;
#7056=ORIENTED_EDGE('',*,*,#6872,.T.) ;
#7057=ORIENTED_EDGE('',*,*,#7051,.F.) ;
#7071=ORIENTED_EDGE('',*,*,#7069,.T.) ;
#7072=ORIENTED_EDGE('',*,*,#7019,.T.) ;
#7073=ORIENTED_EDGE('',*,*,#6000,.F.) ;
#7074=ORIENTED_EDGE('',*,*,#7046,.F.) ;
#7083=ORIENTED_EDGE('',*,*,#6242,.T.) ;
#7084=ORIENTED_EDGE('',*,*,#6218,.T.) ;
#7085=ORIENTED_EDGE('',*,*,#6199,.T.) ;
#7086=ORIENTED_EDGE('',*,*,#6175,.T.) ;
#7087=ORIENTED_EDGE('',*,*,#6156,.T.) ;
#7088=ORIENTED_EDGE('',*,*,#6132,.T.) ;
#7089=ORIENTED_EDGE('',*,*,#6108,.T.) ;
#7090=ORIENTED_EDGE('',*,*,#6259,.T.) ;
#7099=ORIENTED_EDGE('',*,*,#6288,.T.) ;
#7100=ORIENTED_EDGE('',*,*,#6367,.T.) ;
#7101=ORIENTED_EDGE('',*,*,#6342,.T.) ;
#7102=ORIENTED_EDGE('',*,*,#6315,.T.) ;
#7106=ORIENTED_EDGE('',*,*,#6396,.T.) ;
#7107=ORIENTED_EDGE('',*,*,#6475,.T.) ;
#7108=ORIENTED_EDGE('',*,*,#6450,.T.) ;
#7109=ORIENTED_EDGE('',*,*,#6423,.T.) ;
#7113=ORIENTED_EDGE('',*,*,#6504,.T.) ;
#7114=ORIENTED_EDGE('',*,*,#6583,.T.) ;
#7115=ORIENTED_EDGE('',*,*,#6558,.T.) ;
#7116=ORIENTED_EDGE('',*,*,#6531,.T.) ;
#7125=ORIENTED_EDGE('',*,*,#7069,.F.) ;
#7126=ORIENTED_EDGE('',*,*,#7051,.T.) ;
#7127=ORIENTED_EDGE('',*,*,#6865,.T.) ;
#7128=ORIENTED_EDGE('',*,*,#7009,.T.) ;
#7156=ORIENTED_EDGE('',*,*,#7142,.F.) ;
#7157=ORIENTED_EDGE('',*,*,#6959,.T.) ;
#7158=ORIENTED_EDGE('',*,*,#7149,.T.) ;
#7159=ORIENTED_EDGE('',*,*,#7154,.F.) ;
#7180=ORIENTED_EDGE('',*,*,#7173,.F.) ;
#7181=ORIENTED_EDGE('',*,*,#6966,.T.) ;
#7182=ORIENTED_EDGE('',*,*,#7142,.T.) ;
#7183=ORIENTED_EDGE('',*,*,#7178,.F.) ;
#7204=ORIENTED_EDGE('',*,*,#7197,.F.) ;
#7205=ORIENTED_EDGE('',*,*,#6973,.T.) ;
#7206=ORIENTED_EDGE('',*,*,#7173,.T.) ;
#7207=ORIENTED_EDGE('',*,*,#7202,.F.) ;
#7221=ORIENTED_EDGE('',*,*,#7149,.F.) ;
#7222=ORIENTED_EDGE('',*,*,#6978,.T.) ;
#7223=ORIENTED_EDGE('',*,*,#7197,.T.) ;
#7224=ORIENTED_EDGE('',*,*,#7219,.F.) ;
#7228=ORIENTED_EDGE('',*,*,#7202,.T.) ;
#7229=ORIENTED_EDGE('',*,*,#7178,.T.) ;
#7230=ORIENTED_EDGE('',*,*,#7154,.T.) ;
#7231=ORIENTED_EDGE('',*,*,#7219,.T.) ;
#7387=ORIENTED_EDGE('',*,*,#7351,.F.) ;
#7388=ORIENTED_EDGE('',*,*,#7361,.T.) ;
#7389=ORIENTED_EDGE('',*,*,#7377,.T.) ;
#7390=ORIENTED_EDGE('',*,*,#7385,.F.) ;
#7483=ORIENTED_EDGE('',*,*,#7377,.F.) ;
#7484=ORIENTED_EDGE('',*,*,#7473,.T.) ;
#7485=ORIENTED_EDGE('',*,*,#7351,.T.) ;
#7486=ORIENTED_EDGE('',*,*,#7481,.F.) ;
#7495=ORIENTED_EDGE('',*,*,#7473,.F.) ;
#7496=ORIENTED_EDGE('',*,*,#7361,.F.) ;
#7613=ORIENTED_EDGE('',*,*,#7587,.F.) ;
#7614=ORIENTED_EDGE('',*,*,#7385,.T.) ;
#7615=ORIENTED_EDGE('',*,*,#7603,.T.) ;
#7616=ORIENTED_EDGE('',*,*,#7611,.F.) ;
#7701=ORIENTED_EDGE('',*,*,#7603,.F.) ;
#7702=ORIENTED_EDGE('',*,*,#7481,.T.) ;
#7703=ORIENTED_EDGE('',*,*,#7587,.T.) ;
#7704=ORIENTED_EDGE('',*,*,#7699,.F.) ;
#7821=ORIENTED_EDGE('',*,*,#7795,.F.) ;
#7822=ORIENTED_EDGE('',*,*,#7611,.T.) ;
#7823=ORIENTED_EDGE('',*,*,#7811,.T.) ;
#7824=ORIENTED_EDGE('',*,*,#7819,.F.) ;
#7909=ORIENTED_EDGE('',*,*,#7811,.F.) ;
#7910=ORIENTED_EDGE('',*,*,#7699,.T.) ;
#7911=ORIENTED_EDGE('',*,*,#7795,.T.) ;
#7912=ORIENTED_EDGE('',*,*,#7907,.F.) ;
#7921=ORIENTED_EDGE('',*,*,#7819,.T.) ;
#7922=ORIENTED_EDGE('',*,*,#7907,.T.) ;
#199=FACE_BOUND('',#196,.T.) ;
#2682=FACE_BOUND('',#2677,.T.) ;
#2716=FACE_BOUND('',#2711,.T.) ;
#3144=FACE_BOUND('',#3135,.T.) ;
#3450=FACE_BOUND('',#3445,.T.) ;
#3484=FACE_BOUND('',#3479,.T.) ;
#4248=FACE_BOUND('',#4243,.T.) ;
#4715=FACE_BOUND('',#4706,.T.) ;
#4766=FACE_BOUND('',#4761,.T.) ;
#4800=FACE_BOUND('',#4795,.T.) ;
#4834=FACE_BOUND('',#4829,.T.) ;
#6984=FACE_BOUND('',#6979,.T.) ;
#62=CLOSED_SHELL('Closed Shell',(#102,#124,#200,#210,#241,#265,#353,#377,#401,#425,#513,#530,#565,#652,#671,#726,#750,#781,#805,#847,#859,#941,#953,#965,#977,#989,#1001,#1032,#1056,#1075,#1130,#1185,#1202,#1209,#1233,#1252,#1264,#1299,#1394,#1413,#1436,#1448,#1530,#1542,#1554,#1616,#1635,#1654,#1673,#1692,#1747,#1766,#1785,#1797,#1884,#1903,#1932,#1962,#1974,#2056,#2068,#2080,#2122,#2141,#2176,#2199,#2222,#2257,#2276,#2304,#2321,#2338,#2406,#2423,#2435,#2503,#2536,#2567,#2591,#2717,#2750,#2790,#2814,#2831,#2878,#2909,#2926,#2957,#2974,#2998,#3145,#3176,#3200,#3224,#3241,#3267,#3291,#3310,#3327,#3338,#3485,#3502,#3526,#3537,#3554,#3627,#3651,#3717,#3734,#3751,#3763,#3775,#3799,#3823,#3840,#3871,#3911,#3935,#4249,#4273,#4313,#4337,#4386,#4398,#4405,#4422,#4434,#4465,#4489,#4513,#4530,#4556,#4580,#4599,#4616,#4633,#4716,#4835,#4852,#4869,#4881,#4906,#4930,#5222,#5246,#5278,#5295,#5319,#5346,#5363,#5387,#5414,#5431,#5455,#5482,#5494,#5518,#5545,#5557,#5581,#5608,#5625,#5649,#5676,#5693,#5717,#5744,#5761,#5792,#5816,#5840,#5857,#5876,#5889,#5955,#6011,#6070,#6077,#6084,#6115,#6139,#6163,#6182,#6206,#6225,#6249,#6266,#6303,#6330,#6357,#6374,#6411,#6438,#6465,#6482,#6519,#6546,#6573,#6590,#6607,#6624,#6636,#6653,#6665,#6682,#6694,#6711,#6723,#6740,#6752,#6769,#6781,#6798,#6810,#6827,#6839,#6851,#6905,#6922,#6939,#6985,#6997,#7027,#7034,#7059,#7076,#7092,#7104,#7111,#7118,#7130,#7161,#7185,#7209,#7226,#7233)) ;
#7260=CLOSED_SHELL('Closed Shell',(#7392,#7488,#7498,#7618,#7706,#7826,#7914,#7924)) ;
#7241=ITEM_DEFINED_TRANSFORMATION(' ',' ',#7243,#7242) ;
#7932=ITEM_DEFINED_TRANSFORMATION(' ',' ',#7934,#7933) ;
#7947=ITEM_DEFINED_TRANSFORMATION(' ',' ',#7949,#7948) ;
#70=VECTOR('Line Direction',#69,1.) ;
#86=VECTOR('Line Direction',#85,1.) ;
#132=VECTOR('Line Direction',#131,1.) ;
#148=VECTOR('Line Direction',#147,1.) ;
#162=VECTOR('Line Direction',#161,1.) ;
#176=VECTOR('Line Direction',#175,1.) ;
#218=VECTOR('Line Direction',#217,1.) ;
#227=VECTOR('Line Direction',#226,1.) ;
#232=VECTOR('Line Direction',#231,1.) ;
#249=VECTOR('Line Direction',#248,1.) ;
#273=VECTOR('Line Direction',#272,1.) ;
#282=VECTOR('Line Direction',#281,1.) ;
#289=VECTOR('Line Direction',#288,1.) ;
#296=VECTOR('Line Direction',#295,1.) ;
#303=VECTOR('Line Direction',#302,1.) ;
#310=VECTOR('Line Direction',#309,1.) ;
#315=VECTOR('Line Direction',#314,1.) ;
#322=VECTOR('Line Direction',#321,1.) ;
#329=VECTOR('Line Direction',#328,1.) ;
#336=VECTOR('Line Direction',#335,1.) ;
#361=VECTOR('Line Direction',#360,1.) ;
#385=VECTOR('Line Direction',#384,1.) ;
#392=VECTOR('Line Direction',#391,1.) ;
#409=VECTOR('Line Direction',#408,1.) ;
#433=VECTOR('Line Direction',#432,1.) ;
#442=VECTOR('Line Direction',#441,1.) ;
#449=VECTOR('Line Direction',#448,1.) ;
#456=VECTOR('Line Direction',#455,1.) ;
#463=VECTOR('Line Direction',#462,1.) ;
#470=VECTOR('Line Direction',#469,1.) ;
#475=VECTOR('Line Direction',#474,1.) ;
#482=VECTOR('Line Direction',#481,1.) ;
#489=VECTOR('Line Direction',#488,1.) ;
#496=VECTOR('Line Direction',#495,1.) ;
#538=VECTOR('Line Direction',#537,1.) ;
#552=VECTOR('Line Direction',#551,1.) ;
#573=VECTOR('Line Direction',#572,1.) ;
#589=VECTOR('Line Direction',#588,1.) ;
#596=VECTOR('Line Direction',#595,1.) ;
#639=VECTOR('Line Direction',#638,1.) ;
#655=VECTOR('Line Direction',#654,1.) ;
#679=VECTOR('Line Direction',#678,1.) ;
#691=VECTOR('Line Direction',#690,1.) ;
#712=VECTOR('Line Direction',#711,1.) ;
#734=VECTOR('Line Direction',#733,1.) ;
#741=VECTOR('Line Direction',#740,1.) ;
#767=VECTOR('Line Direction',#766,1.) ;
#789=VECTOR('Line Direction',#788,1.) ;
#796=VECTOR('Line Direction',#795,1.) ;
#815=VECTOR('Line Direction',#814,1.) ;
#834=VECTOR('Line Direction',#833,1.) ;
#850=VECTOR('Line Direction',#849,1.) ;
#862=VECTOR('Line Direction',#861,1.) ;
#878=VECTOR('Line Direction',#877,1.) ;
#885=VECTOR('Line Direction',#884,1.) ;
#928=VECTOR('Line Direction',#927,1.) ;
#944=VECTOR('Line Direction',#943,1.) ;
#956=VECTOR('Line Direction',#955,1.) ;
#968=VECTOR('Line Direction',#967,1.) ;
#980=VECTOR('Line Direction',#979,1.) ;
#1009=VECTOR('Line Direction',#1008,1.) ;
#1016=VECTOR('Line Direction',#1015,1.) ;
#1023=VECTOR('Line Direction',#1022,1.) ;
#1047=VECTOR('Line Direction',#1046,1.) ;
#1059=VECTOR('Line Direction',#1058,1.) ;
#1066=VECTOR('Line Direction',#1065,1.) ;
#1078=VECTOR('Line Direction',#1077,1.) ;
#1087=VECTOR('Line Direction',#1086,1.) ;
#1094=VECTOR('Line Direction',#1093,1.) ;
#1101=VECTOR('Line Direction',#1100,1.) ;
#1106=VECTOR('Line Direction',#1105,1.) ;
#1113=VECTOR('Line Direction',#1112,1.) ;
#1133=VECTOR('Line Direction',#1132,1.) ;
#1142=VECTOR('Line Direction',#1141,1.) ;
#1149=VECTOR('Line Direction',#1148,1.) ;
#1154=VECTOR('Line Direction',#1153,1.) ;
#1161=VECTOR('Line Direction',#1160,1.) ;
#1168=VECTOR('Line Direction',#1167,1.) ;
#1193=VECTOR('Line Direction',#1192,1.) ;
#1217=VECTOR('Line Direction',#1216,1.) ;
#1224=VECTOR('Line Direction',#1223,1.) ;
#1243=VECTOR('Line Direction',#1242,1.) ;
#1255=VECTOR('Line Direction',#1254,1.) ;
#1279=VECTOR('Line Direction',#1278,1.) ;
#1307=VECTOR('Line Direction',#1306,1.) ;
#1330=VECTOR('Line Direction',#1329,1.) ;
#1337=VECTOR('Line Direction',#1336,1.) ;
#1380=VECTOR('Line Direction',#1379,1.) ;
#1397=VECTOR('Line Direction',#1396,1.) ;
#1416=VECTOR('Line Direction',#1415,1.) ;
#1439=VECTOR('Line Direction',#1438,1.) ;
#1451=VECTOR('Line Direction',#1450,1.) ;
#1467=VECTOR('Line Direction',#1466,1.) ;
#1474=VECTOR('Line Direction',#1473,1.) ;
#1517=VECTOR('Line Direction',#1516,1.) ;
#1533=VECTOR('Line Direction',#1532,1.) ;
#1545=VECTOR('Line Direction',#1544,1.) ;
#1557=VECTOR('Line Direction',#1556,1.) ;
#1566=VECTOR('Line Direction',#1565,1.) ;
#1573=VECTOR('Line Direction',#1572,1.) ;
#1580=VECTOR('Line Direction',#1579,1.) ;
#1585=VECTOR('Line Direction',#1584,1.) ;
#1592=VECTOR('Line Direction',#1591,1.) ;
#1599=VECTOR('Line Direction',#1598,1.) ;
#1619=VECTOR('Line Direction',#1618,1.) ;
#1626=VECTOR('Line Direction',#1625,1.) ;
#1638=VECTOR('Line Direction',#1637,1.) ;
#1664=VECTOR('Line Direction',#1663,1.) ;
#1676=VECTOR('Line Direction',#1675,1.) ;
#1683=VECTOR('Line Direction',#1682,1.) ;
#1695=VECTOR('Line Direction',#1694,1.) ;
#1704=VECTOR('Line Direction',#1703,1.) ;
#1711=VECTOR('Line Direction',#1710,1.) ;
#1718=VECTOR('Line Direction',#1717,1.) ;
#1723=VECTOR('Line Direction',#1722,1.) ;
#1730=VECTOR('Line Direction',#1729,1.) ;
#1750=VECTOR('Line Direction',#1749,1.) ;
#1757=VECTOR('Line Direction',#1756,1.) ;
#1776=VECTOR('Line Direction',#1775,1.) ;
#1788=VECTOR('Line Direction',#1787,1.) ;
#1805=VECTOR('Line Direction',#1804,1.) ;
#1821=VECTOR('Line Direction',#1820,1.) ;
#1828=VECTOR('Line Direction',#1827,1.) ;
#1871=VECTOR('Line Direction',#1870,1.) ;
#1887=VECTOR('Line Direction',#1886,1.) ;
#1911=VECTOR('Line Direction',#1910,1.) ;
#1942=VECTOR('Line Direction',#1941,1.) ;
#1965=VECTOR('Line Direction',#1964,1.) ;
#1977=VECTOR('Line Direction',#1976,1.) ;
#1993=VECTOR('Line Direction',#1992,1.) ;
#2000=VECTOR('Line Direction',#1999,1.) ;
#2043=VECTOR('Line Direction',#2042,1.) ;
#2059=VECTOR('Line Direction',#2058,1.) ;
#2071=VECTOR('Line Direction',#2070,1.) ;
#2083=VECTOR('Line Direction',#2082,1.) ;
#2092=VECTOR('Line Direction',#2091,1.) ;
#2099=VECTOR('Line Direction',#2098,1.) ;
#2106=VECTOR('Line Direction',#2105,1.) ;
#2111=VECTOR('Line Direction',#2110,1.) ;
#2132=VECTOR('Line Direction',#2131,1.) ;
#2144=VECTOR('Line Direction',#2143,1.) ;
#2153=VECTOR('Line Direction',#2152,1.) ;
#2158=VECTOR('Line Direction',#2157,1.) ;
#2165=VECTOR('Line Direction',#2164,1.) ;
#2179=VECTOR('Line Direction',#2178,1.) ;
#2186=VECTOR('Line Direction',#2185,1.) ;
#2202=VECTOR('Line Direction',#2201,1.) ;
#2209=VECTOR('Line Direction',#2208,1.) ;
#2225=VECTOR('Line Direction',#2224,1.) ;
#2234=VECTOR('Line Direction',#2233,1.) ;
#2241=VECTOR('Line Direction',#2240,1.) ;
#2246=VECTOR('Line Direction',#2245,1.) ;
#2267=VECTOR('Line Direction',#2266,1.) ;
#2279=VECTOR('Line Direction',#2278,1.) ;
#2286=VECTOR('Line Direction',#2285,1.) ;
#2293=VECTOR('Line Direction',#2292,1.) ;
#2312=VECTOR('Line Direction',#2311,1.) ;
#2329=VECTOR('Line Direction',#2328,1.) ;
#2341=VECTOR('Line Direction',#2340,1.) ;
#2369=VECTOR('Line Direction',#2368,1.) ;
#2374=VECTOR('Line Direction',#2373,1.) ;
#2414=VECTOR('Line Direction',#2413,1.) ;
#2426=VECTOR('Line Direction',#2425,1.) ;
#2459=VECTOR('Line Direction',#2458,1.) ;
#2464=VECTOR('Line Direction',#2463,1.) ;
#2490=VECTOR('Line Direction',#2489,1.) ;
#2511=VECTOR('Line Direction',#2510,1.) ;
#2520=VECTOR('Line Direction',#2519,1.) ;
#2525=VECTOR('Line Direction',#2524,1.) ;
#2544=VECTOR('Line Direction',#2543,1.) ;
#2551=VECTOR('Line Direction',#2550,1.) ;
#2558=VECTOR('Line Direction',#2557,1.) ;
#2582=VECTOR('Line Direction',#2581,1.) ;
#2599=VECTOR('Line Direction',#2598,1.) ;
#2615=VECTOR('Line Direction',#2614,1.) ;
#2627=VECTOR('Line Direction',#2626,1.) ;
#2634=VECTOR('Line Direction',#2633,1.) ;
#2651=VECTOR('Line Direction',#2650,1.) ;
#2660=VECTOR('Line Direction',#2659,1.) ;
#2667=VECTOR('Line Direction',#2666,1.) ;
#2674=VECTOR('Line Direction',#2673,1.) ;
#2685=VECTOR('Line Direction',#2684,1.) ;
#2694=VECTOR('Line Direction',#2693,1.) ;
#2701=VECTOR('Line Direction',#2700,1.) ;
#2708=VECTOR('Line Direction',#2707,1.) ;
#2725=VECTOR('Line Direction',#2724,1.) ;
#2732=VECTOR('Line Direction',#2731,1.) ;
#2758=VECTOR('Line Direction',#2757,1.) ;
#2772=VECTOR('Line Direction',#2771,1.) ;
#2779=VECTOR('Line Direction',#2778,1.) ;
#2805=VECTOR('Line Direction',#2804,1.) ;
#2822=VECTOR('Line Direction',#2821,1.) ;
#2839=VECTOR('Line Direction',#2838,1.) ;
#2846=VECTOR('Line Direction',#2845,1.) ;
#2853=VECTOR('Line Direction',#2852,1.) ;
#2860=VECTOR('Line Direction',#2859,1.) ;
#2867=VECTOR('Line Direction',#2866,1.) ;
#2893=VECTOR('Line Direction',#2892,1.) ;
#2934=VECTOR('Line Direction',#2933,1.) ;
#2982=VECTOR('Line Direction',#2981,1.) ;
#3006=VECTOR('Line Direction',#3005,1.) ;
#3022=VECTOR('Line Direction',#3021,1.) ;
#3027=VECTOR('Line Direction',#3026,1.) ;
#3041=VECTOR('Line Direction',#3040,1.) ;
#3048=VECTOR('Line Direction',#3047,1.) ;
#3055=VECTOR('Line Direction',#3054,1.) ;
#3062=VECTOR('Line Direction',#3061,1.) ;
#3090=VECTOR('Line Direction',#3089,1.) ;
#3104=VECTOR('Line Direction',#3103,1.) ;
#3118=VECTOR('Line Direction',#3117,1.) ;
#3132=VECTOR('Line Direction',#3131,1.) ;
#3153=VECTOR('Line Direction',#3152,1.) ;
#3160=VECTOR('Line Direction',#3159,1.) ;
#3167=VECTOR('Line Direction',#3166,1.) ;
#3184=VECTOR('Line Direction',#3183,1.) ;
#3191=VECTOR('Line Direction',#3190,1.) ;
#3208=VECTOR('Line Direction',#3207,1.) ;
#3215=VECTOR('Line Direction',#3214,1.) ;
#3232=VECTOR('Line Direction',#3231,1.) ;
#3244=VECTOR('Line Direction',#3243,1.) ;
#3251=VECTOR('Line Direction',#3250,1.) ;
#3258=VECTOR('Line Direction',#3257,1.) ;
#3275=VECTOR('Line Direction',#3274,1.) ;
#3282=VECTOR('Line Direction',#3281,1.) ;
#3294=VECTOR('Line Direction',#3293,1.) ;
#3301=VECTOR('Line Direction',#3300,1.) ;
#3318=VECTOR('Line Direction',#3317,1.) ;
#3330=VECTOR('Line Direction',#3329,1.) ;
#3341=VECTOR('Line Direction',#3340,1.) ;
#3348=VECTOR('Line Direction',#3347,1.) ;
#3355=VECTOR('Line Direction',#3354,1.) ;
#3367=VECTOR('Line Direction',#3366,1.) ;
#3372=VECTOR('Line Direction',#3371,1.) ;
#3379=VECTOR('Line Direction',#3378,1.) ;
#3386=VECTOR('Line Direction',#3385,1.) ;
#3391=VECTOR('Line Direction',#3390,1.) ;
#3419=VECTOR('Line Direction',#3418,1.) ;
#3428=VECTOR('Line Direction',#3427,1.) ;
#3435=VECTOR('Line Direction',#3434,1.) ;
#3442=VECTOR('Line Direction',#3441,1.) ;
#3453=VECTOR('Line Direction',#3452,1.) ;
#3462=VECTOR('Line Direction',#3461,1.) ;
#3469=VECTOR('Line Direction',#3468,1.) ;
#3476=VECTOR('Line Direction',#3475,1.) ;
#3529=VECTOR('Line Direction',#3528,1.) ;
#3545=VECTOR('Line Direction',#3544,1.) ;
#3571=VECTOR('Line Direction',#3570,1.) ;
#3578=VECTOR('Line Direction',#3577,1.) ;
#3585=VECTOR('Line Direction',#3584,1.) ;
#3592=VECTOR('Line Direction',#3591,1.) ;
#3599=VECTOR('Line Direction',#3598,1.) ;
#3606=VECTOR('Line Direction',#3605,1.) ;
#3611=VECTOR('Line Direction',#3610,1.) ;
#3635=VECTOR('Line Direction',#3634,1.) ;
#3642=VECTOR('Line Direction',#3641,1.) ;
#3659=VECTOR('Line Direction',#3658,1.) ;
#3666=VECTOR('Line Direction',#3665,1.) ;
#3673=VECTOR('Line Direction',#3672,1.) ;
#3680=VECTOR('Line Direction',#3679,1.) ;
#3687=VECTOR('Line Direction',#3686,1.) ;
#3694=VECTOR('Line Direction',#3693,1.) ;
#3725=VECTOR('Line Direction',#3724,1.) ;
#3742=VECTOR('Line Direction',#3741,1.) ;
#3783=VECTOR('Line Direction',#3782,1.) ;
#3790=VECTOR('Line Direction',#3789,1.) ;
#3807=VECTOR('Line Direction',#3806,1.) ;
#3814=VECTOR('Line Direction',#3813,1.) ;
#3831=VECTOR('Line Direction',#3830,1.) ;
#3857=VECTOR('Line Direction',#3856,1.) ;
#3862=VECTOR('Line Direction',#3861,1.) ;
#3879=VECTOR('Line Direction',#3878,1.) ;
#3886=VECTOR('Line Direction',#3885,1.) ;
#3893=VECTOR('Line Direction',#3892,1.) ;
#3900=VECTOR('Line Direction',#3899,1.) ;
#3926=VECTOR('Line Direction',#3925,1.) ;
#3943=VECTOR('Line Direction',#3942,1.) ;
#3950=VECTOR('Line Direction',#3949,1.) ;
#3957=VECTOR('Line Direction',#3956,1.) ;
#3964=VECTOR('Line Direction',#3963,1.) ;
#3971=VECTOR('Line Direction',#3970,1.) ;
#3978=VECTOR('Line Direction',#3977,1.) ;
#3985=VECTOR('Line Direction',#3984,1.) ;
#3992=VECTOR('Line Direction',#3991,1.) ;
#3999=VECTOR('Line Direction',#3998,1.) ;
#4006=VECTOR('Line Direction',#4005,1.) ;
#4013=VECTOR('Line Direction',#4012,1.) ;
#4020=VECTOR('Line Direction',#4019,1.) ;
#4027=VECTOR('Line Direction',#4026,1.) ;
#4034=VECTOR('Line Direction',#4033,1.) ;
#4041=VECTOR('Line Direction',#4040,1.) ;
#4048=VECTOR('Line Direction',#4047,1.) ;
#4055=VECTOR('Line Direction',#4054,1.) ;
#4062=VECTOR('Line Direction',#4061,1.) ;
#4069=VECTOR('Line Direction',#4068,1.) ;
#4076=VECTOR('Line Direction',#4075,1.) ;
#4083=VECTOR('Line Direction',#4082,1.) ;
#4090=VECTOR('Line Direction',#4089,1.) ;
#4097=VECTOR('Line Direction',#4096,1.) ;
#4104=VECTOR('Line Direction',#4103,1.) ;
#4111=VECTOR('Line Direction',#4110,1.) ;
#4118=VECTOR('Line Direction',#4117,1.) ;
#4125=VECTOR('Line Direction',#4124,1.) ;
#4132=VECTOR('Line Direction',#4131,1.) ;
#4139=VECTOR('Line Direction',#4138,1.) ;
#4146=VECTOR('Line Direction',#4145,1.) ;
#4153=VECTOR('Line Direction',#4152,1.) ;
#4160=VECTOR('Line Direction',#4159,1.) ;
#4167=VECTOR('Line Direction',#4166,1.) ;
#4174=VECTOR('Line Direction',#4173,1.) ;
#4217=VECTOR('Line Direction',#4216,1.) ;
#4226=VECTOR('Line Direction',#4225,1.) ;
#4233=VECTOR('Line Direction',#4232,1.) ;
#4240=VECTOR('Line Direction',#4239,1.) ;
#4264=VECTOR('Line Direction',#4263,1.) ;
#4281=VECTOR('Line Direction',#4280,1.) ;
#4288=VECTOR('Line Direction',#4287,1.) ;
#4295=VECTOR('Line Direction',#4294,1.) ;
#4302=VECTOR('Line Direction',#4301,1.) ;
#4328=VECTOR('Line Direction',#4327,1.) ;
#4345=VECTOR('Line Direction',#4344,1.) ;
#4352=VECTOR('Line Direction',#4351,1.) ;
#4359=VECTOR('Line Direction',#4358,1.) ;
#4366=VECTOR('Line Direction',#4365,1.) ;
#4373=VECTOR('Line Direction',#4372,1.) ;
#4413=VECTOR('Line Direction',#4412,1.) ;
#4442=VECTOR('Line Direction',#4441,1.) ;
#4449=VECTOR('Line Direction',#4448,1.) ;
#4456=VECTOR('Line Direction',#4455,1.) ;
#4473=VECTOR('Line Direction',#4472,1.) ;
#4480=VECTOR('Line Direction',#4479,1.) ;
#4497=VECTOR('Line Direction',#4496,1.) ;
#4504=VECTOR('Line Direction',#4503,1.) ;
#4521=VECTOR('Line Direction',#4520,1.) ;
#4533=VECTOR('Line Direction',#4532,1.) ;
#4540=VECTOR('Line Direction',#4539,1.) ;
#4547=VECTOR('Line Direction',#4546,1.) ;
#4564=VECTOR('Line Direction',#4563,1.) ;
#4571=VECTOR('Line Direction',#4570,1.) ;
#4583=VECTOR('Line Direction',#4582,1.) ;
#4590=VECTOR('Line Direction',#4589,1.) ;
#4607=VECTOR('Line Direction',#4606,1.) ;
#4624=VECTOR('Line Direction',#4623,1.) ;
#4641=VECTOR('Line Direction',#4640,1.) ;
#4652=VECTOR('Line Direction',#4651,1.) ;
#4661=VECTOR('Line Direction',#4660,1.) ;
#4668=VECTOR('Line Direction',#4667,1.) ;
#4675=VECTOR('Line Direction',#4674,1.) ;
#4682=VECTOR('Line Direction',#4681,1.) ;
#4689=VECTOR('Line Direction',#4688,1.) ;
#4696=VECTOR('Line Direction',#4695,1.) ;
#4703=VECTOR('Line Direction',#4702,1.) ;
#4724=VECTOR('Line Direction',#4723,1.) ;
#4735=VECTOR('Line Direction',#4734,1.) ;
#4744=VECTOR('Line Direction',#4743,1.) ;
#4751=VECTOR('Line Direction',#4750,1.) ;
#4758=VECTOR('Line Direction',#4757,1.) ;
#4769=VECTOR('Line Direction',#4768,1.) ;
#4778=VECTOR('Line Direction',#4777,1.) ;
#4785=VECTOR('Line Direction',#4784,1.) ;
#4792=VECTOR('Line Direction',#4791,1.) ;
#4803=VECTOR('Line Direction',#4802,1.) ;
#4812=VECTOR('Line Direction',#4811,1.) ;
#4819=VECTOR('Line Direction',#4818,1.) ;
#4826=VECTOR('Line Direction',#4825,1.) ;
#4843=VECTOR('Line Direction',#4842,1.) ;
#4860=VECTOR('Line Direction',#4859,1.) ;
#4889=VECTOR('Line Direction',#4888,1.) ;
#4896=VECTOR('Line Direction',#4895,1.) ;
#4914=VECTOR('Line Direction',#4913,1.) ;
#4921=VECTOR('Line Direction',#4920,1.) ;
#4938=VECTOR('Line Direction',#4937,1.) ;
#4945=VECTOR('Line Direction',#4944,1.) ;
#4952=VECTOR('Line Direction',#4951,1.) ;
#4959=VECTOR('Line Direction',#4958,1.) ;
#4964=VECTOR('Line Direction',#4963,1.) ;
#4971=VECTOR('Line Direction',#4970,1.) ;
#4978=VECTOR('Line Direction',#4977,1.) ;
#4985=VECTOR('Line Direction',#4984,1.) ;
#4990=VECTOR('Line Direction',#4989,1.) ;
#4997=VECTOR('Line Direction',#4996,1.) ;
#5004=VECTOR('Line Direction',#5003,1.) ;
#5011=VECTOR('Line Direction',#5010,1.) ;
#5016=VECTOR('Line Direction',#5015,1.) ;
#5023=VECTOR('Line Direction',#5022,1.) ;
#5030=VECTOR('Line Direction',#5029,1.) ;
#5037=VECTOR('Line Direction',#5036,1.) ;
#5042=VECTOR('Line Direction',#5041,1.) ;
#5049=VECTOR('Line Direction',#5048,1.) ;
#5056=VECTOR('Line Direction',#5055,1.) ;
#5063=VECTOR('Line Direction',#5062,1.) ;
#5068=VECTOR('Line Direction',#5067,1.) ;
#5075=VECTOR('Line Direction',#5074,1.) ;
#5082=VECTOR('Line Direction',#5081,1.) ;
#5089=VECTOR('Line Direction',#5088,1.) ;
#5094=VECTOR('Line Direction',#5093,1.) ;
#5101=VECTOR('Line Direction',#5100,1.) ;
#5108=VECTOR('Line Direction',#5107,1.) ;
#5115=VECTOR('Line Direction',#5114,1.) ;
#5120=VECTOR('Line Direction',#5119,1.) ;
#5127=VECTOR('Line Direction',#5126,1.) ;
#5134=VECTOR('Line Direction',#5133,1.) ;
#5141=VECTOR('Line Direction',#5140,1.) ;
#5146=VECTOR('Line Direction',#5145,1.) ;
#5153=VECTOR('Line Direction',#5152,1.) ;
#5160=VECTOR('Line Direction',#5159,1.) ;
#5167=VECTOR('Line Direction',#5166,1.) ;
#5230=VECTOR('Line Direction',#5229,1.) ;
#5237=VECTOR('Line Direction',#5236,1.) ;
#5254=VECTOR('Line Direction',#5253,1.) ;
#5261=VECTOR('Line Direction',#5260,1.) ;
#5268=VECTOR('Line Direction',#5267,1.) ;
#5286=VECTOR('Line Direction',#5285,1.) ;
#5303=VECTOR('Line Direction',#5302,1.) ;
#5310=VECTOR('Line Direction',#5309,1.) ;
#5322=VECTOR('Line Direction',#5321,1.) ;
#5329=VECTOR('Line Direction',#5328,1.) ;
#5336=VECTOR('Line Direction',#5335,1.) ;
#5354=VECTOR('Line Direction',#5353,1.) ;
#5371=VECTOR('Line Direction',#5370,1.) ;
#5378=VECTOR('Line Direction',#5377,1.) ;
#5390=VECTOR('Line Direction',#5389,1.) ;
#5397=VECTOR('Line Direction',#5396,1.) ;
#5404=VECTOR('Line Direction',#5403,1.) ;
#5422=VECTOR('Line Direction',#5421,1.) ;
#5439=VECTOR('Line Direction',#5438,1.) ;
#5446=VECTOR('Line Direction',#5445,1.) ;
#5458=VECTOR('Line Direction',#5457,1.) ;
#5465=VECTOR('Line Direction',#5464,1.) ;
#5472=VECTOR('Line Direction',#5471,1.) ;
#5485=VECTOR('Line Direction',#5484,1.) ;
#5502=VECTOR('Line Direction',#5501,1.) ;
#5509=VECTOR('Line Direction',#5508,1.) ;
#5521=VECTOR('Line Direction',#5520,1.) ;
#5528=VECTOR('Line Direction',#5527,1.) ;
#5535=VECTOR('Line Direction',#5534,1.) ;
#5548=VECTOR('Line Direction',#5547,1.) ;
#5565=VECTOR('Line Direction',#5564,1.) ;
#5572=VECTOR('Line Direction',#5571,1.) ;
#5584=VECTOR('Line Direction',#5583,1.) ;
#5591=VECTOR('Line Direction',#5590,1.) ;
#5598=VECTOR('Line Direction',#5597,1.) ;
#5616=VECTOR('Line Direction',#5615,1.) ;
#5633=VECTOR('Line Direction',#5632,1.) ;
#5640=VECTOR('Line Direction',#5639,1.) ;
#5652=VECTOR('Line Direction',#5651,1.) ;
#5659=VECTOR('Line Direction',#5658,1.) ;
#5666=VECTOR('Line Direction',#5665,1.) ;
#5684=VECTOR('Line Direction',#5683,1.) ;
#5701=VECTOR('Line Direction',#5700,1.) ;
#5708=VECTOR('Line Direction',#5707,1.) ;
#5720=VECTOR('Line Direction',#5719,1.) ;
#5727=VECTOR('Line Direction',#5726,1.) ;
#5734=VECTOR('Line Direction',#5733,1.) ;
#5752=VECTOR('Line Direction',#5751,1.) ;
#5769=VECTOR('Line Direction',#5768,1.) ;
#5776=VECTOR('Line Direction',#5775,1.) ;
#5783=VECTOR('Line Direction',#5782,1.) ;
#5800=VECTOR('Line Direction',#5799,1.) ;
#5807=VECTOR('Line Direction',#5806,1.) ;
#5824=VECTOR('Line Direction',#5823,1.) ;
#5831=VECTOR('Line Direction',#5830,1.) ;
#5848=VECTOR('Line Direction',#5847,1.) ;
#5860=VECTOR('Line Direction',#5859,1.) ;
#5867=VECTOR('Line Direction',#5866,1.) ;
#5879=VECTOR('Line Direction',#5878,1.) ;
#5897=VECTOR('Line Direction',#5896,1.) ;
#5906=VECTOR('Line Direction',#5905,1.) ;
#5913=VECTOR('Line Direction',#5912,1.) ;
#5918=VECTOR('Line Direction',#5917,1.) ;
#5925=VECTOR('Line Direction',#5924,1.) ;
#5932=VECTOR('Line Direction',#5931,1.) ;
#5963=VECTOR('Line Direction',#5962,1.) ;
#5972=VECTOR('Line Direction',#5971,1.) ;
#5979=VECTOR('Line Direction',#5978,1.) ;
#5984=VECTOR('Line Direction',#5983,1.) ;
#5991=VECTOR('Line Direction',#5990,1.) ;
#5998=VECTOR('Line Direction',#5997,1.) ;
#6028=VECTOR('Line Direction',#6027,1.) ;
#6035=VECTOR('Line Direction',#6034,1.) ;
#6042=VECTOR('Line Direction',#6041,1.) ;
#6047=VECTOR('Line Direction',#6046,1.) ;
#6054=VECTOR('Line Direction',#6053,1.) ;
#6092=VECTOR('Line Direction',#6091,1.) ;
#6099=VECTOR('Line Direction',#6098,1.) ;
#6106=VECTOR('Line Direction',#6105,1.) ;
#6123=VECTOR('Line Direction',#6122,1.) ;
#6130=VECTOR('Line Direction',#6129,1.) ;
#6147=VECTOR('Line Direction',#6146,1.) ;
#6154=VECTOR('Line Direction',#6153,1.) ;
#6166=VECTOR('Line Direction',#6165,1.) ;
#6173=VECTOR('Line Direction',#6172,1.) ;
#6190=VECTOR('Line Direction',#6189,1.) ;
#6197=VECTOR('Line Direction',#6196,1.) ;
#6209=VECTOR('Line Direction',#6208,1.) ;
#6216=VECTOR('Line Direction',#6215,1.) ;
#6233=VECTOR('Line Direction',#6232,1.) ;
#6240=VECTOR('Line Direction',#6239,1.) ;
#6257=VECTOR('Line Direction',#6256,1.) ;
#6284=VECTOR('Line Direction',#6283,1.) ;
#6311=VECTOR('Line Direction',#6310,1.) ;
#6338=VECTOR('Line Direction',#6337,1.) ;
#6365=VECTOR('Line Direction',#6364,1.) ;
#6392=VECTOR('Line Direction',#6391,1.) ;
#6419=VECTOR('Line Direction',#6418,1.) ;
#6446=VECTOR('Line Direction',#6445,1.) ;
#6473=VECTOR('Line Direction',#6472,1.) ;
#6500=VECTOR('Line Direction',#6499,1.) ;
#6527=VECTOR('Line Direction',#6526,1.) ;
#6554=VECTOR('Line Direction',#6553,1.) ;
#6581=VECTOR('Line Direction',#6580,1.) ;
#6598=VECTOR('Line Direction',#6597,1.) ;
#6615=VECTOR('Line Direction',#6614,1.) ;
#6644=VECTOR('Line Direction',#6643,1.) ;
#6673=VECTOR('Line Direction',#6672,1.) ;
#6702=VECTOR('Line Direction',#6701,1.) ;
#6731=VECTOR('Line Direction',#6730,1.) ;
#6760=VECTOR('Line Direction',#6759,1.) ;
#6789=VECTOR('Line Direction',#6788,1.) ;
#6818=VECTOR('Line Direction',#6817,1.) ;
#6859=VECTOR('Line Direction',#6858,1.) ;
#6868=VECTOR('Line Direction',#6867,1.) ;
#6875=VECTOR('Line Direction',#6874,1.) ;
#6880=VECTOR('Line Direction',#6879,1.) ;
#6885=VECTOR('Line Direction',#6884,1.) ;
#6892=VECTOR('Line Direction',#6891,1.) ;
#6913=VECTOR('Line Direction',#6912,1.) ;
#6930=VECTOR('Line Direction',#6929,1.) ;
#6942=VECTOR('Line Direction',#6941,1.) ;
#6953=VECTOR('Line Direction',#6952,1.) ;
#6962=VECTOR('Line Direction',#6961,1.) ;
#6969=VECTOR('Line Direction',#6968,1.) ;
#6976=VECTOR('Line Direction',#6975,1.) ;
#7005=VECTOR('Line Direction',#7004,1.) ;
#7012=VECTOR('Line Direction',#7011,1.) ;
#7017=VECTOR('Line Direction',#7016,1.) ;
#7042=VECTOR('Line Direction',#7041,1.) ;
#7049=VECTOR('Line Direction',#7048,1.) ;
#7067=VECTOR('Line Direction',#7066,1.) ;
#7138=VECTOR('Line Direction',#7137,1.) ;
#7145=VECTOR('Line Direction',#7144,1.) ;
#7152=VECTOR('Line Direction',#7151,1.) ;
#7169=VECTOR('Line Direction',#7168,1.) ;
#7176=VECTOR('Line Direction',#7175,1.) ;
#7193=VECTOR('Line Direction',#7192,1.) ;
#7200=VECTOR('Line Direction',#7199,1.) ;
#7217=VECTOR('Line Direction',#7216,1.) ;
#7235=ADVANCED_BREP_SHAPE_REPRESENTATION('NONE',(#7234),#53) ;
#7926=ADVANCED_BREP_SHAPE_REPRESENTATION('NONE',(#7925),#7251) ;
#44=SHAPE_REPRESENTATION(' ',(#7242,#7933,#7948),#51) ;
#54=SHAPE_REPRESENTATION(' ',(#7243,#7949),#53) ;
#7252=SHAPE_REPRESENTATION(' ',(#7934),#7251) ;
#102=ADVANCED_FACE('\X2\96F64EF651E04F554F53\X0\',(#101),#67,.T.) ;
#124=ADVANCED_FACE('\X2\96F64EF651E04F554F53\X0\',(#123),#107,.T.) ;
#200=ADVANCED_FACE('\X2\96F64EF651E04F554F53\X0\',(#195,#199),#129,.T.) ;
#210=ADVANCED_FACE('\X2\96F64EF651E04F554F53\X0\',(#209),#205,.T.) ;
#241=ADVANCED_FACE('\X2\96F64EF651E04F554F53\X0\',(#240),#215,.F.) ;
#265=ADVANCED_FACE('\X2\96F64EF651E04F554F53\X0\',(#264),#246,.T.) ;
#353=ADVANCED_FACE('\X2\96F64EF651E04F554F53\X0\',(#352),#270,.F.) ;
#377=ADVANCED_FACE('\X2\96F64EF651E04F554F53\X0\',(#376),#358,.T.) ;
#401=ADVANCED_FACE('\X2\96F64EF651E04F554F53\X0\',(#400),#382,.F.) ;
#425=ADVANCED_FACE('\X2\96F64EF651E04F554F53\X0\',(#424),#406,.T.) ;
#513=ADVANCED_FACE('\X2\96F64EF651E04F554F53\X0\',(#512),#430,.F.) ;
#530=ADVANCED_FACE('\X2\96F64EF651E04F554F53\X0\',(#529),#518,.T.) ;
#565=ADVANCED_FACE('\X2\96F64EF651E04F554F53\X0\',(#564),#535,.T.) ;
#652=ADVANCED_FACE('\X2\96F64EF651E04F554F53\X0\',(#651),#570,.T.) ;
#671=ADVANCED_FACE('\X2\96F64EF651E04F554F53\X0\',(#670),#358,.T.) ;
#726=ADVANCED_FACE('\X2\96F64EF651E04F554F53\X0\',(#725),#676,.F.) ;
#750=ADVANCED_FACE('\X2\96F64EF651E04F554F53\X0\',(#749),#731,.T.) ;
#781=ADVANCED_FACE('\X2\96F64EF651E04F554F53\X0\',(#780),#535,.T.) ;
#805=ADVANCED_FACE('\X2\96F64EF651E04F554F53\X0\',(#804),#786,.F.) ;
#847=ADVANCED_FACE('\X2\96F64EF651E04F554F53\X0\',(#846),#676,.F.) ;
#859=ADVANCED_FACE('\X2\96F64EF651E04F554F53\X0\',(#858),#246,.T.) ;
#941=ADVANCED_FACE('\X2\96F64EF651E04F554F53\X0\',(#940),#570,.T.) ;
#953=ADVANCED_FACE('\X2\96F64EF651E04F554F53\X0\',(#952),#518,.T.) ;
#965=ADVANCED_FACE('\X2\96F64EF651E04F554F53\X0\',(#964),#786,.F.) ;
#977=ADVANCED_FACE('\X2\96F64EF651E04F554F53\X0\',(#976),#731,.T.) ;
#989=ADVANCED_FACE('\X2\96F64EF651E04F554F53\X0\',(#988),#406,.T.) ;
#1001=ADVANCED_FACE('\X2\96F64EF651E04F554F53\X0\',(#1000),#994,.T.) ;
#1032=ADVANCED_FACE('\X2\96F64EF651E04F554F53\X0\',(#1031),#1006,.F.) ;
#1056=ADVANCED_FACE('\X2\96F64EF651E04F554F53\X0\',(#1055),#1037,.T.) ;
#1075=ADVANCED_FACE('\X2\96F64EF651E04F554F53\X0\',(#1074),#1006,.F.) ;
#1130=ADVANCED_FACE('\X2\96F64EF651E04F554F53\X0\',(#1129),#382,.F.) ;
#1185=ADVANCED_FACE('\X2\96F64EF651E04F554F53\X0\',(#1184),#215,.F.) ;
#1202=ADVANCED_FACE('\X2\96F64EF651E04F554F53\X0\',(#1201),#1190,.T.) ;
#1209=ADVANCED_FACE('\X2\96F64EF651E04F554F53\X0\',(#1208),#1037,.T.) ;
#1233=ADVANCED_FACE('\X2\96F64EF651E04F554F53\X0\',(#1232),#1214,.T.) ;
#1252=ADVANCED_FACE('\X2\96F64EF651E04F554F53\X0\',(#1251),#1190,.T.) ;
#1264=ADVANCED_FACE('\X2\96F64EF651E04F554F53\X0\',(#1263),#1214,.T.) ;
#1299=ADVANCED_FACE('\X2\96F64EF651E04F554F53\X0\',(#1298),#1269,.F.) ;
#1394=ADVANCED_FACE('\X2\96F64EF651E04F554F53\X0\',(#1393),#1304,.T.) ;
#1413=ADVANCED_FACE('\X2\96F64EF651E04F554F53\X0\',(#1412),#406,.T.) ;
#1436=ADVANCED_FACE('\X2\96F64EF651E04F554F53\X0\',(#1435),#1269,.F.) ;
#1448=ADVANCED_FACE('\X2\96F64EF651E04F554F53\X0\',(#1447),#358,.T.) ;
#1530=ADVANCED_FACE('\X2\96F64EF651E04F554F53\X0\',(#1529),#1304,.T.) ;
#1542=ADVANCED_FACE('\X2\96F64EF651E04F554F53\X0\',(#1541),#246,.T.) ;
#1554=ADVANCED_FACE('\X2\96F64EF651E04F554F53\X0\',(#1553),#518,.T.) ;
#1616=ADVANCED_FACE('\X2\96F64EF651E04F554F53\X0\',(#1615),#270,.F.) ;
#1635=ADVANCED_FACE('\X2\96F64EF651E04F554F53\X0\',(#1634),#731,.T.) ;
#1654=ADVANCED_FACE('\X2\96F64EF651E04F554F53\X0\',(#1653),#1037,.T.) ;
#1673=ADVANCED_FACE('\X2\96F64EF651E04F554F53\X0\',(#1672),#1190,.T.) ;
#1692=ADVANCED_FACE('\X2\96F64EF651E04F554F53\X0\',(#1691),#731,.T.) ;
#1747=ADVANCED_FACE('\X2\96F64EF651E04F554F53\X0\',(#1746),#430,.F.) ;
#1766=ADVANCED_FACE('\X2\96F64EF651E04F554F53\X0\',(#1765),#786,.F.) ;
#1785=ADVANCED_FACE('\X2\96F64EF651E04F554F53\X0\',(#1784),#994,.T.) ;
#1797=ADVANCED_FACE('\X2\96F64EF651E04F554F53\X0\',(#1796),#786,.F.) ;
#1884=ADVANCED_FACE('\X2\96F64EF651E04F554F53\X0\',(#1883),#1802,.T.) ;
#1903=ADVANCED_FACE('\X2\96F64EF651E04F554F53\X0\',(#1902),#358,.T.) ;
#1932=ADVANCED_FACE('\X2\96F64EF651E04F554F53\X0\',(#1931),#1908,.F.) ;
#1962=ADVANCED_FACE('\X2\96F64EF651E04F554F53\X0\',(#1961),#1908,.F.) ;
#1974=ADVANCED_FACE('\X2\96F64EF651E04F554F53\X0\',(#1973),#246,.T.) ;
#2056=ADVANCED_FACE('\X2\96F64EF651E04F554F53\X0\',(#2055),#1802,.T.) ;
#2068=ADVANCED_FACE('\X2\96F64EF651E04F554F53\X0\',(#2067),#518,.T.) ;
#2080=ADVANCED_FACE('\X2\96F64EF651E04F554F53\X0\',(#2079),#406,.T.) ;
#2122=ADVANCED_FACE('\X2\96F64EF651E04F554F53\X0\',(#2121),#1006,.F.) ;
#2141=ADVANCED_FACE('\X2\96F64EF651E04F554F53\X0\',(#2140),#1037,.T.) ;
#2176=ADVANCED_FACE('\X2\96F64EF651E04F554F53\X0\',(#2175),#1006,.F.) ;
#2199=ADVANCED_FACE('\X2\96F64EF651E04F554F53\X0\',(#2198),#382,.F.) ;
#2222=ADVANCED_FACE('\X2\96F64EF651E04F554F53\X0\',(#2221),#215,.F.) ;
#2257=ADVANCED_FACE('\X2\96F64EF651E04F554F53\X0\',(#2256),#1214,.T.) ;
#2276=ADVANCED_FACE('\X2\96F64EF651E04F554F53\X0\',(#2275),#1190,.T.) ;
#2304=ADVANCED_FACE('\X2\96F64EF651E04F554F53\X0\',(#2303),#1214,.T.) ;
#2321=ADVANCED_FACE('\X2\96F64EF651E04F554F53\X0\',(#2320),#2309,.F.) ;
#2338=ADVANCED_FACE('\X2\96F64EF651E04F554F53\X0\',(#2337),#2326,.F.) ;
#2406=ADVANCED_FACE('\X2\96F64EF651E04F554F53\X0\',(#2405),#2326,.T.) ;
#2423=ADVANCED_FACE('\X2\96F64EF651E04F554F53\X0\',(#2422),#2411,.F.) ;
#2435=ADVANCED_FACE('\X2\96F64EF651E04F554F53\X0\',(#2434),#2326,.F.) ;
#2503=ADVANCED_FACE('\X2\96F64EF651E04F554F53\X0\',(#2502),#2326,.T.) ;
#2536=ADVANCED_FACE('\X2\96F64EF651E04F554F53\X0\',(#2535),#2508,.F.) ;
#2567=ADVANCED_FACE('\X2\96F64EF651E04F554F53\X0\',(#2566),#2541,.T.) ;
#2591=ADVANCED_FACE('\X2\96F64EF651E04F554F53\X0\',(#2590),#2572,.T.) ;
#2717=ADVANCED_FACE('\X2\96F64EF651E04F554F53\X0\',(#2648,#2682,#2716),#2596,.F.) ;
#2750=ADVANCED_FACE('\X2\96F64EF651E04F554F53\X0\',(#2749),#2722,.T.) ;
#2790=ADVANCED_FACE('\X2\96F64EF651E04F554F53\X0\',(#2789),#2755,.T.) ;
#2814=ADVANCED_FACE('\X2\96F64EF651E04F554F53\X0\',(#2813),#2795,.T.) ;
#2831=ADVANCED_FACE('\X2\96F64EF651E04F554F53\X0\',(#2830),#2819,.T.) ;
#2878=ADVANCED_FACE('\X2\96F64EF651E04F554F53\X0\',(#2877),#2836,.T.) ;
#2909=ADVANCED_FACE('\X2\96F64EF651E04F554F53\X0\',(#2908),#2883,.T.) ;
#2926=ADVANCED_FACE('\X2\96F64EF651E04F554F53\X0\',(#2925),#2914,.T.) ;
#2957=ADVANCED_FACE('\X2\96F64EF651E04F554F53\X0\',(#2956),#2931,.T.) ;
#2974=ADVANCED_FACE('\X2\96F64EF651E04F554F53\X0\',(#2973),#2962,.T.) ;
#2998=ADVANCED_FACE('\X2\96F64EF651E04F554F53\X0\',(#2997),#2979,.T.) ;
#3145=ADVANCED_FACE('\X2\96F64EF651E04F554F53\X0\',(#3078,#3144),#3003,.T.) ;
#3176=ADVANCED_FACE('\X2\96F64EF651E04F554F53\X0\',(#3175),#3150,.T.) ;
#3200=ADVANCED_FACE('\X2\96F64EF651E04F554F53\X0\',(#3199),#3181,.F.) ;
#3224=ADVANCED_FACE('\X2\96F64EF651E04F554F53\X0\',(#3223),#3205,.T.) ;
#3241=ADVANCED_FACE('\X2\96F64EF651E04F554F53\X0\',(#3240),#3229,.F.) ;
#3267=ADVANCED_FACE('\X2\96F64EF651E04F554F53\X0\',(#3266),#3181,.F.) ;
#3291=ADVANCED_FACE('\X2\96F64EF651E04F554F53\X0\',(#3290),#3272,.F.) ;
#3310=ADVANCED_FACE('\X2\96F64EF651E04F554F53\X0\',(#3309),#3229,.F.) ;
#3327=ADVANCED_FACE('\X2\96F64EF651E04F554F53\X0\',(#3326),#3315,.F.) ;
#3338=ADVANCED_FACE('\X2\96F64EF651E04F554F53\X0\',(#3337),#2508,.T.) ;
#3485=ADVANCED_FACE('\X2\96F64EF651E04F554F53\X0\',(#3416,#3450,#3484),#2508,.F.) ;
#3502=ADVANCED_FACE('\X2\96F64EF651E04F554F53\X0\',(#3501),#3490,.T.) ;
#3526=ADVANCED_FACE('\X2\96F64EF651E04F554F53\X0\',(#3525),#3507,.T.) ;
#3537=ADVANCED_FACE('\X2\96F64EF651E04F554F53\X0\',(#3536),#2508,.T.) ;
#3554=ADVANCED_FACE('\X2\96F64EF651E04F554F53\X0\',(#3553),#3542,.T.) ;
#3627=ADVANCED_FACE('\X2\96F64EF651E04F554F53\X0\',(#3626),#3559,.F.) ;
#3651=ADVANCED_FACE('\X2\96F64EF651E04F554F53\X0\',(#3650),#3632,.T.) ;
#3717=ADVANCED_FACE('\X2\96F64EF651E04F554F53\X0\',(#3716),#3656,.T.) ;
#3734=ADVANCED_FACE('\X2\96F64EF651E04F554F53\X0\',(#3733),#3722,.F.) ;
#3751=ADVANCED_FACE('\X2\96F64EF651E04F554F53\X0\',(#3750),#3739,.F.) ;
#3763=ADVANCED_FACE('\X2\96F64EF651E04F554F53\X0\',(#3762),#3756,.T.) ;
#3775=ADVANCED_FACE('\X2\96F64EF651E04F554F53\X0\',(#3774),#3768,.T.) ;
#3799=ADVANCED_FACE('\X2\96F64EF651E04F554F53\X0\',(#3798),#3780,.F.) ;
#3823=ADVANCED_FACE('\X2\96F64EF651E04F554F53\X0\',(#3822),#3804,.F.) ;
#3840=ADVANCED_FACE('\X2\96F64EF651E04F554F53\X0\',(#3839),#3828,.F.) ;
#3871=ADVANCED_FACE('\X2\96F64EF651E04F554F53\X0\',(#3870),#3845,.T.) ;
#3911=ADVANCED_FACE('\X2\96F64EF651E04F554F53\X0\',(#3910),#3876,.F.) ;
#3935=ADVANCED_FACE('\X2\96F64EF651E04F554F53\X0\',(#3934),#3916,.T.) ;
#4249=ADVANCED_FACE('\X2\96F64EF651E04F554F53\X0\',(#4214,#4248),#3940,.F.) ;
#4273=ADVANCED_FACE('\X2\96F64EF651E04F554F53\X0\',(#4272),#4254,.T.) ;
#4313=ADVANCED_FACE('\X2\96F64EF651E04F554F53\X0\',(#4312),#4278,.F.) ;
#4337=ADVANCED_FACE('\X2\96F64EF651E04F554F53\X0\',(#4336),#4318,.T.) ;
#4386=ADVANCED_FACE('\X2\96F64EF651E04F554F53\X0\',(#4385),#4342,.F.) ;
#4398=ADVANCED_FACE('\X2\96F64EF651E04F554F53\X0\',(#4397),#4391,.T.) ;
#4405=ADVANCED_FACE('\X2\96F64EF651E04F554F53\X0\',(#4404),#4391,.T.) ;
#4422=ADVANCED_FACE('\X2\96F64EF651E04F554F53\X0\',(#4421),#4410,.T.) ;
#4434=ADVANCED_FACE('\X2\96F64EF651E04F554F53\X0\',(#4433),#4427,.F.) ;
#4465=ADVANCED_FACE('\X2\96F64EF651E04F554F53\X0\',(#4464),#4439,.T.) ;
#4489=ADVANCED_FACE('\X2\96F64EF651E04F554F53\X0\',(#4488),#4470,.F.) ;
#4513=ADVANCED_FACE('\X2\96F64EF651E04F554F53\X0\',(#4512),#4494,.T.) ;
#4530=ADVANCED_FACE('\X2\96F64EF651E04F554F53\X0\',(#4529),#4518,.F.) ;
#4556=ADVANCED_FACE('\X2\96F64EF651E04F554F53\X0\',(#4555),#4470,.F.) ;
#4580=ADVANCED_FACE('\X2\96F64EF651E04F554F53\X0\',(#4579),#4561,.F.) ;
#4599=ADVANCED_FACE('\X2\96F64EF651E04F554F53\X0\',(#4598),#4518,.F.) ;
#4616=ADVANCED_FACE('\X2\96F64EF651E04F554F53\X0\',(#4615),#4604,.F.) ;
#4633=ADVANCED_FACE('\X2\96F64EF651E04F554F53\X0\',(#4632),#4621,.T.) ;
#4716=ADVANCED_FACE('\X2\96F64EF651E04F554F53\X0\',(#4649,#4715),#4638,.T.) ;
#4835=ADVANCED_FACE('\X2\96F64EF651E04F554F53\X0\',(#4732,#4766,#4800,#4834),#4721,.T.) ;
#4852=ADVANCED_FACE('\X2\96F64EF651E04F554F53\X0\',(#4851),#4840,.T.) ;
#4869=ADVANCED_FACE('\X2\96F64EF651E04F554F53\X0\',(#4868),#4857,.T.) ;
#4881=ADVANCED_FACE('\X2\96F64EF651E04F554F53\X0\',(#4880),#4874,.T.) ;
#4906=ADVANCED_FACE('\X2\96F64EF651E04F554F53\X0\',(#4905),#4886,.F.) ;
#4930=ADVANCED_FACE('\X2\96F64EF651E04F554F53\X0\',(#4929),#4911,.T.) ;
#5222=ADVANCED_FACE('\X2\96F64EF651E04F554F53\X0\',(#5221),#4935,.T.) ;
#5246=ADVANCED_FACE('\X2\96F64EF651E04F554F53\X0\',(#5245),#5227,.F.) ;
#5278=ADVANCED_FACE('\X2\96F64EF651E04F554F53\X0\',(#5277),#5251,.T.) ;
#5295=ADVANCED_FACE('\X2\96F64EF651E04F554F53\X0\',(#5294),#5283,.F.) ;
#5319=ADVANCED_FACE('\X2\96F64EF651E04F554F53\X0\',(#5318),#5300,.F.) ;
#5346=ADVANCED_FACE('\X2\96F64EF651E04F554F53\X0\',(#5345),#5251,.T.) ;
#5363=ADVANCED_FACE('\X2\96F64EF651E04F554F53\X0\',(#5362),#5351,.F.) ;
#5387=ADVANCED_FACE('\X2\96F64EF651E04F554F53\X0\',(#5386),#5368,.F.) ;
#5414=ADVANCED_FACE('\X2\96F64EF651E04F554F53\X0\',(#5413),#5251,.T.) ;
#5431=ADVANCED_FACE('\X2\96F64EF651E04F554F53\X0\',(#5430),#5419,.F.) ;
#5455=ADVANCED_FACE('\X2\96F64EF651E04F554F53\X0\',(#5454),#5436,.F.) ;
#5482=ADVANCED_FACE('\X2\96F64EF651E04F554F53\X0\',(#5481),#5251,.T.) ;
#5494=ADVANCED_FACE('\X2\96F64EF651E04F554F53\X0\',(#5493),#1006,.F.) ;
#5518=ADVANCED_FACE('\X2\96F64EF651E04F554F53\X0\',(#5517),#5499,.F.) ;
#5545=ADVANCED_FACE('\X2\96F64EF651E04F554F53\X0\',(#5544),#5251,.T.) ;
#5557=ADVANCED_FACE('\X2\96F64EF651E04F554F53\X0\',(#5556),#1214,.F.) ;
#5581=ADVANCED_FACE('\X2\96F64EF651E04F554F53\X0\',(#5580),#5562,.F.) ;
#5608=ADVANCED_FACE('\X2\96F64EF651E04F554F53\X0\',(#5607),#5251,.T.) ;
#5625=ADVANCED_FACE('\X2\96F64EF651E04F554F53\X0\',(#5624),#5613,.F.) ;
#5649=ADVANCED_FACE('\X2\96F64EF651E04F554F53\X0\',(#5648),#5630,.F.) ;
#5676=ADVANCED_FACE('\X2\96F64EF651E04F554F53\X0\',(#5675),#5251,.T.) ;
#5693=ADVANCED_FACE('\X2\96F64EF651E04F554F53\X0\',(#5692),#5681,.F.) ;
#5717=ADVANCED_FACE('\X2\96F64EF651E04F554F53\X0\',(#5716),#5698,.F.) ;
#5744=ADVANCED_FACE('\X2\96F64EF651E04F554F53\X0\',(#5743),#5251,.T.) ;
#5761=ADVANCED_FACE('\X2\96F64EF651E04F554F53\X0\',(#5760),#5749,.F.) ;
#5792=ADVANCED_FACE('\X2\96F64EF651E04F554F53\X0\',(#5791),#5766,.F.) ;
#5816=ADVANCED_FACE('\X2\96F64EF651E04F554F53\X0\',(#5815),#5797,.F.) ;
#5840=ADVANCED_FACE('\X2\96F64EF651E04F554F53\X0\',(#5839),#5821,.F.) ;
#5857=ADVANCED_FACE('\X2\96F64EF651E04F554F53\X0\',(#5856),#5845,.F.) ;
#5876=ADVANCED_FACE('\X2\96F64EF651E04F554F53\X0\',(#5875),#4911,.T.) ;
#5889=ADVANCED_FACE('\X2\96F64EF651E04F554F53\X0\',(#5888),#4886,.F.) ;
#5955=ADVANCED_FACE('\X2\96F64EF651E04F554F53\X0\',(#5954),#5894,.F.) ;
#6011=ADVANCED_FACE('\X2\96F64EF651E04F554F53\X0\',(#6010),#5960,.F.) ;
#6070=ADVANCED_FACE('\X2\96F64EF651E04F554F53\X0\',(#6069),#6016,.T.) ;
#6077=ADVANCED_FACE('\X2\96F64EF651E04F554F53\X0\',(#6076),#3804,.F.) ;
#6084=ADVANCED_FACE('\X2\96F64EF651E04F554F53\X0\',(#6083),#3804,.F.) ;
#6115=ADVANCED_FACE('\X2\96F64EF651E04F554F53\X0\',(#6114),#6089,.T.) ;
#6139=ADVANCED_FACE('\X2\96F64EF651E04F554F53\X0\',(#6138),#6120,.F.) ;
#6163=ADVANCED_FACE('\X2\96F64EF651E04F554F53\X0\',(#6162),#6144,.T.) ;
#6182=ADVANCED_FACE('\X2\96F64EF651E04F554F53\X0\',(#6181),#6144,.T.) ;
#6206=ADVANCED_FACE('\X2\96F64EF651E04F554F53\X0\',(#6205),#6187,.T.) ;
#6225=ADVANCED_FACE('\X2\96F64EF651E04F554F53\X0\',(#6224),#6089,.T.) ;
#6249=ADVANCED_FACE('\X2\96F64EF651E04F554F53\X0\',(#6248),#6230,.T.) ;
#6266=ADVANCED_FACE('\X2\96F64EF651E04F554F53\X0\',(#6265),#6254,.F.) ;
#6303=ADVANCED_FACE('\X2\96F64EF651E04F554F53\X0\',(#6302),#6271,.T.) ;
#6330=ADVANCED_FACE('\X2\96F64EF651E04F554F53\X0\',(#6329),#6308,.T.) ;
#6357=ADVANCED_FACE('\X2\96F64EF651E04F554F53\X0\',(#6356),#6335,.T.) ;
#6374=ADVANCED_FACE('\X2\96F64EF651E04F554F53\X0\',(#6373),#6362,.T.) ;
#6411=ADVANCED_FACE('\X2\96F64EF651E04F554F53\X0\',(#6410),#6379,.T.) ;
#6438=ADVANCED_FACE('\X2\96F64EF651E04F554F53\X0\',(#6437),#6416,.T.) ;
#6465=ADVANCED_FACE('\X2\96F64EF651E04F554F53\X0\',(#6464),#6443,.T.) ;
#6482=ADVANCED_FACE('\X2\96F64EF651E04F554F53\X0\',(#6481),#6470,.T.) ;
#6519=ADVANCED_FACE('\X2\96F64EF651E04F554F53\X0\',(#6518),#6487,.T.) ;
#6546=ADVANCED_FACE('\X2\96F64EF651E04F554F53\X0\',(#6545),#6524,.T.) ;
#6573=ADVANCED_FACE('\X2\96F64EF651E04F554F53\X0\',(#6572),#6551,.T.) ;
#6590=ADVANCED_FACE('\X2\96F64EF651E04F554F53\X0\',(#6589),#6578,.T.) ;
#6607=ADVANCED_FACE('\X2\96F64EF651E04F554F53\X0\',(#6606),#6595,.F.) ;
#6624=ADVANCED_FACE('\X2\96F64EF651E04F554F53\X0\',(#6623),#6612,.F.) ;
#6636=ADVANCED_FACE('\X2\96F64EF651E04F554F53\X0\',(#6635),#6629,.F.) ;
#6653=ADVANCED_FACE('\X2\96F64EF651E04F554F53\X0\',(#6652),#6641,.F.) ;
#6665=ADVANCED_FACE('\X2\96F64EF651E04F554F53\X0\',(#6664),#6658,.F.) ;
#6682=ADVANCED_FACE('\X2\96F64EF651E04F554F53\X0\',(#6681),#6670,.F.) ;
#6694=ADVANCED_FACE('\X2\96F64EF651E04F554F53\X0\',(#6693),#6687,.F.) ;
#6711=ADVANCED_FACE('\X2\96F64EF651E04F554F53\X0\',(#6710),#6699,.F.) ;
#6723=ADVANCED_FACE('\X2\96F64EF651E04F554F53\X0\',(#6722),#6716,.F.) ;
#6740=ADVANCED_FACE('\X2\96F64EF651E04F554F53\X0\',(#6739),#6728,.F.) ;
#6752=ADVANCED_FACE('\X2\96F64EF651E04F554F53\X0\',(#6751),#6745,.F.) ;
#6769=ADVANCED_FACE('\X2\96F64EF651E04F554F53\X0\',(#6768),#6757,.F.) ;
#6781=ADVANCED_FACE('\X2\96F64EF651E04F554F53\X0\',(#6780),#6774,.F.) ;
#6798=ADVANCED_FACE('\X2\96F64EF651E04F554F53\X0\',(#6797),#6786,.F.) ;
#6810=ADVANCED_FACE('\X2\96F64EF651E04F554F53\X0\',(#6809),#6803,.F.) ;
#6827=ADVANCED_FACE('\X2\96F64EF651E04F554F53\X0\',(#6826),#6815,.F.) ;
#6839=ADVANCED_FACE('\X2\96F64EF651E04F554F53\X0\',(#6838),#6832,.F.) ;
#6851=ADVANCED_FACE('\X2\96F64EF651E04F554F53\X0\',(#6850),#6844,.T.) ;
#6905=ADVANCED_FACE('\X2\96F64EF651E04F554F53\X0\',(#6904),#6856,.F.) ;
#6922=ADVANCED_FACE('\X2\96F64EF651E04F554F53\X0\',(#6921),#6910,.F.) ;
#6939=ADVANCED_FACE('\X2\96F64EF651E04F554F53\X0\',(#6938),#6927,.F.) ;
#6985=ADVANCED_FACE('\X2\96F64EF651E04F554F53\X0\',(#6950,#6984),#3804,.F.) ;
#6997=ADVANCED_FACE('\X2\96F64EF651E04F554F53\X0\',(#6996),#6990,.F.) ;
#7027=ADVANCED_FACE('\X2\96F64EF651E04F554F53\X0\',(#7026),#7002,.F.) ;
#7034=ADVANCED_FACE('\X2\96F64EF651E04F554F53\X0\',(#7033),#6910,.F.) ;
#7059=ADVANCED_FACE('\X2\96F64EF651E04F554F53\X0\',(#7058),#7039,.T.) ;
#7076=ADVANCED_FACE('\X2\96F64EF651E04F554F53\X0\',(#7075),#7064,.F.) ;
#7092=ADVANCED_FACE('\X2\96F64EF651E04F554F53\X0\',(#7091),#7081,.T.) ;
#7104=ADVANCED_FACE('\X2\96F64EF651E04F554F53\X0\',(#7103),#7097,.T.) ;
#7111=ADVANCED_FACE('\X2\96F64EF651E04F554F53\X0\',(#7110),#7097,.T.) ;
#7118=ADVANCED_FACE('\X2\96F64EF651E04F554F53\X0\',(#7117),#7097,.T.) ;
#7130=ADVANCED_FACE('\X2\96F64EF651E04F554F53\X0\',(#7129),#7123,.F.) ;
#7161=ADVANCED_FACE('\X2\96F64EF651E04F554F53\X0\',(#7160),#7135,.F.) ;
#7185=ADVANCED_FACE('\X2\96F64EF651E04F554F53\X0\',(#7184),#7166,.F.) ;
#7209=ADVANCED_FACE('\X2\96F64EF651E04F554F53\X0\',(#7208),#7190,.F.) ;
#7226=ADVANCED_FACE('\X2\96F64EF651E04F554F53\X0\',(#7225),#7214,.F.) ;
#7233=ADVANCED_FACE('\X2\96F64EF651E04F554F53\X0\',(#7232),#4342,.F.) ;
#7392=ADVANCED_FACE('\X2\96F64EF651E04F554F53\X0\',(#7391),#7261,.F.) ;
#7488=ADVANCED_FACE('\X2\96F64EF651E04F554F53\X0\',(#7487),#7393,.F.) ;
#7498=ADVANCED_FACE('\X2\96F64EF651E04F554F53\X0\',(#7497),#7493,.F.) ;
#7618=ADVANCED_FACE('\X2\96F64EF651E04F554F53\X0\',(#7617),#7499,.F.) ;
#7706=ADVANCED_FACE('\X2\96F64EF651E04F554F53\X0\',(#7705),#7619,.F.) ;
#7826=ADVANCED_FACE('\X2\96F64EF651E04F554F53\X0\',(#7825),#7707,.F.) ;
#7914=ADVANCED_FACE('\X2\96F64EF651E04F554F53\X0\',(#7913),#7827,.F.) ;
#7924=ADVANCED_FACE('\X2\96F64EF651E04F554F53\X0\',(#7923),#7919,.T.) ;
#4=APPLICATION_PROTOCOL_DEFINITION('international standard','config_control_design',1994,#1) ;
#35=APPROVAL_DATE_TIME(#13,#24) ;
#601=B_SPLINE_CURVE_WITH_KNOTS('',5,(#602,#603,#604,#605,#606,#607,#608,#609,#610,#611,#612,#613,#614,#615,#616),.UNSPECIFIED.,.F.,.U.,(6,3,3,3,6),(0.,0.692813019351,1.3856260256,2.07843902508,2.2213890844),.UNSPECIFIED.) ;
#618=B_SPLINE_CURVE_WITH_KNOTS('',5,(#619,#620,#621,#622,#623,#624,#625,#626,#627,#628,#629,#630,#631,#632,#633),.UNSPECIFIED.,.F.,.U.,(6,3,3,3,6),(0.,0.69281301935,1.3856260256,2.07843902508,2.2213890844),.UNSPECIFIED.) ;
#890=B_SPLINE_CURVE_WITH_KNOTS('',5,(#891,#892,#893,#894,#895,#896,#897,#898,#899,#900,#901,#902,#903,#904,#905),.UNSPECIFIED.,.F.,.U.,(6,3,3,3,6),(0.,0.692813019345,1.3856260256,2.07843902508,2.2213890844),.UNSPECIFIED.) ;
#907=B_SPLINE_CURVE_WITH_KNOTS('',5,(#908,#909,#910,#911,#912,#913,#914,#915,#916,#917,#918,#919,#920,#921,#922),.UNSPECIFIED.,.F.,.U.,(6,3,3,3,6),(0.,0.692813019345,1.3856260256,2.07843902508,2.2213890844),.UNSPECIFIED.) ;
#1342=B_SPLINE_CURVE_WITH_KNOTS('',5,(#1343,#1344,#1345,#1346,#1347,#1348,#1349,#1350,#1351,#1352,#1353,#1354,#1355,#1356,#1357),.UNSPECIFIED.,.F.,.U.,(6,3,3,3,6),(0.,0.692813019345,1.3856260256,2.07843902508,2.2213890844),.UNSPECIFIED.) ;
#1359=B_SPLINE_CURVE_WITH_KNOTS('',5,(#1360,#1361,#1362,#1363,#1364,#1365,#1366,#1367,#1368,#1369,#1370,#1371,#1372,#1373,#1374),.UNSPECIFIED.,.F.,.U.,(6,3,3,3,6),(0.,0.692813019351,1.3856260256,2.07843902508,2.2213890844),.UNSPECIFIED.) ;
#1479=B_SPLINE_CURVE_WITH_KNOTS('',5,(#1480,#1481,#1482,#1483,#1484,#1485,#1486,#1487,#1488,#1489,#1490,#1491,#1492,#1493,#1494),.UNSPECIFIED.,.F.,.U.,(6,3,3,3,6),(0.,0.69281301935,1.3856260256,2.07843902508,2.2213890844),.UNSPECIFIED.) ;
#1496=B_SPLINE_CURVE_WITH_KNOTS('',5,(#1497,#1498,#1499,#1500,#1501,#1502,#1503,#1504,#1505,#1506,#1507,#1508,#1509,#1510,#1511),.UNSPECIFIED.,.F.,.U.,(6,3,3,3,6),(0.,0.692813019345,1.3856260256,2.07843902508,2.2213890844),.UNSPECIFIED.) ;
#1833=B_SPLINE_CURVE_WITH_KNOTS('',5,(#1834,#1835,#1836,#1837,#1838,#1839,#1840,#1841,#1842,#1843,#1844,#1845,#1846,#1847,#1848),.UNSPECIFIED.,.F.,.U.,(6,3,3,3,6),(0.,0.692813019351,1.3856260256,2.07843902508,2.2213890844),.UNSPECIFIED.) ;
#1850=B_SPLINE_CURVE_WITH_KNOTS('',5,(#1851,#1852,#1853,#1854,#1855,#1856,#1857,#1858,#1859,#1860,#1861,#1862,#1863,#1864,#1865),.UNSPECIFIED.,.F.,.U.,(6,3,3,3,6),(0.,0.69281301935,1.3856260256,2.07843902508,2.2213890844),.UNSPECIFIED.) ;
#2005=B_SPLINE_CURVE_WITH_KNOTS('',5,(#2006,#2007,#2008,#2009,#2010,#2011,#2012,#2013,#2014,#2015,#2016,#2017,#2018,#2019,#2020),.UNSPECIFIED.,.F.,.U.,(6,3,3,3,6),(0.,0.692813019345,1.3856260256,2.07843902508,2.2213890844),.UNSPECIFIED.) ;
#2022=B_SPLINE_CURVE_WITH_KNOTS('',5,(#2023,#2024,#2025,#2026,#2027,#2028,#2029,#2030,#2031,#2032,#2033,#2034,#2035,#2036,#2037),.UNSPECIFIED.,.F.,.U.,(6,3,3,3,6),(0.,0.692813019345,1.3856260256,2.07843902508,2.2213890844),.UNSPECIFIED.) ;
#2348=B_SPLINE_CURVE_WITH_KNOTS('',5,(#2349,#2350,#2351,#2352,#2353,#2354,#2355,#2356,#2357,#2358,#2359,#2360,#2361,#2362,#2363),.UNSPECIFIED.,.F.,.U.,(6,3,3,3,6),(0.,0.703457931841,1.42404132476,2.15560314771,2.33867503245),.UNSPECIFIED.) ;
#2379=B_SPLINE_CURVE_WITH_KNOTS('',5,(#2380,#2381,#2382,#2383,#2384,#2385,#2386,#2387,#2388,#2389,#2390,#2391,#2392,#2393,#2394),.UNSPECIFIED.,.F.,.U.,(6,3,3,3,6),(0.,0.703457931853,1.42404132478,2.15560314769,2.33867503243),.UNSPECIFIED.) ;
#2436=B_SPLINE_CURVE_WITH_KNOTS('',5,(#2437,#2438,#2439,#2440,#2441,#2442,#2443,#2444,#2445,#2446,#2447,#2448,#2449,#2450,#2451),.UNSPECIFIED.,.F.,.U.,(6,3,3,3,6),(0.,0.70345793183,1.4240413247,2.15560314761,2.33867503235),.UNSPECIFIED.) ;
#2469=B_SPLINE_CURVE_WITH_KNOTS('',5,(#2470,#2471,#2472,#2473,#2474,#2475,#2476,#2477,#2478,#2479,#2480,#2481,#2482,#2483,#2484),.UNSPECIFIED.,.F.,.U.,(6,3,3,3,6),(0.,0.703457931841,1.42404132476,2.15560314771,2.33867503245),.UNSPECIFIED.) ;
#6272=B_SPLINE_CURVE_WITH_KNOTS('',5,(#6273,#6274,#6275,#6276,#6277,#6278),.UNSPECIFIED.,.F.,.U.,(6,6),(0.,1.38968241025),.UNSPECIFIED.) ;
#6289=B_SPLINE_CURVE_WITH_KNOTS('',5,(#6290,#6291,#6292,#6293,#6294,#6295),.UNSPECIFIED.,.F.,.U.,(6,6),(0.,1.38968259161),.UNSPECIFIED.) ;
#6316=B_SPLINE_CURVE_WITH_KNOTS('',5,(#6317,#6318,#6319,#6320,#6321,#6322),.UNSPECIFIED.,.F.,.U.,(6,6),(0.,1.39062106723),.UNSPECIFIED.) ;
#6343=B_SPLINE_CURVE_WITH_KNOTS('',5,(#6344,#6345,#6346,#6347,#6348,#6349),.UNSPECIFIED.,.F.,.U.,(6,6),(0.,1.38968259161),.UNSPECIFIED.) ;
#6380=B_SPLINE_CURVE_WITH_KNOTS('',5,(#6381,#6382,#6383,#6384,#6385,#6386),.UNSPECIFIED.,.F.,.U.,(6,6),(0.,1.38968241025),.UNSPECIFIED.) ;
#6397=B_SPLINE_CURVE_WITH_KNOTS('',5,(#6398,#6399,#6400,#6401,#6402,#6403),.UNSPECIFIED.,.F.,.U.,(6,6),(0.,1.38968259161),.UNSPECIFIED.) ;
#6424=B_SPLINE_CURVE_WITH_KNOTS('',5,(#6425,#6426,#6427,#6428,#6429,#6430),.UNSPECIFIED.,.F.,.U.,(6,6),(0.,1.39062106723),.UNSPECIFIED.) ;
#6451=B_SPLINE_CURVE_WITH_KNOTS('',5,(#6452,#6453,#6454,#6455,#6456,#6457),.UNSPECIFIED.,.F.,.U.,(6,6),(0.,1.38968259161),.UNSPECIFIED.) ;
#6488=B_SPLINE_CURVE_WITH_KNOTS('',5,(#6489,#6490,#6491,#6492,#6493,#6494),.UNSPECIFIED.,.F.,.U.,(6,6),(0.,1.38968241025),.UNSPECIFIED.) ;
#6505=B_SPLINE_CURVE_WITH_KNOTS('',5,(#6506,#6507,#6508,#6509,#6510,#6511),.UNSPECIFIED.,.F.,.U.,(6,6),(0.,1.38968259161),.UNSPECIFIED.) ;
#6532=B_SPLINE_CURVE_WITH_KNOTS('',5,(#6533,#6534,#6535,#6536,#6537,#6538),.UNSPECIFIED.,.F.,.U.,(6,6),(0.,1.39062106723),.UNSPECIFIED.) ;
#6559=B_SPLINE_CURVE_WITH_KNOTS('',5,(#6560,#6561,#6562,#6563,#6564,#6565),.UNSPECIFIED.,.F.,.U.,(6,6),(0.,1.38968259163),.UNSPECIFIED.) ;
#7234=MANIFOLD_SOLID_BREP('\X2\96F64EF651E04F554F53\X0\',#62) ;
#7925=MANIFOLD_SOLID_BREP('\X2\96F64EF651E04F554F53\X0\',#7260) ;
#11=CALENDAR_DATE(2023,20,2) ;
#33=CC_DESIGN_APPROVAL(#24,(#19,#6,#17)) ;
#21=CC_DESIGN_DATE_AND_TIME_ASSIGNMENT(#13,#20,(#19)) ;
#32=CC_DESIGN_DATE_AND_TIME_ASSIGNMENT(#13,#31,(#17)) ;
#20=DATE_TIME_ROLE('classification_date') ;
#31=DATE_TIME_ROLE('creation_date') ;
#30=CC_DESIGN_PERSON_AND_ORGANIZATION_ASSIGNMENT(#28,#29,(#19)) ;
#36=CC_DESIGN_PERSON_AND_ORGANIZATION_ASSIGNMENT(#28,#37,(#6)) ;
#38=CC_DESIGN_PERSON_AND_ORGANIZATION_ASSIGNMENT(#28,#39,(#6,#17)) ;
#40=CC_DESIGN_PERSON_AND_ORGANIZATION_ASSIGNMENT(#28,#41,(#5)) ;
#29=PERSON_AND_ORGANIZATION_ROLE('classification_officer') ;
#37=PERSON_AND_ORGANIZATION_ROLE('design_supplier') ;
#39=PERSON_AND_ORGANIZATION_ROLE('creator') ;
#41=PERSON_AND_ORGANIZATION_ROLE('design_owner') ;
#42=CC_DESIGN_SECURITY_CLASSIFICATION(#19,(#6,#7237,#7928,#7943)) ;
#60=DOCUMENT('40','Part28.CATPart','CATPart document',#59) ;
#7258=DOCUMENT('41','Part29.CATPart','CATPart document',#7257) ;
#59=DOCUMENT_TYPE('') ;
#7257=DOCUMENT_TYPE('') ;
#80=CIRCLE('generated circle',#79,3.) ;
#94=CIRCLE('generated circle',#93,3.) ;
#111=CIRCLE('generated circle',#110,3.) ;
#116=CIRCLE('generated circle',#115,3.) ;
#142=CIRCLE('generated circle',#141,1.00000000316) ;
#156=CIRCLE('generated circle',#155,1.00000000316) ;
#170=CIRCLE('generated circle',#169,1.00000000316) ;
#184=CIRCLE('generated circle',#183,1.00000000316) ;
#257=CIRCLE('generated circle',#256,1.) ;
#369=CIRCLE('generated circle',#368,1.) ;
#417=CIRCLE('generated circle',#416,1.) ;
#522=CIRCLE('generated circle',#521,1.) ;
#546=CIRCLE('generated circle',#545,2.99999999932) ;
#583=CIRCLE('generated circle',#582,2.99999999932) ;
#663=CIRCLE('generated circle',#662,1.) ;
#687=CIRCLE('generated circle',#686,1.00000000316) ;
#699=CIRCLE('generated circle',#698,2.99999999932) ;
#706=CIRCLE('generated circle',#705,2.99999999932) ;
#754=CIRCLE('generated circle',#753,2.99999999932) ;
#761=CIRCLE('generated circle',#760,2.99999999932) ;
#809=CIRCLE('generated circle',#808,1.00000000316) ;
#823=CIRCLE('generated circle',#822,1.00000000316) ;
#828=CIRCLE('generated circle',#827,2.99999999932) ;
#872=CIRCLE('generated circle',#871,2.99999999932) ;
#1041=CIRCLE('generated circle',#1040,3.) ;
#1237=CIRCLE('generated circle',#1236,3.) ;
#1273=CIRCLE('generated circle',#1272,1.00000000316) ;
#1287=CIRCLE('generated circle',#1286,1.00000000316) ;
#1317=CIRCLE('generated circle',#1316,2.99999999932) ;
#1324=CIRCLE('generated circle',#1323,2.99999999932) ;
#1405=CIRCLE('generated circle',#1404,1.) ;
#1424=CIRCLE('generated circle',#1423,1.00000000316) ;
#1461=CIRCLE('generated circle',#1460,2.99999999932) ;
#1646=CIRCLE('generated circle',#1645,3.) ;
#1658=CIRCLE('generated circle',#1657,3.) ;
#1770=CIRCLE('generated circle',#1769,3.) ;
#1815=CIRCLE('generated circle',#1814,2.99999999932) ;
#1895=CIRCLE('generated circle',#1894,1.) ;
#1919=CIRCLE('generated circle',#1918,1.00000000316) ;
#1936=CIRCLE('generated circle',#1935,1.00000000316) ;
#1950=CIRCLE('generated circle',#1949,1.00000000316) ;
#1987=CIRCLE('generated circle',#1986,2.99999999932) ;
#2126=CIRCLE('generated circle',#2125,3.) ;
#2261=CIRCLE('generated circle',#2260,3.) ;
#2576=CIRCLE('generated circle',#2575,1.) ;
#2609=CIRCLE('generated circle',#2608,4.00000008621) ;
#2621=CIRCLE('generated circle',#2620,4.00000008621) ;
#2740=CIRCLE('generated circle',#2739,1.) ;
#2766=CIRCLE('generated circle',#2765,1.) ;
#2799=CIRCLE('generated circle',#2798,1.) ;
#2887=CIRCLE('generated circle',#2886,5.) ;
#2901=CIRCLE('generated circle',#2900,5.) ;
#2918=CIRCLE('generated circle',#2917,1.) ;
#2944=CIRCLE('generated circle',#2943,1.) ;
#2949=CIRCLE('generated circle',#2948,1.) ;
#2966=CIRCLE('generated circle',#2965,5.) ;
#2990=CIRCLE('generated circle',#2989,1.) ;
#3016=CIRCLE('generated circle',#3015,1.00000000316) ;
#3035=CIRCLE('generated circle',#3034,1.00000000316) ;
#3082=CIRCLE('generated circle',#3081,0.50000000158) ;
#3098=CIRCLE('generated circle',#3097,0.50000000158) ;
#3112=CIRCLE('generated circle',#3111,0.50000000158) ;
#3126=CIRCLE('generated circle',#3125,0.50000000158) ;
#3361=CIRCLE('generated circle',#3360,4.00000008621) ;
#3399=CIRCLE('generated circle',#3398,4.00000008621) ;
#3494=CIRCLE('generated circle',#3493,1.) ;
#3511=CIRCLE('generated circle',#3510,1.) ;
#3518=CIRCLE('generated circle',#3517,5.) ;
#3563=CIRCLE('generated circle',#3562,0.20000000056) ;
#3702=CIRCLE('generated circle',#3701,0.20000000056) ;
#3849=CIRCLE('generated circle',#3848,0.5) ;
#3920=CIRCLE('generated circle',#3919,0.5) ;
#4258=CIRCLE('generated circle',#4257,0.5) ;
#4322=CIRCLE('generated circle',#4321,0.5) ;
#5940=CIRCLE('generated circle',#5939,1.00000010006) ;
#6020=CIRCLE('generated circle',#6019,1.00000010006) ;
#7239=CONTEXT_DEPENDENT_SHAPE_REPRESENTATION(#7240,#7238) ;
#7930=CONTEXT_DEPENDENT_SHAPE_REPRESENTATION(#7931,#7929) ;
#7945=CONTEXT_DEPENDENT_SHAPE_REPRESENTATION(#7946,#7944) ;
#7236=SHAPE_REPRESENTATION_RELATIONSHIP(' ',' ',#54,#7235) ;
#7927=SHAPE_REPRESENTATION_RELATIONSHIP(' ',' ',#7252,#7926) ;
#67=CYLINDRICAL_SURFACE('generated cylinder',#66,3.) ;
#107=CYLINDRICAL_SURFACE('generated cylinder',#106,3.) ;
#246=CYLINDRICAL_SURFACE('generated cylinder',#245,1.) ;
#358=CYLINDRICAL_SURFACE('generated cylinder',#357,1.) ;
#406=CYLINDRICAL_SURFACE('generated cylinder',#405,1.) ;
#518=CYLINDRICAL_SURFACE('generated cylinder',#517,1.) ;
#994=CYLINDRICAL_SURFACE('generated cylinder',#993,3.) ;
#1037=CYLINDRICAL_SURFACE('generated cylinder',#1036,3.) ;
#1190=CYLINDRICAL_SURFACE('generated cylinder',#1189,3.) ;
#2572=CYLINDRICAL_SURFACE('generated cylinder',#2571,1.) ;
#2722=CYLINDRICAL_SURFACE('generated cylinder',#2721,1.) ;
#2755=CYLINDRICAL_SURFACE('generated cylinder',#2754,1.) ;
#2795=CYLINDRICAL_SURFACE('generated cylinder',#2794,1.) ;
#2883=CYLINDRICAL_SURFACE('generated cylinder',#2882,5.) ;
#2931=CYLINDRICAL_SURFACE('generated cylinder',#2930,1.) ;
#2979=CYLINDRICAL_SURFACE('generated cylinder',#2978,1.) ;
#3542=CYLINDRICAL_SURFACE('generated cylinder',#3541,5.) ;
#3756=CYLINDRICAL_SURFACE('generated cylinder',#3755,1.) ;
#3768=CYLINDRICAL_SURFACE('generated cylinder',#3767,1.) ;
#3845=CYLINDRICAL_SURFACE('generated cylinder',#3844,0.5) ;
#3916=CYLINDRICAL_SURFACE('generated cylinder',#3915,0.5) ;
#4254=CYLINDRICAL_SURFACE('generated cylinder',#4253,0.5) ;
#4318=CYLINDRICAL_SURFACE('generated cylinder',#4317,0.5) ;
#4621=CYLINDRICAL_SURFACE('generated cylinder',#4620,0.2) ;
#6271=CYLINDRICAL_SURFACE('generated cylinder',#6270,0.5) ;
#6308=CYLINDRICAL_SURFACE('generated cylinder',#6307,0.5) ;
#6335=CYLINDRICAL_SURFACE('generated cylinder',#6334,0.5) ;
#6362=CYLINDRICAL_SURFACE('generated cylinder',#6361,0.5) ;
#6379=CYLINDRICAL_SURFACE('generated cylinder',#6378,0.5) ;
#6416=CYLINDRICAL_SURFACE('generated cylinder',#6415,0.5) ;
#6443=CYLINDRICAL_SURFACE('generated cylinder',#6442,0.5) ;
#6470=CYLINDRICAL_SURFACE('generated cylinder',#6469,0.5) ;
#6487=CYLINDRICAL_SURFACE('generated cylinder',#6486,0.5) ;
#6524=CYLINDRICAL_SURFACE('generated cylinder',#6523,0.5) ;
#6551=CYLINDRICAL_SURFACE('generated cylinder',#6550,0.5) ;
#6578=CYLINDRICAL_SURFACE('generated cylinder',#6577,0.5) ;
#6990=CYLINDRICAL_SURFACE('generated cylinder',#6989,1.) ;
#2914=TOROIDAL_SURFACE('homeo Torus',#2913,4.,1.) ;
#2962=TOROIDAL_SURFACE('homeo Torus',#2961,4.,1.) ;
#3490=TOROIDAL_SURFACE('homeo Torus',#3489,4.,1.) ;
#3507=TOROIDAL_SURFACE('homeo Torus',#3506,4.,1.) ;
#3=DESIGN_CONTEXT(' ',#1,'design') ;
#76=EDGE_CURVE('',#73,#75,#71,.T.) ;
#83=EDGE_CURVE('',#73,#82,#80,.T.) ;
#90=EDGE_CURVE('',#82,#89,#87,.T.) ;
#95=EDGE_CURVE('',#75,#89,#94,.T.) ;
#112=EDGE_CURVE('',#82,#73,#111,.T.) ;
#117=EDGE_CURVE('',#89,#75,#116,.T.) ;
#138=EDGE_CURVE('',#135,#137,#133,.F.) ;
#145=EDGE_CURVE('',#144,#137,#142,.F.) ;
#152=EDGE_CURVE('',#144,#151,#149,.F.) ;
#159=EDGE_CURVE('',#158,#151,#156,.F.) ;
#166=EDGE_CURVE('',#158,#165,#163,.F.) ;
#173=EDGE_CURVE('',#172,#165,#170,.F.) ;
#180=EDGE_CURVE('',#172,#179,#177,.F.) ;
#185=EDGE_CURVE('',#135,#179,#184,.F.) ;
#224=EDGE_CURVE('',#221,#223,#219,.T.) ;
#229=EDGE_CURVE('',#221,#137,#228,.T.) ;
#234=EDGE_CURVE('',#223,#135,#233,.T.) ;
#253=EDGE_CURVE('',#252,#144,#250,.T.) ;
#258=EDGE_CURVE('',#252,#221,#257,.F.) ;
#279=EDGE_CURVE('',#276,#278,#274,.T.) ;
#286=EDGE_CURVE('',#276,#285,#283,.T.) ;
#293=EDGE_CURVE('',#285,#292,#290,.T.) ;
#300=EDGE_CURVE('',#292,#299,#297,.T.) ;
#307=EDGE_CURVE('',#306,#299,#304,.T.) ;
#312=EDGE_CURVE('',#306,#151,#311,.T.) ;
#319=EDGE_CURVE('',#252,#318,#316,.T.) ;
#326=EDGE_CURVE('',#325,#318,#323,.T.) ;
#333=EDGE_CURVE('',#332,#325,#330,.T.) ;
#338=EDGE_CURVE('',#278,#332,#337,.T.) ;
#365=EDGE_CURVE('',#364,#158,#362,.T.) ;
#370=EDGE_CURVE('',#364,#306,#369,.F.) ;
#389=EDGE_CURVE('',#388,#364,#386,.T.) ;
#394=EDGE_CURVE('',#388,#165,#393,.T.) ;
#413=EDGE_CURVE('',#412,#172,#410,.T.) ;
#418=EDGE_CURVE('',#412,#388,#417,.F.) ;
#439=EDGE_CURVE('',#436,#438,#434,.T.) ;
#446=EDGE_CURVE('',#436,#445,#443,.T.) ;
#453=EDGE_CURVE('',#445,#452,#450,.T.) ;
#460=EDGE_CURVE('',#452,#459,#457,.T.) ;
#467=EDGE_CURVE('',#466,#459,#464,.T.) ;
#472=EDGE_CURVE('',#466,#179,#471,.T.) ;
#479=EDGE_CURVE('',#412,#478,#476,.T.) ;
#486=EDGE_CURVE('',#485,#478,#483,.T.) ;
#493=EDGE_CURVE('',#492,#485,#490,.T.) ;
#498=EDGE_CURVE('',#438,#492,#497,.T.) ;
#523=EDGE_CURVE('',#223,#466,#522,.F.) ;
#542=EDGE_CURVE('',#459,#541,#539,.T.) ;
#549=EDGE_CURVE('',#541,#548,#546,.F.) ;
#554=EDGE_CURVE('',#548,#318,#553,.T.) ;
#579=EDGE_CURVE('',#576,#578,#574,.F.) ;
#586=EDGE_CURVE('',#578,#585,#583,.F.) ;
#593=EDGE_CURVE('',#585,#592,#590,.F.) ;
#600=EDGE_CURVE('',#599,#592,#597,.T.) ;
#617=EDGE_CURVE('',#599,#276,#601,.F.) ;
#636=EDGE_CURVE('',#278,#635,#618,.F.) ;
#641=EDGE_CURVE('',#635,#576,#640,.T.) ;
#659=EDGE_CURVE('',#599,#658,#656,.T.) ;
#664=EDGE_CURVE('',#658,#285,#663,.F.) ;
#683=EDGE_CURVE('',#682,#658,#680,.T.) ;
#688=EDGE_CURVE('',#492,#682,#687,.T.) ;
#695=EDGE_CURVE('',#694,#485,#692,.F.) ;
#702=EDGE_CURVE('',#701,#694,#699,.F.) ;
#709=EDGE_CURVE('',#708,#701,#706,.F.) ;
#714=EDGE_CURVE('',#292,#708,#713,.F.) ;
#738=EDGE_CURVE('',#737,#708,#735,.T.) ;
#743=EDGE_CURVE('',#299,#737,#742,.F.) ;
#757=EDGE_CURVE('',#737,#756,#754,.F.) ;
#764=EDGE_CURVE('',#756,#763,#761,.F.) ;
#769=EDGE_CURVE('',#763,#478,#768,.F.) ;
#793=EDGE_CURVE('',#548,#792,#790,.T.) ;
#798=EDGE_CURVE('',#792,#325,#797,.T.) ;
#812=EDGE_CURVE('',#811,#445,#809,.T.) ;
#819=EDGE_CURVE('',#818,#811,#816,.T.) ;
#824=EDGE_CURVE('',#332,#818,#823,.T.) ;
#831=EDGE_CURVE('',#830,#792,#828,.F.) ;
#836=EDGE_CURVE('',#452,#830,#835,.T.) ;
#852=EDGE_CURVE('',#635,#818,#851,.T.) ;
#868=EDGE_CURVE('',#865,#867,#863,.T.) ;
#875=EDGE_CURVE('',#867,#874,#872,.F.) ;
#882=EDGE_CURVE('',#874,#881,#879,.T.) ;
#889=EDGE_CURVE('',#888,#881,#886,.T.) ;
#906=EDGE_CURVE('',#888,#436,#890,.F.) ;
#925=EDGE_CURVE('',#438,#924,#907,.F.) ;
#930=EDGE_CURVE('',#924,#865,#929,.T.) ;
#946=EDGE_CURVE('',#888,#811,#945,.T.) ;
#958=EDGE_CURVE('',#541,#830,#957,.T.) ;
#970=EDGE_CURVE('',#763,#694,#969,.T.) ;
#982=EDGE_CURVE('',#924,#682,#981,.T.) ;
#1013=EDGE_CURVE('',#576,#1012,#1010,.T.) ;
#1020=EDGE_CURVE('',#1012,#1019,#1017,.F.) ;
#1025=EDGE_CURVE('',#578,#1019,#1024,.T.) ;
#1044=EDGE_CURVE('',#1019,#1043,#1041,.F.) ;
#1049=EDGE_CURVE('',#585,#1043,#1048,.T.) ;
#1063=EDGE_CURVE('',#592,#1062,#1060,.T.) ;
#1068=EDGE_CURVE('',#1043,#1062,#1067,.F.) ;
#1084=EDGE_CURVE('',#1081,#1083,#1079,.T.) ;
#1091=EDGE_CURVE('',#1081,#1090,#1088,.T.) ;
#1098=EDGE_CURVE('',#1090,#1097,#1095,.T.) ;
#1103=EDGE_CURVE('',#865,#1097,#1102,.T.) ;
#1110=EDGE_CURVE('',#1109,#1062,#1107,.T.) ;
#1115=EDGE_CURVE('',#1083,#1109,#1114,.T.) ;
#1139=EDGE_CURVE('',#1136,#1138,#1134,.T.) ;
#1146=EDGE_CURVE('',#1136,#1145,#1143,.T.) ;
#1151=EDGE_CURVE('',#1145,#1012,#1150,.T.) ;
#1158=EDGE_CURVE('',#881,#1157,#1155,.T.) ;
#1165=EDGE_CURVE('',#1164,#1157,#1162,.T.) ;
#1170=EDGE_CURVE('',#1138,#1164,#1169,.T.) ;
#1195=EDGE_CURVE('',#756,#701,#1194,.T.) ;
#1221=EDGE_CURVE('',#1097,#1220,#1218,.T.) ;
#1226=EDGE_CURVE('',#867,#1220,#1225,.T.) ;
#1240=EDGE_CURVE('',#1220,#1239,#1237,.F.) ;
#1245=EDGE_CURVE('',#874,#1239,#1244,.T.) ;
#1257=EDGE_CURVE('',#1239,#1157,#1256,.T.) ;
#1276=EDGE_CURVE('',#1275,#1145,#1273,.T.) ;
#1283=EDGE_CURVE('',#1282,#1275,#1280,.T.) ;
#1288=EDGE_CURVE('',#1109,#1282,#1287,.T.) ;
#1313=EDGE_CURVE('',#1310,#1312,#1308,.F.) ;
#1320=EDGE_CURVE('',#1312,#1319,#1317,.F.) ;
#1327=EDGE_CURVE('',#1319,#1326,#1324,.F.) ;
#1334=EDGE_CURVE('',#1326,#1333,#1331,.F.) ;
#1341=EDGE_CURVE('',#1340,#1333,#1338,.T.) ;
#1358=EDGE_CURVE('',#1340,#1081,#1342,.F.) ;
#1377=EDGE_CURVE('',#1083,#1376,#1359,.F.) ;
#1382=EDGE_CURVE('',#1376,#1310,#1381,.T.) ;
#1401=EDGE_CURVE('',#1340,#1400,#1398,.T.) ;
#1406=EDGE_CURVE('',#1400,#1090,#1405,.F.) ;
#1420=EDGE_CURVE('',#1419,#1400,#1417,.T.) ;
#1425=EDGE_CURVE('',#1164,#1419,#1424,.T.) ;
#1441=EDGE_CURVE('',#1376,#1282,#1440,.T.) ;
#1457=EDGE_CURVE('',#1454,#1456,#1452,.T.) ;
#1464=EDGE_CURVE('',#1456,#1463,#1461,.F.) ;
#1471=EDGE_CURVE('',#1463,#1470,#1468,.T.) ;
#1478=EDGE_CURVE('',#1477,#1470,#1475,.T.) ;
#1495=EDGE_CURVE('',#1477,#1136,#1479,.F.) ;
#1514=EDGE_CURVE('',#1138,#1513,#1496,.F.) ;
#1519=EDGE_CURVE('',#1513,#1454,#1518,.T.) ;
#1535=EDGE_CURVE('',#1477,#1275,#1534,.T.) ;
#1547=EDGE_CURVE('',#1513,#1419,#1546,.T.) ;
#1563=EDGE_CURVE('',#1560,#1562,#1558,.T.) ;
#1570=EDGE_CURVE('',#1560,#1569,#1567,.T.) ;
#1577=EDGE_CURVE('',#1569,#1576,#1574,.T.) ;
#1582=EDGE_CURVE('',#1576,#1310,#1581,.T.) ;
#1589=EDGE_CURVE('',#1588,#1470,#1586,.T.) ;
#1596=EDGE_CURVE('',#1595,#1588,#1593,.T.) ;
#1601=EDGE_CURVE('',#1562,#1595,#1600,.T.) ;
#1623=EDGE_CURVE('',#1576,#1622,#1620,.F.) ;
#1628=EDGE_CURVE('',#1312,#1622,#1627,.T.) ;
#1642=EDGE_CURVE('',#1319,#1641,#1639,.T.) ;
#1647=EDGE_CURVE('',#1622,#1641,#1646,.F.) ;
#1661=EDGE_CURVE('',#1641,#1660,#1658,.F.) ;
#1666=EDGE_CURVE('',#1326,#1660,#1665,.T.) ;
#1680=EDGE_CURVE('',#1660,#1679,#1677,.F.) ;
#1685=EDGE_CURVE('',#1679,#1333,#1684,.T.) ;
#1701=EDGE_CURVE('',#1698,#1700,#1696,.T.) ;
#1708=EDGE_CURVE('',#1698,#1707,#1705,.T.) ;
#1715=EDGE_CURVE('',#1707,#1714,#1712,.T.) ;
#1720=EDGE_CURVE('',#1714,#1454,#1719,.T.) ;
#1727=EDGE_CURVE('',#1726,#1679,#1724,.T.) ;
#1732=EDGE_CURVE('',#1700,#1726,#1731,.T.) ;
#1754=EDGE_CURVE('',#1714,#1753,#1751,.T.) ;
#1759=EDGE_CURVE('',#1456,#1753,#1758,.T.) ;
#1773=EDGE_CURVE('',#1753,#1772,#1770,.F.) ;
#1778=EDGE_CURVE('',#1463,#1772,#1777,.T.) ;
#1790=EDGE_CURVE('',#1772,#1588,#1789,.T.) ;
#1811=EDGE_CURVE('',#1808,#1810,#1806,.F.) ;
#1818=EDGE_CURVE('',#1810,#1817,#1815,.F.) ;
#1825=EDGE_CURVE('',#1817,#1824,#1822,.F.) ;
#1832=EDGE_CURVE('',#1831,#1824,#1829,.T.) ;
#1849=EDGE_CURVE('',#1831,#1560,#1833,.F.) ;
#1868=EDGE_CURVE('',#1562,#1867,#1850,.F.) ;
#1873=EDGE_CURVE('',#1867,#1808,#1872,.T.) ;
#1891=EDGE_CURVE('',#1831,#1890,#1888,.T.) ;
#1896=EDGE_CURVE('',#1890,#1569,#1895,.F.) ;
#1915=EDGE_CURVE('',#1914,#1890,#1912,.T.) ;
#1920=EDGE_CURVE('',#1726,#1914,#1919,.T.) ;
#1939=EDGE_CURVE('',#1938,#1707,#1936,.T.) ;
#1946=EDGE_CURVE('',#1945,#1938,#1943,.T.) ;
#1951=EDGE_CURVE('',#1595,#1945,#1950,.T.) ;
#1967=EDGE_CURVE('',#1867,#1945,#1966,.T.) ;
#1983=EDGE_CURVE('',#1980,#1982,#1978,.T.) ;
#1990=EDGE_CURVE('',#1982,#1989,#1987,.F.) ;
#1997=EDGE_CURVE('',#1989,#1996,#1994,.T.) ;
#2004=EDGE_CURVE('',#2003,#1996,#2001,.T.) ;
#2021=EDGE_CURVE('',#2003,#1698,#2005,.F.) ;
#2040=EDGE_CURVE('',#1700,#2039,#2022,.F.) ;
#2045=EDGE_CURVE('',#2039,#1980,#2044,.T.) ;
#2061=EDGE_CURVE('',#2003,#1938,#2060,.T.) ;
#2073=EDGE_CURVE('',#2039,#1914,#2072,.T.) ;
#2089=EDGE_CURVE('',#2086,#2088,#2084,.F.) ;
#2096=EDGE_CURVE('',#2086,#2095,#2093,.F.) ;
#2103=EDGE_CURVE('',#2095,#2102,#2100,.F.) ;
#2108=EDGE_CURVE('',#1810,#2102,#2107,.T.) ;
#2113=EDGE_CURVE('',#2088,#1808,#2112,.T.) ;
#2129=EDGE_CURVE('',#2102,#2128,#2126,.F.) ;
#2134=EDGE_CURVE('',#1817,#2128,#2133,.T.) ;
#2150=EDGE_CURVE('',#2147,#2149,#2145,.T.) ;
#2155=EDGE_CURVE('',#2147,#1824,#2154,.T.) ;
#2162=EDGE_CURVE('',#2128,#2161,#2159,.F.) ;
#2167=EDGE_CURVE('',#2161,#2149,#2166,.F.) ;
#2183=EDGE_CURVE('',#2147,#2182,#2180,.F.) ;
#2188=EDGE_CURVE('',#2182,#1980,#2187,.T.) ;
#2206=EDGE_CURVE('',#2205,#2088,#2203,.F.) ;
#2211=EDGE_CURVE('',#2205,#1996,#2210,.T.) ;
#2231=EDGE_CURVE('',#2228,#2230,#2226,.T.) ;
#2238=EDGE_CURVE('',#2230,#2237,#2235,.T.) ;
#2243=EDGE_CURVE('',#1982,#2237,#2242,.T.) ;
#2248=EDGE_CURVE('',#2228,#2182,#2247,.F.) ;
#2264=EDGE_CURVE('',#2237,#2263,#2261,.F.) ;
#2269=EDGE_CURVE('',#1989,#2263,#2268,.T.) ;
#2283=EDGE_CURVE('',#2263,#2282,#2280,.T.) ;
#2290=EDGE_CURVE('',#2282,#2289,#2287,.T.) ;
#2295=EDGE_CURVE('',#2205,#2289,#2294,.T.) ;
#2314=EDGE_CURVE('',#2289,#2086,#2313,.F.) ;
#2331=EDGE_CURVE('',#2282,#2095,#2330,.F.) ;
#2347=EDGE_CURVE('',#2344,#2346,#2342,.T.) ;
#2366=EDGE_CURVE('',#2365,#2346,#2348,.F.) ;
#2371=EDGE_CURVE('',#2365,#2161,#2370,.F.) ;
#2378=EDGE_CURVE('',#2095,#2377,#2375,.F.) ;
#2395=EDGE_CURVE('',#2344,#2377,#2379,.T.) ;
#2416=EDGE_CURVE('',#2149,#2228,#2415,.F.) ;
#2428=EDGE_CURVE('',#2161,#2230,#2427,.F.) ;
#2456=EDGE_CURVE('',#2453,#2455,#2436,.F.) ;
#2461=EDGE_CURVE('',#2453,#2282,#2460,.F.) ;
#2468=EDGE_CURVE('',#2230,#2467,#2465,.F.) ;
#2487=EDGE_CURVE('',#2486,#2467,#2469,.T.) ;
#2492=EDGE_CURVE('',#2486,#2455,#2491,.T.) ;
#2517=EDGE_CURVE('',#2514,#2516,#2512,.T.) ;
#2522=EDGE_CURVE('',#2377,#2516,#2521,.F.) ;
#2527=EDGE_CURVE('',#2514,#2453,#2526,.F.) ;
#2548=EDGE_CURVE('',#2344,#2547,#2545,.F.) ;
#2555=EDGE_CURVE('',#2547,#2554,#2552,.T.) ;
#2560=EDGE_CURVE('',#2554,#2346,#2559,.T.) ;
#2579=EDGE_CURVE('',#2554,#2578,#2576,.F.) ;
#2584=EDGE_CURVE('',#2578,#2365,#2583,.F.) ;
#2605=EDGE_CURVE('',#2602,#2604,#2600,.F.) ;
#2612=EDGE_CURVE('',#2611,#2602,#2609,.T.) ;
#2617=EDGE_CURVE('',#2467,#2611,#2616,.F.) ;
#2624=EDGE_CURVE('',#2623,#2578,#2621,.T.) ;
#2631=EDGE_CURVE('',#2630,#2623,#2628,.T.) ;
#2636=EDGE_CURVE('',#2630,#2604,#2635,.F.) ;
#2657=EDGE_CURVE('',#2654,#2656,#2652,.T.) ;
#2664=EDGE_CURVE('',#2663,#2654,#2661,.F.) ;
#2671=EDGE_CURVE('',#2670,#2663,#2668,.T.) ;
#2676=EDGE_CURVE('',#2656,#2670,#2675,.F.) ;
#2691=EDGE_CURVE('',#2688,#2690,#2686,.T.) ;
#2698=EDGE_CURVE('',#2697,#2688,#2695,.F.) ;
#2705=EDGE_CURVE('',#2704,#2697,#2702,.T.) ;
#2710=EDGE_CURVE('',#2690,#2704,#2709,.F.) ;
#2729=EDGE_CURVE('',#2516,#2728,#2726,.F.) ;
#2736=EDGE_CURVE('',#2728,#2735,#2733,.F.) ;
#2741=EDGE_CURVE('',#2547,#2735,#2740,.F.) ;
#2762=EDGE_CURVE('',#2761,#2455,#2759,.F.) ;
#2769=EDGE_CURVE('',#2761,#2768,#2766,.F.) ;
#2776=EDGE_CURVE('',#2768,#2775,#2773,.F.) ;
#2781=EDGE_CURVE('',#2775,#2514,#2780,.F.) ;
#2802=EDGE_CURVE('',#2801,#2611,#2799,.F.) ;
#2807=EDGE_CURVE('',#2486,#2801,#2806,.F.) ;
#2824=EDGE_CURVE('',#2801,#2761,#2823,.T.) ;
#2843=EDGE_CURVE('',#2516,#2842,#2840,.T.) ;
#2850=EDGE_CURVE('',#2849,#2514,#2847,.T.) ;
#2857=EDGE_CURVE('',#2849,#2856,#2854,.T.) ;
#2864=EDGE_CURVE('',#2856,#2863,#2861,.T.) ;
#2869=EDGE_CURVE('',#2842,#2863,#2868,.T.) ;
#2890=EDGE_CURVE('',#2547,#2889,#2887,.T.) ;
#2897=EDGE_CURVE('',#2889,#2896,#2894,.T.) ;
#2902=EDGE_CURVE('',#2896,#2554,#2901,.F.) ;
#2919=EDGE_CURVE('',#2896,#2623,#2918,.F.) ;
#2940=EDGE_CURVE('',#2937,#2939,#2935,.F.) ;
#2945=EDGE_CURVE('',#2937,#2602,#2944,.F.) ;
#2950=EDGE_CURVE('',#2604,#2939,#2949,.T.) ;
#2967=EDGE_CURVE('',#2801,#2937,#2966,.T.) ;
#2986=EDGE_CURVE('',#2985,#2896,#2983,.T.) ;
#2991=EDGE_CURVE('',#2985,#2630,#2990,.T.) ;
#3012=EDGE_CURVE('',#3009,#3011,#3007,.F.) ;
#3019=EDGE_CURVE('',#3018,#3009,#3016,.F.) ;
#3024=EDGE_CURVE('',#2939,#3018,#3023,.F.) ;
#3031=EDGE_CURVE('',#3030,#2985,#3028,.F.) ;
#3038=EDGE_CURVE('',#3037,#3030,#3035,.F.) ;
#3045=EDGE_CURVE('',#3044,#3037,#3042,.F.) ;
#3052=EDGE_CURVE('',#3044,#3051,#3049,.T.) ;
#3059=EDGE_CURVE('',#3051,#3058,#3056,.T.) ;
#3064=EDGE_CURVE('',#3011,#3058,#3063,.T.) ;
#3087=EDGE_CURVE('',#3084,#3086,#3082,.T.) ;
#3094=EDGE_CURVE('',#3093,#3084,#3091,.F.) ;
#3101=EDGE_CURVE('',#3100,#3093,#3098,.T.) ;
#3108=EDGE_CURVE('',#3107,#3100,#3105,.F.) ;
#3115=EDGE_CURVE('',#3114,#3107,#3112,.T.) ;
#3122=EDGE_CURVE('',#3121,#3114,#3119,.F.) ;
#3129=EDGE_CURVE('',#3128,#3121,#3126,.T.) ;
#3134=EDGE_CURVE('',#3086,#3128,#3133,.F.) ;
#3157=EDGE_CURVE('',#2654,#3156,#3154,.T.) ;
#3164=EDGE_CURVE('',#2656,#3163,#3161,.T.) ;
#3169=EDGE_CURVE('',#3156,#3163,#3168,.T.) ;
#3188=EDGE_CURVE('',#2663,#3187,#3185,.T.) ;
#3193=EDGE_CURVE('',#3187,#3156,#3192,.F.) ;
#3212=EDGE_CURVE('',#2670,#3211,#3209,.T.) ;
#3217=EDGE_CURVE('',#3211,#3187,#3216,.T.) ;
#3234=EDGE_CURVE('',#3163,#3211,#3233,.F.) ;
#3248=EDGE_CURVE('',#2688,#3247,#3245,.T.) ;
#3255=EDGE_CURVE('',#2690,#3254,#3252,.T.) ;
#3260=EDGE_CURVE('',#3247,#3254,#3259,.T.) ;
#3279=EDGE_CURVE('',#2697,#3278,#3276,.T.) ;
#3284=EDGE_CURVE('',#3278,#3247,#3283,.F.) ;
#3298=EDGE_CURVE('',#2704,#3297,#3295,.T.) ;
#3303=EDGE_CURVE('',#3297,#3278,#3302,.T.) ;
#3320=EDGE_CURVE('',#3254,#3297,#3319,.F.) ;
#3332=EDGE_CURVE('',#2728,#2842,#3331,.T.) ;
#3345=EDGE_CURVE('',#3344,#2728,#3342,.T.) ;
#3352=EDGE_CURVE('',#3351,#3344,#3349,.T.) ;
#3357=EDGE_CURVE('',#3351,#2775,#3356,.T.) ;
#3364=EDGE_CURVE('',#3363,#2768,#3361,.T.) ;
#3369=EDGE_CURVE('',#3009,#3363,#3368,.T.) ;
#3376=EDGE_CURVE('',#3375,#3011,#3373,.F.) ;
#3383=EDGE_CURVE('',#3382,#3375,#3380,.F.) ;
#3388=EDGE_CURVE('',#3044,#3382,#3387,.F.) ;
#3395=EDGE_CURVE('',#3394,#3037,#3392,.F.) ;
#3400=EDGE_CURVE('',#2735,#3394,#3399,.T.) ;
#3425=EDGE_CURVE('',#3422,#3424,#3420,.T.) ;
#3432=EDGE_CURVE('',#3431,#3422,#3429,.F.) ;
#3439=EDGE_CURVE('',#3438,#3431,#3436,.T.) ;
#3444=EDGE_CURVE('',#3424,#3438,#3443,.F.) ;
#3459=EDGE_CURVE('',#3456,#3458,#3454,.T.) ;
#3466=EDGE_CURVE('',#3465,#3456,#3463,.F.) ;
#3473=EDGE_CURVE('',#3472,#3465,#3470,.T.) ;
#3478=EDGE_CURVE('',#3458,#3472,#3477,.F.) ;
#3495=EDGE_CURVE('',#2889,#3394,#3494,.F.) ;
#3514=EDGE_CURVE('',#3513,#3363,#3511,.F.) ;
#3519=EDGE_CURVE('',#3513,#2761,#3518,.T.) ;
#3531=EDGE_CURVE('',#2775,#2849,#3530,.T.) ;
#3547=EDGE_CURVE('',#2937,#3513,#3546,.T.) ;
#3568=EDGE_CURVE('',#3565,#3567,#3563,.T.) ;
#3575=EDGE_CURVE('',#3574,#3565,#3572,.T.) ;
#3582=EDGE_CURVE('',#3581,#3574,#3579,.T.) ;
#3589=EDGE_CURVE('',#3588,#3581,#3586,.T.) ;
#3596=EDGE_CURVE('',#3595,#3588,#3593,.T.) ;
#3603=EDGE_CURVE('',#3602,#3595,#3600,.T.) ;
#3608=EDGE_CURVE('',#2856,#3602,#3607,.T.) ;
#3613=EDGE_CURVE('',#3567,#3351,#3612,.T.) ;
#3639=EDGE_CURVE('',#3602,#3638,#3636,.T.) ;
#3644=EDGE_CURVE('',#2863,#3638,#3643,.T.) ;
#3663=EDGE_CURVE('',#3662,#3344,#3660,.T.) ;
#3670=EDGE_CURVE('',#3638,#3669,#3667,.T.) ;
#3677=EDGE_CURVE('',#3669,#3676,#3674,.T.) ;
#3684=EDGE_CURVE('',#3676,#3683,#3681,.T.) ;
#3691=EDGE_CURVE('',#3683,#3690,#3688,.T.) ;
#3698=EDGE_CURVE('',#3690,#3697,#3695,.T.) ;
#3703=EDGE_CURVE('',#3662,#3697,#3702,.F.) ;
#3727=EDGE_CURVE('',#2889,#3030,#3726,.F.) ;
#3744=EDGE_CURVE('',#3018,#3513,#3743,.T.) ;
#3787=EDGE_CURVE('',#3382,#3786,#3784,.T.) ;
#3792=EDGE_CURVE('',#3051,#3786,#3791,.F.) ;
#3811=EDGE_CURVE('',#3786,#3810,#3808,.F.) ;
#3816=EDGE_CURVE('',#3810,#3058,#3815,.F.) ;
#3833=EDGE_CURVE('',#3375,#3810,#3832,.T.) ;
#3854=EDGE_CURVE('',#3851,#3853,#3849,.F.) ;
#3859=EDGE_CURVE('',#3084,#3853,#3858,.T.) ;
#3864=EDGE_CURVE('',#3086,#3851,#3863,.T.) ;
#3883=EDGE_CURVE('',#3882,#3853,#3880,.T.) ;
#3890=EDGE_CURVE('',#3882,#3889,#3887,.T.) ;
#3897=EDGE_CURVE('',#3896,#3889,#3894,.F.) ;
#3902=EDGE_CURVE('',#3093,#3896,#3901,.T.) ;
#3923=EDGE_CURVE('',#3896,#3922,#3920,.F.) ;
#3928=EDGE_CURVE('',#3100,#3922,#3927,.T.) ;
#3947=EDGE_CURVE('',#3946,#3922,#3944,.F.) ;
#3954=EDGE_CURVE('',#3946,#3953,#3951,.T.) ;
#3961=EDGE_CURVE('',#3960,#3953,#3958,.F.) ;
#3968=EDGE_CURVE('',#3967,#3960,#3965,.T.) ;
#3975=EDGE_CURVE('',#3974,#3967,#3972,.F.) ;
#3982=EDGE_CURVE('',#3974,#3981,#3979,.T.) ;
#3989=EDGE_CURVE('',#3988,#3981,#3986,.F.) ;
#3996=EDGE_CURVE('',#3995,#3988,#3993,.T.) ;
#4003=EDGE_CURVE('',#4002,#3995,#4000,.F.) ;
#4010=EDGE_CURVE('',#4002,#4009,#4007,.T.) ;
#4017=EDGE_CURVE('',#4016,#4009,#4014,.F.) ;
#4024=EDGE_CURVE('',#4023,#4016,#4021,.T.) ;
#4031=EDGE_CURVE('',#4030,#4023,#4028,.F.) ;
#4038=EDGE_CURVE('',#4030,#4037,#4035,.T.) ;
#4045=EDGE_CURVE('',#4044,#4037,#4042,.F.) ;
#4052=EDGE_CURVE('',#4051,#4044,#4049,.T.) ;
#4059=EDGE_CURVE('',#4058,#4051,#4056,.F.) ;
#4066=EDGE_CURVE('',#4058,#4065,#4063,.T.) ;
#4073=EDGE_CURVE('',#4072,#4065,#4070,.F.) ;
#4080=EDGE_CURVE('',#4079,#4072,#4077,.T.) ;
#4087=EDGE_CURVE('',#4086,#4079,#4084,.F.) ;
#4094=EDGE_CURVE('',#4086,#4093,#4091,.T.) ;
#4101=EDGE_CURVE('',#4100,#4093,#4098,.F.) ;
#4108=EDGE_CURVE('',#4107,#4100,#4105,.T.) ;
#4115=EDGE_CURVE('',#4114,#4107,#4112,.F.) ;
#4122=EDGE_CURVE('',#4114,#4121,#4119,.T.) ;
#4129=EDGE_CURVE('',#4128,#4121,#4126,.F.) ;
#4136=EDGE_CURVE('',#4135,#4128,#4133,.T.) ;
#4143=EDGE_CURVE('',#4142,#4135,#4140,.F.) ;
#4150=EDGE_CURVE('',#4142,#4149,#4147,.T.) ;
#4157=EDGE_CURVE('',#4156,#4149,#4154,.F.) ;
#4164=EDGE_CURVE('',#4163,#4156,#4161,.T.) ;
#4171=EDGE_CURVE('',#4170,#4163,#4168,.F.) ;
#4176=EDGE_CURVE('',#3107,#4170,#4175,.T.) ;
#4223=EDGE_CURVE('',#4220,#4222,#4218,.F.) ;
#4230=EDGE_CURVE('',#4229,#4220,#4227,.F.) ;
#4237=EDGE_CURVE('',#4236,#4229,#4234,.F.) ;
#4242=EDGE_CURVE('',#4222,#4236,#4241,.F.) ;
#4261=EDGE_CURVE('',#4170,#4260,#4258,.F.) ;
#4266=EDGE_CURVE('',#3114,#4260,#4265,.T.) ;
#4285=EDGE_CURVE('',#3121,#4284,#4282,.T.) ;
#4292=EDGE_CURVE('',#4291,#4260,#4289,.F.) ;
#4299=EDGE_CURVE('',#4298,#4291,#4296,.T.) ;
#4304=EDGE_CURVE('',#4284,#4298,#4303,.F.) ;
#4325=EDGE_CURVE('',#4284,#4324,#4322,.F.) ;
#4330=EDGE_CURVE('',#3128,#4324,#4329,.T.) ;
#4349=EDGE_CURVE('',#4324,#4348,#4346,.T.) ;
#4356=EDGE_CURVE('',#4348,#4355,#4353,.T.) ;
#4363=EDGE_CURVE('',#4362,#4355,#4360,.T.) ;
#4370=EDGE_CURVE('',#4369,#4362,#4367,.T.) ;
#4375=EDGE_CURVE('',#4369,#3851,#4374,.T.) ;
#4415=EDGE_CURVE('',#3567,#3662,#4414,.T.) ;
#4446=EDGE_CURVE('',#3422,#4445,#4443,.T.) ;
#4453=EDGE_CURVE('',#3424,#4452,#4450,.T.) ;
#4458=EDGE_CURVE('',#4445,#4452,#4457,.T.) ;
#4477=EDGE_CURVE('',#3431,#4476,#4474,.T.) ;
#4482=EDGE_CURVE('',#4476,#4445,#4481,.F.) ;
#4501=EDGE_CURVE('',#3438,#4500,#4498,.T.) ;
#4506=EDGE_CURVE('',#4500,#4476,#4505,.T.) ;
#4523=EDGE_CURVE('',#4452,#4500,#4522,.F.) ;
#4537=EDGE_CURVE('',#3456,#4536,#4534,.T.) ;
#4544=EDGE_CURVE('',#3458,#4543,#4541,.T.) ;
#4549=EDGE_CURVE('',#4536,#4543,#4548,.T.) ;
#4568=EDGE_CURVE('',#3465,#4567,#4565,.T.) ;
#4573=EDGE_CURVE('',#4567,#4536,#4572,.F.) ;
#4587=EDGE_CURVE('',#3472,#4586,#4584,.T.) ;
#4592=EDGE_CURVE('',#4586,#4567,#4591,.T.) ;
#4609=EDGE_CURVE('',#4543,#4586,#4608,.F.) ;
#4626=EDGE_CURVE('',#3565,#3697,#4625,.T.) ;
#4643=EDGE_CURVE('',#3574,#3690,#4642,.T.) ;
#4658=EDGE_CURVE('',#4655,#4657,#4653,.F.) ;
#4665=EDGE_CURVE('',#4664,#4655,#4662,.F.) ;
#4672=EDGE_CURVE('',#4671,#4664,#4669,.F.) ;
#4679=EDGE_CURVE('',#4678,#4671,#4676,.T.) ;
#4686=EDGE_CURVE('',#4685,#4678,#4683,.T.) ;
#4693=EDGE_CURVE('',#4692,#4685,#4690,.T.) ;
#4700=EDGE_CURVE('',#4699,#4692,#4697,.T.) ;
#4705=EDGE_CURVE('',#4657,#4699,#4704,.F.) ;
#4726=EDGE_CURVE('',#3581,#3683,#4725,.T.) ;
#4741=EDGE_CURVE('',#4738,#4740,#4736,.F.) ;
#4748=EDGE_CURVE('',#4747,#4738,#4745,.F.) ;
#4755=EDGE_CURVE('',#4754,#4747,#4752,.F.) ;
#4760=EDGE_CURVE('',#4740,#4754,#4759,.F.) ;
#4775=EDGE_CURVE('',#4772,#4774,#4770,.F.) ;
#4782=EDGE_CURVE('',#4781,#4772,#4779,.F.) ;
#4789=EDGE_CURVE('',#4788,#4781,#4786,.F.) ;
#4794=EDGE_CURVE('',#4774,#4788,#4793,.F.) ;
#4809=EDGE_CURVE('',#4806,#4808,#4804,.F.) ;
#4816=EDGE_CURVE('',#4815,#4806,#4813,.F.) ;
#4823=EDGE_CURVE('',#4822,#4815,#4820,.F.) ;
#4828=EDGE_CURVE('',#4808,#4822,#4827,.F.) ;
#4845=EDGE_CURVE('',#3588,#3676,#4844,.T.) ;
#4862=EDGE_CURVE('',#3595,#3669,#4861,.T.) ;
#4893=EDGE_CURVE('',#4892,#4369,#4890,.T.) ;
#4898=EDGE_CURVE('',#4892,#3882,#4897,.T.) ;
#4918=EDGE_CURVE('',#4917,#3889,#4915,.T.) ;
#4923=EDGE_CURVE('',#4892,#4917,#4922,.T.) ;
#4942=EDGE_CURVE('',#4917,#4941,#4939,.T.) ;
#4949=EDGE_CURVE('',#4941,#4948,#4946,.T.) ;
#4956=EDGE_CURVE('',#4955,#4948,#4953,.T.) ;
#4961=EDGE_CURVE('',#4291,#4955,#4960,.T.) ;
#4968=EDGE_CURVE('',#4967,#4163,#4965,.F.) ;
#4975=EDGE_CURVE('',#4974,#4967,#4972,.F.) ;
#4982=EDGE_CURVE('',#4981,#4974,#4979,.F.) ;
#4987=EDGE_CURVE('',#4142,#4981,#4986,.F.) ;
#4994=EDGE_CURVE('',#4993,#4135,#4991,.F.) ;
#5001=EDGE_CURVE('',#5000,#4993,#4998,.F.) ;
#5008=EDGE_CURVE('',#5007,#5000,#5005,.F.) ;
#5013=EDGE_CURVE('',#4114,#5007,#5012,.F.) ;
#5020=EDGE_CURVE('',#5019,#4107,#5017,.F.) ;
#5027=EDGE_CURVE('',#5026,#5019,#5024,.F.) ;
#5034=EDGE_CURVE('',#5033,#5026,#5031,.F.) ;
#5039=EDGE_CURVE('',#4086,#5033,#5038,.F.) ;
#5046=EDGE_CURVE('',#5045,#4079,#5043,.F.) ;
#5053=EDGE_CURVE('',#5052,#5045,#5050,.F.) ;
#5060=EDGE_CURVE('',#5059,#5052,#5057,.F.) ;
#5065=EDGE_CURVE('',#4058,#5059,#5064,.F.) ;
#5072=EDGE_CURVE('',#5071,#4051,#5069,.F.) ;
#5079=EDGE_CURVE('',#5078,#5071,#5076,.F.) ;
#5086=EDGE_CURVE('',#5085,#5078,#5083,.F.) ;
#5091=EDGE_CURVE('',#4030,#5085,#5090,.F.) ;
#5098=EDGE_CURVE('',#5097,#4023,#5095,.F.) ;
#5105=EDGE_CURVE('',#5104,#5097,#5102,.F.) ;
#5112=EDGE_CURVE('',#5111,#5104,#5109,.F.) ;
#5117=EDGE_CURVE('',#4002,#5111,#5116,.F.) ;
#5124=EDGE_CURVE('',#5123,#3995,#5121,.F.) ;
#5131=EDGE_CURVE('',#5130,#5123,#5128,.F.) ;
#5138=EDGE_CURVE('',#5137,#5130,#5135,.F.) ;
#5143=EDGE_CURVE('',#3974,#5137,#5142,.F.) ;
#5150=EDGE_CURVE('',#5149,#3967,#5147,.F.) ;
#5157=EDGE_CURVE('',#5156,#5149,#5154,.F.) ;
#5164=EDGE_CURVE('',#5163,#5156,#5161,.F.) ;
#5169=EDGE_CURVE('',#3946,#5163,#5168,.F.) ;
#5234=EDGE_CURVE('',#5163,#5233,#5231,.T.) ;
#5239=EDGE_CURVE('',#3953,#5233,#5238,.F.) ;
#5258=EDGE_CURVE('',#5233,#5257,#5255,.F.) ;
#5265=EDGE_CURVE('',#5257,#5264,#5262,.F.) ;
#5270=EDGE_CURVE('',#5264,#3960,#5269,.F.) ;
#5288=EDGE_CURVE('',#5149,#5264,#5287,.T.) ;
#5307=EDGE_CURVE('',#5137,#5306,#5304,.T.) ;
#5312=EDGE_CURVE('',#3981,#5306,#5311,.F.) ;
#5326=EDGE_CURVE('',#5306,#5325,#5323,.F.) ;
#5333=EDGE_CURVE('',#5325,#5332,#5330,.F.) ;
#5338=EDGE_CURVE('',#5332,#3988,#5337,.F.) ;
#5356=EDGE_CURVE('',#5123,#5332,#5355,.T.) ;
#5375=EDGE_CURVE('',#5111,#5374,#5372,.T.) ;
#5380=EDGE_CURVE('',#4009,#5374,#5379,.F.) ;
#5394=EDGE_CURVE('',#5374,#5393,#5391,.F.) ;
#5401=EDGE_CURVE('',#5393,#5400,#5398,.F.) ;
#5406=EDGE_CURVE('',#5400,#4016,#5405,.F.) ;
#5424=EDGE_CURVE('',#5097,#5400,#5423,.T.) ;
#5443=EDGE_CURVE('',#5085,#5442,#5440,.T.) ;
#5448=EDGE_CURVE('',#4037,#5442,#5447,.F.) ;
#5462=EDGE_CURVE('',#5442,#5461,#5459,.F.) ;
#5469=EDGE_CURVE('',#5461,#5468,#5466,.F.) ;
#5474=EDGE_CURVE('',#5468,#4044,#5473,.F.) ;
#5487=EDGE_CURVE('',#5071,#5468,#5486,.T.) ;
#5506=EDGE_CURVE('',#5059,#5505,#5503,.T.) ;
#5511=EDGE_CURVE('',#4065,#5505,#5510,.F.) ;
#5525=EDGE_CURVE('',#5505,#5524,#5522,.F.) ;
#5532=EDGE_CURVE('',#5524,#5531,#5529,.F.) ;
#5537=EDGE_CURVE('',#5531,#4072,#5536,.F.) ;
#5550=EDGE_CURVE('',#5045,#5531,#5549,.T.) ;
#5569=EDGE_CURVE('',#5033,#5568,#5566,.T.) ;
#5574=EDGE_CURVE('',#4093,#5568,#5573,.F.) ;
#5588=EDGE_CURVE('',#5568,#5587,#5585,.F.) ;
#5595=EDGE_CURVE('',#5587,#5594,#5592,.F.) ;
#5600=EDGE_CURVE('',#5594,#4100,#5599,.F.) ;
#5618=EDGE_CURVE('',#5019,#5594,#5617,.T.) ;
#5637=EDGE_CURVE('',#5007,#5636,#5634,.T.) ;
#5642=EDGE_CURVE('',#4121,#5636,#5641,.F.) ;
#5656=EDGE_CURVE('',#5636,#5655,#5653,.F.) ;
#5663=EDGE_CURVE('',#5655,#5662,#5660,.F.) ;
#5668=EDGE_CURVE('',#5662,#4128,#5667,.F.) ;
#5686=EDGE_CURVE('',#4993,#5662,#5685,.T.) ;
#5705=EDGE_CURVE('',#4981,#5704,#5702,.T.) ;
#5710=EDGE_CURVE('',#4149,#5704,#5709,.F.) ;
#5724=EDGE_CURVE('',#5704,#5723,#5721,.F.) ;
#5731=EDGE_CURVE('',#5723,#5730,#5728,.F.) ;
#5736=EDGE_CURVE('',#5730,#4156,#5735,.F.) ;
#5754=EDGE_CURVE('',#4967,#5730,#5753,.T.) ;
#5773=EDGE_CURVE('',#4220,#5772,#5770,.T.) ;
#5780=EDGE_CURVE('',#4222,#5779,#5777,.T.) ;
#5785=EDGE_CURVE('',#5772,#5779,#5784,.F.) ;
#5804=EDGE_CURVE('',#4229,#5803,#5801,.T.) ;
#5809=EDGE_CURVE('',#5803,#5772,#5808,.F.) ;
#5828=EDGE_CURVE('',#4236,#5827,#5825,.T.) ;
#5833=EDGE_CURVE('',#5827,#5803,#5832,.F.) ;
#5850=EDGE_CURVE('',#5779,#5827,#5849,.F.) ;
#5864=EDGE_CURVE('',#4298,#5863,#5861,.T.) ;
#5869=EDGE_CURVE('',#5863,#4955,#5868,.T.) ;
#5881=EDGE_CURVE('',#5863,#4348,#5880,.T.) ;
#5903=EDGE_CURVE('',#5900,#5902,#5898,.F.) ;
#5910=EDGE_CURVE('',#5909,#5900,#5907,.T.) ;
#5915=EDGE_CURVE('',#4355,#5909,#5914,.F.) ;
#5922=EDGE_CURVE('',#5921,#4948,#5919,.F.) ;
#5929=EDGE_CURVE('',#5928,#5921,#5926,.F.) ;
#5936=EDGE_CURVE('',#5935,#5928,#5933,.F.) ;
#5941=EDGE_CURVE('',#5935,#5902,#5940,.T.) ;
#5969=EDGE_CURVE('',#5966,#5968,#5964,.T.) ;
#5976=EDGE_CURVE('',#5975,#5968,#5973,.T.) ;
#5981=EDGE_CURVE('',#4362,#5975,#5980,.F.) ;
#5988=EDGE_CURVE('',#5909,#5987,#5985,.T.) ;
#5995=EDGE_CURVE('',#5994,#5987,#5992,.T.) ;
#6000=EDGE_CURVE('',#5994,#5966,#5999,.T.) ;
#6025=EDGE_CURVE('',#6022,#6024,#6020,.F.) ;
#6032=EDGE_CURVE('',#6024,#6031,#6029,.F.) ;
#6039=EDGE_CURVE('',#6031,#6038,#6036,.F.) ;
#6044=EDGE_CURVE('',#6038,#4941,#6043,.F.) ;
#6051=EDGE_CURVE('',#5975,#6050,#6048,.T.) ;
#6056=EDGE_CURVE('',#6050,#6022,#6055,.F.) ;
#6096=EDGE_CURVE('',#4655,#6095,#6093,.T.) ;
#6103=EDGE_CURVE('',#4657,#6102,#6100,.T.) ;
#6108=EDGE_CURVE('',#6095,#6102,#6107,.F.) ;
#6127=EDGE_CURVE('',#4664,#6126,#6124,.T.) ;
#6132=EDGE_CURVE('',#6126,#6095,#6131,.F.) ;
#6151=EDGE_CURVE('',#4671,#6150,#6148,.T.) ;
#6156=EDGE_CURVE('',#6150,#6126,#6155,.F.) ;
#6170=EDGE_CURVE('',#4678,#6169,#6167,.T.) ;
#6175=EDGE_CURVE('',#6169,#6150,#6174,.T.) ;
#6194=EDGE_CURVE('',#4685,#6193,#6191,.T.) ;
#6199=EDGE_CURVE('',#6193,#6169,#6198,.T.) ;
#6213=EDGE_CURVE('',#4692,#6212,#6210,.T.) ;
#6218=EDGE_CURVE('',#6212,#6193,#6217,.T.) ;
#6237=EDGE_CURVE('',#4699,#6236,#6234,.T.) ;
#6242=EDGE_CURVE('',#6236,#6212,#6241,.T.) ;
#6259=EDGE_CURVE('',#6102,#6236,#6258,.F.) ;
#6281=EDGE_CURVE('',#4740,#6280,#6272,.T.) ;
#6288=EDGE_CURVE('',#6287,#6280,#6285,.F.) ;
#6296=EDGE_CURVE('',#4738,#6287,#6289,.T.) ;
#6315=EDGE_CURVE('',#6314,#6287,#6312,.F.) ;
#6323=EDGE_CURVE('',#6314,#4747,#6316,.T.) ;
#6342=EDGE_CURVE('',#6341,#6314,#6339,.F.) ;
#6350=EDGE_CURVE('',#4754,#6341,#6343,.T.) ;
#6367=EDGE_CURVE('',#6280,#6341,#6366,.F.) ;
#6389=EDGE_CURVE('',#4774,#6388,#6380,.T.) ;
#6396=EDGE_CURVE('',#6395,#6388,#6393,.F.) ;
#6404=EDGE_CURVE('',#4772,#6395,#6397,.T.) ;
#6423=EDGE_CURVE('',#6422,#6395,#6420,.F.) ;
#6431=EDGE_CURVE('',#6422,#4781,#6424,.T.) ;
#6450=EDGE_CURVE('',#6449,#6422,#6447,.F.) ;
#6458=EDGE_CURVE('',#4788,#6449,#6451,.T.) ;
#6475=EDGE_CURVE('',#6388,#6449,#6474,.F.) ;
#6497=EDGE_CURVE('',#4808,#6496,#6488,.T.) ;
#6504=EDGE_CURVE('',#6503,#6496,#6501,.F.) ;
#6512=EDGE_CURVE('',#4806,#6503,#6505,.T.) ;
#6531=EDGE_CURVE('',#6530,#6503,#6528,.F.) ;
#6539=EDGE_CURVE('',#6530,#4815,#6532,.T.) ;
#6558=EDGE_CURVE('',#6557,#6530,#6555,.F.) ;
#6566=EDGE_CURVE('',#4822,#6557,#6559,.T.) ;
#6583=EDGE_CURVE('',#6496,#6557,#6582,.F.) ;
#6600=EDGE_CURVE('',#5921,#6038,#6599,.T.) ;
#6617=EDGE_CURVE('',#4974,#5723,#6616,.T.) ;
#6646=EDGE_CURVE('',#5000,#5655,#6645,.T.) ;
#6675=EDGE_CURVE('',#5026,#5587,#6674,.T.) ;
#6704=EDGE_CURVE('',#5052,#5524,#6703,.T.) ;
#6733=EDGE_CURVE('',#5078,#5461,#6732,.T.) ;
#6762=EDGE_CURVE('',#5104,#5393,#6761,.T.) ;
#6791=EDGE_CURVE('',#5130,#5325,#6790,.T.) ;
#6820=EDGE_CURVE('',#5156,#5257,#6819,.T.) ;
#6865=EDGE_CURVE('',#6862,#6864,#6860,.F.) ;
#6872=EDGE_CURVE('',#6871,#6862,#6869,.T.) ;
#6877=EDGE_CURVE('',#5900,#6871,#6876,.F.) ;
#6882=EDGE_CURVE('',#6022,#5902,#6881,.F.) ;
#6889=EDGE_CURVE('',#6888,#6050,#6886,.T.) ;
#6894=EDGE_CURVE('',#6864,#6888,#6893,.F.) ;
#6915=EDGE_CURVE('',#6871,#5987,#6914,.T.) ;
#6932=EDGE_CURVE('',#5928,#6031,#6931,.T.) ;
#6944=EDGE_CURVE('',#6024,#5935,#6943,.F.) ;
#6959=EDGE_CURVE('',#6956,#6958,#6954,.F.) ;
#6966=EDGE_CURVE('',#6965,#6956,#6963,.F.) ;
#6973=EDGE_CURVE('',#6972,#6965,#6970,.F.) ;
#6978=EDGE_CURVE('',#6958,#6972,#6977,.F.) ;
#7009=EDGE_CURVE('',#6864,#7008,#7006,.T.) ;
#7014=EDGE_CURVE('',#6888,#5968,#7013,.T.) ;
#7019=EDGE_CURVE('',#7008,#5966,#7018,.T.) ;
#7046=EDGE_CURVE('',#7045,#5994,#7043,.T.) ;
#7051=EDGE_CURVE('',#7045,#6862,#7050,.F.) ;
#7069=EDGE_CURVE('',#7045,#7008,#7068,.F.) ;
#7142=EDGE_CURVE('',#6956,#7141,#7139,.T.) ;
#7149=EDGE_CURVE('',#6958,#7148,#7146,.T.) ;
#7154=EDGE_CURVE('',#7141,#7148,#7153,.F.) ;
#7173=EDGE_CURVE('',#6965,#7172,#7170,.T.) ;
#7178=EDGE_CURVE('',#7172,#7141,#7177,.F.) ;
#7197=EDGE_CURVE('',#6972,#7196,#7194,.T.) ;
#7202=EDGE_CURVE('',#7196,#7172,#7201,.F.) ;
#7219=EDGE_CURVE('',#7148,#7196,#7218,.F.) ;
#7351=EDGE_CURVE('',#7348,#7350,#7334,.T.) ;
#7361=EDGE_CURVE('',#7348,#7360,#7352,.T.) ;
#7377=EDGE_CURVE('',#7360,#7376,#7362,.T.) ;
#7385=EDGE_CURVE('',#7350,#7376,#7378,.T.) ;
#7473=EDGE_CURVE('',#7360,#7348,#7466,.T.) ;
#7481=EDGE_CURVE('',#7376,#7350,#7474,.T.) ;
#7587=EDGE_CURVE('',#7350,#7586,#7572,.T.) ;
#7603=EDGE_CURVE('',#7376,#7602,#7588,.T.) ;
#7611=EDGE_CURVE('',#7586,#7602,#7604,.T.) ;
#7699=EDGE_CURVE('',#7602,#7586,#7692,.T.) ;
#7795=EDGE_CURVE('',#7586,#7794,#7780,.T.) ;
#7811=EDGE_CURVE('',#7602,#7810,#7796,.T.) ;
#7819=EDGE_CURVE('',#7794,#7810,#7812,.T.) ;
#7907=EDGE_CURVE('',#7810,#7794,#7900,.T.) ;
#96=EDGE_LOOP('',(#97,#98,#99,#100)) ;
#118=EDGE_LOOP('',(#119,#120,#121,#122)) ;
#186=EDGE_LOOP('',(#187,#188,#189,#190,#191,#192,#193,#194)) ;
#196=EDGE_LOOP('',(#197,#198)) ;
#206=EDGE_LOOP('',(#207,#208)) ;
#235=EDGE_LOOP('',(#236,#237,#238,#239)) ;
#259=EDGE_LOOP('',(#260,#261,#262,#263)) ;
#339=EDGE_LOOP('',(#340,#341,#342,#343,#344,#345,#346,#347,#348,#349,#350,#351)) ;
#371=EDGE_LOOP('',(#372,#373,#374,#375)) ;
#395=EDGE_LOOP('',(#396,#397,#398,#399)) ;
#419=EDGE_LOOP('',(#420,#421,#422,#423)) ;
#499=EDGE_LOOP('',(#500,#501,#502,#503,#504,#505,#506,#507,#508,#509,#510,#511)) ;
#524=EDGE_LOOP('',(#525,#526,#527,#528)) ;
#555=EDGE_LOOP('',(#556,#557,#558,#559,#560,#561,#562,#563)) ;
#642=EDGE_LOOP('',(#643,#644,#645,#646,#647,#648,#649,#650)) ;
#665=EDGE_LOOP('',(#666,#667,#668,#669)) ;
#715=EDGE_LOOP('',(#716,#717,#718,#719,#720,#721,#722,#723,#724)) ;
#744=EDGE_LOOP('',(#745,#746,#747,#748)) ;
#770=EDGE_LOOP('',(#771,#772,#773,#774,#775,#776,#777,#778,#779)) ;
#799=EDGE_LOOP('',(#800,#801,#802,#803)) ;
#837=EDGE_LOOP('',(#838,#839,#840,#841,#842,#843,#844,#845)) ;
#853=EDGE_LOOP('',(#854,#855,#856,#857)) ;
#931=EDGE_LOOP('',(#932,#933,#934,#935,#936,#937,#938,#939)) ;
#947=EDGE_LOOP('',(#948,#949,#950,#951)) ;
#959=EDGE_LOOP('',(#960,#961,#962,#963)) ;
#971=EDGE_LOOP('',(#972,#973,#974,#975)) ;
#983=EDGE_LOOP('',(#984,#985,#986,#987)) ;
#995=EDGE_LOOP('',(#996,#997,#998,#999)) ;
#1026=EDGE_LOOP('',(#1027,#1028,#1029,#1030)) ;
#1050=EDGE_LOOP('',(#1051,#1052,#1053,#1054)) ;
#1069=EDGE_LOOP('',(#1070,#1071,#1072,#1073)) ;
#1116=EDGE_LOOP('',(#1117,#1118,#1119,#1120,#1121,#1122,#1123,#1124,#1125,#1126,#1127,#1128)) ;
#1171=EDGE_LOOP('',(#1172,#1173,#1174,#1175,#1176,#1177,#1178,#1179,#1180,#1181,#1182,#1183)) ;
#1196=EDGE_LOOP('',(#1197,#1198,#1199,#1200)) ;
#1203=EDGE_LOOP('',(#1204,#1205,#1206,#1207)) ;
#1227=EDGE_LOOP('',(#1228,#1229,#1230,#1231)) ;
#1246=EDGE_LOOP('',(#1247,#1248,#1249,#1250)) ;
#1258=EDGE_LOOP('',(#1259,#1260,#1261,#1262)) ;
#1289=EDGE_LOOP('',(#1290,#1291,#1292,#1293,#1294,#1295,#1296,#1297)) ;
#1383=EDGE_LOOP('',(#1384,#1385,#1386,#1387,#1388,#1389,#1390,#1391,#1392)) ;
#1407=EDGE_LOOP('',(#1408,#1409,#1410,#1411)) ;
#1426=EDGE_LOOP('',(#1427,#1428,#1429,#1430,#1431,#1432,#1433,#1434)) ;
#1442=EDGE_LOOP('',(#1443,#1444,#1445,#1446)) ;
#1520=EDGE_LOOP('',(#1521,#1522,#1523,#1524,#1525,#1526,#1527,#1528)) ;
#1536=EDGE_LOOP('',(#1537,#1538,#1539,#1540)) ;
#1548=EDGE_LOOP('',(#1549,#1550,#1551,#1552)) ;
#1602=EDGE_LOOP('',(#1603,#1604,#1605,#1606,#1607,#1608,#1609,#1610,#1611,#1612,#1613,#1614)) ;
#1629=EDGE_LOOP('',(#1630,#1631,#1632,#1633)) ;
#1648=EDGE_LOOP('',(#1649,#1650,#1651,#1652)) ;
#1667=EDGE_LOOP('',(#1668,#1669,#1670,#1671)) ;
#1686=EDGE_LOOP('',(#1687,#1688,#1689,#1690)) ;
#1733=EDGE_LOOP('',(#1734,#1735,#1736,#1737,#1738,#1739,#1740,#1741,#1742,#1743,#1744,#1745)) ;
#1760=EDGE_LOOP('',(#1761,#1762,#1763,#1764)) ;
#1779=EDGE_LOOP('',(#1780,#1781,#1782,#1783)) ;
#1791=EDGE_LOOP('',(#1792,#1793,#1794,#1795)) ;
#1874=EDGE_LOOP('',(#1875,#1876,#1877,#1878,#1879,#1880,#1881,#1882)) ;
#1897=EDGE_LOOP('',(#1898,#1899,#1900,#1901)) ;
#1921=EDGE_LOOP('',(#1922,#1923,#1924,#1925,#1926,#1927,#1928,#1929,#1930)) ;
#1952=EDGE_LOOP('',(#1953,#1954,#1955,#1956,#1957,#1958,#1959,#1960)) ;
#1968=EDGE_LOOP('',(#1969,#1970,#1971,#1972)) ;
#2046=EDGE_LOOP('',(#2047,#2048,#2049,#2050,#2051,#2052,#2053,#2054)) ;
#2062=EDGE_LOOP('',(#2063,#2064,#2065,#2066)) ;
#2074=EDGE_LOOP('',(#2075,#2076,#2077,#2078)) ;
#2114=EDGE_LOOP('',(#2115,#2116,#2117,#2118,#2119,#2120)) ;
#2135=EDGE_LOOP('',(#2136,#2137,#2138,#2139)) ;
#2168=EDGE_LOOP('',(#2169,#2170,#2171,#2172,#2173,#2174)) ;
#2189=EDGE_LOOP('',(#2190,#2191,#2192,#2193,#2194,#2195,#2196,#2197)) ;
#2212=EDGE_LOOP('',(#2213,#2214,#2215,#2216,#2217,#2218,#2219,#2220)) ;
#2249=EDGE_LOOP('',(#2250,#2251,#2252,#2253,#2254,#2255)) ;
#2270=EDGE_LOOP('',(#2271,#2272,#2273,#2274)) ;
#2296=EDGE_LOOP('',(#2297,#2298,#2299,#2300,#2301,#2302)) ;
#2315=EDGE_LOOP('',(#2316,#2317,#2318,#2319)) ;
#2332=EDGE_LOOP('',(#2333,#2334,#2335,#2336)) ;
#2396=EDGE_LOOP('',(#2397,#2398,#2399,#2400,#2401,#2402,#2403,#2404)) ;
#2417=EDGE_LOOP('',(#2418,#2419,#2420,#2421)) ;
#2429=EDGE_LOOP('',(#2430,#2431,#2432,#2433)) ;
#2493=EDGE_LOOP('',(#2494,#2495,#2496,#2497,#2498,#2499,#2500,#2501)) ;
#2528=EDGE_LOOP('',(#2529,#2530,#2531,#2532,#2533,#2534)) ;
#2561=EDGE_LOOP('',(#2562,#2563,#2564,#2565)) ;
#2585=EDGE_LOOP('',(#2586,#2587,#2588,#2589)) ;
#2637=EDGE_LOOP('',(#2638,#2639,#2640,#2641,#2642,#2643,#2644,#2645,#2646,#2647)) ;
#2677=EDGE_LOOP('',(#2678,#2679,#2680,#2681)) ;
#2711=EDGE_LOOP('',(#2712,#2713,#2714,#2715)) ;
#2742=EDGE_LOOP('',(#2743,#2744,#2745,#2746,#2747,#2748)) ;
#2782=EDGE_LOOP('',(#2783,#2784,#2785,#2786,#2787,#2788)) ;
#2808=EDGE_LOOP('',(#2809,#2810,#2811,#2812)) ;
#2825=EDGE_LOOP('',(#2826,#2827,#2828,#2829)) ;
#2870=EDGE_LOOP('',(#2871,#2872,#2873,#2874,#2875,#2876)) ;
#2903=EDGE_LOOP('',(#2904,#2905,#2906,#2907)) ;
#2920=EDGE_LOOP('',(#2921,#2922,#2923,#2924)) ;
#2951=EDGE_LOOP('',(#2952,#2953,#2954,#2955)) ;
#2968=EDGE_LOOP('',(#2969,#2970,#2971,#2972)) ;
#2992=EDGE_LOOP('',(#2993,#2994,#2995,#2996)) ;
#3065=EDGE_LOOP('',(#3066,#3067,#3068,#3069,#3070,#3071,#3072,#3073,#3074,#3075,#3076,#3077)) ;
#3135=EDGE_LOOP('',(#3136,#3137,#3138,#3139,#3140,#3141,#3142,#3143)) ;
#3170=EDGE_LOOP('',(#3171,#3172,#3173,#3174)) ;
#3194=EDGE_LOOP('',(#3195,#3196,#3197,#3198)) ;
#3218=EDGE_LOOP('',(#3219,#3220,#3221,#3222)) ;
#3235=EDGE_LOOP('',(#3236,#3237,#3238,#3239)) ;
#3261=EDGE_LOOP('',(#3262,#3263,#3264,#3265)) ;
#3285=EDGE_LOOP('',(#3286,#3287,#3288,#3289)) ;
#3304=EDGE_LOOP('',(#3305,#3306,#3307,#3308)) ;
#3321=EDGE_LOOP('',(#3322,#3323,#3324,#3325)) ;
#3333=EDGE_LOOP('',(#3334,#3335,#3336)) ;
#3401=EDGE_LOOP('',(#3402,#3403,#3404,#3405,#3406,#3407,#3408,#3409,#3410,#3411,#3412,#3413,#3414,#3415)) ;
#3445=EDGE_LOOP('',(#3446,#3447,#3448,#3449)) ;
#3479=EDGE_LOOP('',(#3480,#3481,#3482,#3483)) ;
#3496=EDGE_LOOP('',(#3497,#3498,#3499,#3500)) ;
#3520=EDGE_LOOP('',(#3521,#3522,#3523,#3524)) ;
#3532=EDGE_LOOP('',(#3533,#3534,#3535)) ;
#3548=EDGE_LOOP('',(#3549,#3550,#3551,#3552)) ;
#3614=EDGE_LOOP('',(#3615,#3616,#3617,#3618,#3619,#3620,#3621,#3622,#3623,#3624,#3625)) ;
#3645=EDGE_LOOP('',(#3646,#3647,#3648,#3649)) ;
#3704=EDGE_LOOP('',(#3705,#3706,#3707,#3708,#3709,#3710,#3711,#3712,#3713,#3714,#3715)) ;
#3728=EDGE_LOOP('',(#3729,#3730,#3731,#3732)) ;
#3745=EDGE_LOOP('',(#3746,#3747,#3748,#3749)) ;
#3757=EDGE_LOOP('',(#3758,#3759,#3760,#3761)) ;
#3769=EDGE_LOOP('',(#3770,#3771,#3772,#3773)) ;
#3793=EDGE_LOOP('',(#3794,#3795,#3796,#3797)) ;
#3817=EDGE_LOOP('',(#3818,#3819,#3820,#3821)) ;
#3834=EDGE_LOOP('',(#3835,#3836,#3837,#3838)) ;
#3865=EDGE_LOOP('',(#3866,#3867,#3868,#3869)) ;
#3903=EDGE_LOOP('',(#3904,#3905,#3906,#3907,#3908,#3909)) ;
#3929=EDGE_LOOP('',(#3930,#3931,#3932,#3933)) ;
#4177=EDGE_LOOP('',(#4178,#4179,#4180,#4181,#4182,#4183,#4184,#4185,#4186,#4187,#4188,#4189,#4190,#4191,#4192,#4193,#4194,#4195,#4196,#4197,#4198,#4199,#4200,#4201,#4202,#4203,#4204,#4205,#4206,#4207,#4208,#4209,#4210,#4211,#4212,#4213)) ;
#4243=EDGE_LOOP('',(#4244,#4245,#4246,#4247)) ;
#4267=EDGE_LOOP('',(#4268,#4269,#4270,#4271)) ;
#4305=EDGE_LOOP('',(#4306,#4307,#4308,#4309,#4310,#4311)) ;
#4331=EDGE_LOOP('',(#4332,#4333,#4334,#4335)) ;
#4376=EDGE_LOOP('',(#4377,#4378,#4379,#4380,#4381,#4382,#4383,#4384)) ;
#4392=EDGE_LOOP('',(#4393,#4394,#4395,#4396)) ;
#4399=EDGE_LOOP('',(#4400,#4401,#4402,#4403)) ;
#4416=EDGE_LOOP('',(#4417,#4418,#4419,#4420)) ;
#4428=EDGE_LOOP('',(#4429,#4430,#4431,#4432)) ;
#4459=EDGE_LOOP('',(#4460,#4461,#4462,#4463)) ;
#4483=EDGE_LOOP('',(#4484,#4485,#4486,#4487)) ;
#4507=EDGE_LOOP('',(#4508,#4509,#4510,#4511)) ;
#4524=EDGE_LOOP('',(#4525,#4526,#4527,#4528)) ;
#4550=EDGE_LOOP('',(#4551,#4552,#4553,#4554)) ;
#4574=EDGE_LOOP('',(#4575,#4576,#4577,#4578)) ;
#4593=EDGE_LOOP('',(#4594,#4595,#4596,#4597)) ;
#4610=EDGE_LOOP('',(#4611,#4612,#4613,#4614)) ;
#4627=EDGE_LOOP('',(#4628,#4629,#4630,#4631)) ;
#4644=EDGE_LOOP('',(#4645,#4646,#4647,#4648)) ;
#4706=EDGE_LOOP('',(#4707,#4708,#4709,#4710,#4711,#4712,#4713,#4714)) ;
#4727=EDGE_LOOP('',(#4728,#4729,#4730,#4731)) ;
#4761=EDGE_LOOP('',(#4762,#4763,#4764,#4765)) ;
#4795=EDGE_LOOP('',(#4796,#4797,#4798,#4799)) ;
#4829=EDGE_LOOP('',(#4830,#4831,#4832,#4833)) ;
#4846=EDGE_LOOP('',(#4847,#4848,#4849,#4850)) ;
#4863=EDGE_LOOP('',(#4864,#4865,#4866,#4867)) ;
#4875=EDGE_LOOP('',(#4876,#4877,#4878,#4879)) ;
#4899=EDGE_LOOP('',(#4900,#4901,#4902,#4903,#4904)) ;
#4924=EDGE_LOOP('',(#4925,#4926,#4927,#4928)) ;
#5170=EDGE_LOOP('',(#5171,#5172,#5173,#5174,#5175,#5176,#5177,#5178,#5179,#5180,#5181,#5182,#5183,#5184,#5185,#5186,#5187,#5188,#5189,#5190,#5191,#5192,#5193,#5194,#5195,#5196,#5197,#5198,#5199,#5200,#5201,#5202,#5203,#5204,#5205,#5206,#5207,#5208,#5209,#5210,#5211,#5212,#5213,#5214,#5215,#5216,#5217,#5218,#5219,#5220)) ;
#5240=EDGE_LOOP('',(#5241,#5242,#5243,#5244)) ;
#5271=EDGE_LOOP('',(#5272,#5273,#5274,#5275,#5276)) ;
#5289=EDGE_LOOP('',(#5290,#5291,#5292,#5293)) ;
#5313=EDGE_LOOP('',(#5314,#5315,#5316,#5317)) ;
#5339=EDGE_LOOP('',(#5340,#5341,#5342,#5343,#5344)) ;
#5357=EDGE_LOOP('',(#5358,#5359,#5360,#5361)) ;
#5381=EDGE_LOOP('',(#5382,#5383,#5384,#5385)) ;
#5407=EDGE_LOOP('',(#5408,#5409,#5410,#5411,#5412)) ;
#5425=EDGE_LOOP('',(#5426,#5427,#5428,#5429)) ;
#5449=EDGE_LOOP('',(#5450,#5451,#5452,#5453)) ;
#5475=EDGE_LOOP('',(#5476,#5477,#5478,#5479,#5480)) ;
#5488=EDGE_LOOP('',(#5489,#5490,#5491,#5492)) ;
#5512=EDGE_LOOP('',(#5513,#5514,#5515,#5516)) ;
#5538=EDGE_LOOP('',(#5539,#5540,#5541,#5542,#5543)) ;
#5551=EDGE_LOOP('',(#5552,#5553,#5554,#5555)) ;
#5575=EDGE_LOOP('',(#5576,#5577,#5578,#5579)) ;
#5601=EDGE_LOOP('',(#5602,#5603,#5604,#5605,#5606)) ;
#5619=EDGE_LOOP('',(#5620,#5621,#5622,#5623)) ;
#5643=EDGE_LOOP('',(#5644,#5645,#5646,#5647)) ;
#5669=EDGE_LOOP('',(#5670,#5671,#5672,#5673,#5674)) ;
#5687=EDGE_LOOP('',(#5688,#5689,#5690,#5691)) ;
#5711=EDGE_LOOP('',(#5712,#5713,#5714,#5715)) ;
#5737=EDGE_LOOP('',(#5738,#5739,#5740,#5741,#5742)) ;
#5755=EDGE_LOOP('',(#5756,#5757,#5758,#5759)) ;
#5786=EDGE_LOOP('',(#5787,#5788,#5789,#5790)) ;
#5810=EDGE_LOOP('',(#5811,#5812,#5813,#5814)) ;
#5834=EDGE_LOOP('',(#5835,#5836,#5837,#5838)) ;
#5851=EDGE_LOOP('',(#5852,#5853,#5854,#5855)) ;
#5870=EDGE_LOOP('',(#5871,#5872,#5873,#5874)) ;
#5882=EDGE_LOOP('',(#5883,#5884,#5885,#5886,#5887)) ;
#5942=EDGE_LOOP('',(#5943,#5944,#5945,#5946,#5947,#5948,#5949,#5950,#5951,#5952,#5953)) ;
#6001=EDGE_LOOP('',(#6002,#6003,#6004,#6005,#6006,#6007,#6008,#6009)) ;
#6057=EDGE_LOOP('',(#6058,#6059,#6060,#6061,#6062,#6063,#6064,#6065,#6066,#6067,#6068)) ;
#6071=EDGE_LOOP('',(#6072,#6073,#6074,#6075)) ;
#6078=EDGE_LOOP('',(#6079,#6080,#6081,#6082)) ;
#6109=EDGE_LOOP('',(#6110,#6111,#6112,#6113)) ;
#6133=EDGE_LOOP('',(#6134,#6135,#6136,#6137)) ;
#6157=EDGE_LOOP('',(#6158,#6159,#6160,#6161)) ;
#6176=EDGE_LOOP('',(#6177,#6178,#6179,#6180)) ;
#6200=EDGE_LOOP('',(#6201,#6202,#6203,#6204)) ;
#6219=EDGE_LOOP('',(#6220,#6221,#6222,#6223)) ;
#6243=EDGE_LOOP('',(#6244,#6245,#6246,#6247)) ;
#6260=EDGE_LOOP('',(#6261,#6262,#6263,#6264)) ;
#6297=EDGE_LOOP('',(#6298,#6299,#6300,#6301)) ;
#6324=EDGE_LOOP('',(#6325,#6326,#6327,#6328)) ;
#6351=EDGE_LOOP('',(#6352,#6353,#6354,#6355)) ;
#6368=EDGE_LOOP('',(#6369,#6370,#6371,#6372)) ;
#6405=EDGE_LOOP('',(#6406,#6407,#6408,#6409)) ;
#6432=EDGE_LOOP('',(#6433,#6434,#6435,#6436)) ;
#6459=EDGE_LOOP('',(#6460,#6461,#6462,#6463)) ;
#6476=EDGE_LOOP('',(#6477,#6478,#6479,#6480)) ;
#6513=EDGE_LOOP('',(#6514,#6515,#6516,#6517)) ;
#6540=EDGE_LOOP('',(#6541,#6542,#6543,#6544)) ;
#6567=EDGE_LOOP('',(#6568,#6569,#6570,#6571)) ;
#6584=EDGE_LOOP('',(#6585,#6586,#6587,#6588)) ;
#6601=EDGE_LOOP('',(#6602,#6603,#6604,#6605)) ;
#6618=EDGE_LOOP('',(#6619,#6620,#6621,#6622)) ;
#6630=EDGE_LOOP('',(#6631,#6632,#6633,#6634)) ;
#6647=EDGE_LOOP('',(#6648,#6649,#6650,#6651)) ;
#6659=EDGE_LOOP('',(#6660,#6661,#6662,#6663)) ;
#6676=EDGE_LOOP('',(#6677,#6678,#6679,#6680)) ;
#6688=EDGE_LOOP('',(#6689,#6690,#6691,#6692)) ;
#6705=EDGE_LOOP('',(#6706,#6707,#6708,#6709)) ;
#6717=EDGE_LOOP('',(#6718,#6719,#6720,#6721)) ;
#6734=EDGE_LOOP('',(#6735,#6736,#6737,#6738)) ;
#6746=EDGE_LOOP('',(#6747,#6748,#6749,#6750)) ;
#6763=EDGE_LOOP('',(#6764,#6765,#6766,#6767)) ;
#6775=EDGE_LOOP('',(#6776,#6777,#6778,#6779)) ;
#6792=EDGE_LOOP('',(#6793,#6794,#6795,#6796)) ;
#6804=EDGE_LOOP('',(#6805,#6806,#6807,#6808)) ;
#6821=EDGE_LOOP('',(#6822,#6823,#6824,#6825)) ;
#6833=EDGE_LOOP('',(#6834,#6835,#6836,#6837)) ;
#6845=EDGE_LOOP('',(#6846,#6847,#6848,#6849)) ;
#6895=EDGE_LOOP('',(#6896,#6897,#6898,#6899,#6900,#6901,#6902,#6903)) ;
#6916=EDGE_LOOP('',(#6917,#6918,#6919,#6920)) ;
#6933=EDGE_LOOP('',(#6934,#6935,#6936,#6937)) ;
#6945=EDGE_LOOP('',(#6946,#6947,#6948,#6949)) ;
#6979=EDGE_LOOP('',(#6980,#6981,#6982,#6983)) ;
#6991=EDGE_LOOP('',(#6992,#6993,#6994,#6995)) ;
#7020=EDGE_LOOP('',(#7021,#7022,#7023,#7024,#7025)) ;
#7028=EDGE_LOOP('',(#7029,#7030,#7031,#7032)) ;
#7052=EDGE_LOOP('',(#7053,#7054,#7055,#7056,#7057)) ;
#7070=EDGE_LOOP('',(#7071,#7072,#7073,#7074)) ;
#7082=EDGE_LOOP('',(#7083,#7084,#7085,#7086,#7087,#7088,#7089,#7090)) ;
#7098=EDGE_LOOP('',(#7099,#7100,#7101,#7102)) ;
#7105=EDGE_LOOP('',(#7106,#7107,#7108,#7109)) ;
#7112=EDGE_LOOP('',(#7113,#7114,#7115,#7116)) ;
#7124=EDGE_LOOP('',(#7125,#7126,#7127,#7128)) ;
#7155=EDGE_LOOP('',(#7156,#7157,#7158,#7159)) ;
#7179=EDGE_LOOP('',(#7180,#7181,#7182,#7183)) ;
#7203=EDGE_LOOP('',(#7204,#7205,#7206,#7207)) ;
#7220=EDGE_LOOP('',(#7221,#7222,#7223,#7224)) ;
#7227=EDGE_LOOP('',(#7228,#7229,#7230,#7231)) ;
#7386=EDGE_LOOP('',(#7387,#7388,#7389,#7390)) ;
#7482=EDGE_LOOP('',(#7483,#7484,#7485,#7486)) ;
#7494=EDGE_LOOP('',(#7495,#7496)) ;
#7612=EDGE_LOOP('',(#7613,#7614,#7615,#7616)) ;
#7700=EDGE_LOOP('',(#7701,#7702,#7703,#7704)) ;
#7820=EDGE_LOOP('',(#7821,#7822,#7823,#7824)) ;
#7908=EDGE_LOOP('',(#7909,#7910,#7911,#7912)) ;
#7920=EDGE_LOOP('',(#7921,#7922)) ;
#101=FACE_OUTER_BOUND('',#96,.T.) ;
#123=FACE_OUTER_BOUND('',#118,.T.) ;
#195=FACE_OUTER_BOUND('',#186,.T.) ;
#209=FACE_OUTER_BOUND('',#206,.T.) ;
#240=FACE_OUTER_BOUND('',#235,.T.) ;
#264=FACE_OUTER_BOUND('',#259,.T.) ;
#352=FACE_OUTER_BOUND('',#339,.T.) ;
#376=FACE_OUTER_BOUND('',#371,.T.) ;
#400=FACE_OUTER_BOUND('',#395,.T.) ;
#424=FACE_OUTER_BOUND('',#419,.T.) ;
#512=FACE_OUTER_BOUND('',#499,.T.) ;
#529=FACE_OUTER_BOUND('',#524,.T.) ;
#564=FACE_OUTER_BOUND('',#555,.T.) ;
#651=FACE_OUTER_BOUND('',#642,.T.) ;
#670=FACE_OUTER_BOUND('',#665,.T.) ;
#725=FACE_OUTER_BOUND('',#715,.T.) ;
#749=FACE_OUTER_BOUND('',#744,.T.) ;
#780=FACE_OUTER_BOUND('',#770,.T.) ;
#804=FACE_OUTER_BOUND('',#799,.T.) ;
#846=FACE_OUTER_BOUND('',#837,.T.) ;
#858=FACE_OUTER_BOUND('',#853,.T.) ;
#940=FACE_OUTER_BOUND('',#931,.T.) ;
#952=FACE_OUTER_BOUND('',#947,.T.) ;
#964=FACE_OUTER_BOUND('',#959,.T.) ;
#976=FACE_OUTER_BOUND('',#971,.T.) ;
#988=FACE_OUTER_BOUND('',#983,.T.) ;
#1000=FACE_OUTER_BOUND('',#995,.T.) ;
#1031=FACE_OUTER_BOUND('',#1026,.T.) ;
#1055=FACE_OUTER_BOUND('',#1050,.T.) ;
#1074=FACE_OUTER_BOUND('',#1069,.T.) ;
#1129=FACE_OUTER_BOUND('',#1116,.T.) ;
#1184=FACE_OUTER_BOUND('',#1171,.T.) ;
#1201=FACE_OUTER_BOUND('',#1196,.T.) ;
#1208=FACE_OUTER_BOUND('',#1203,.T.) ;
#1232=FACE_OUTER_BOUND('',#1227,.T.) ;
#1251=FACE_OUTER_BOUND('',#1246,.T.) ;
#1263=FACE_OUTER_BOUND('',#1258,.T.) ;
#1298=FACE_OUTER_BOUND('',#1289,.T.) ;
#1393=FACE_OUTER_BOUND('',#1383,.T.) ;
#1412=FACE_OUTER_BOUND('',#1407,.T.) ;
#1435=FACE_OUTER_BOUND('',#1426,.T.) ;
#1447=FACE_OUTER_BOUND('',#1442,.T.) ;
#1529=FACE_OUTER_BOUND('',#1520,.T.) ;
#1541=FACE_OUTER_BOUND('',#1536,.T.) ;
#1553=FACE_OUTER_BOUND('',#1548,.T.) ;
#1615=FACE_OUTER_BOUND('',#1602,.T.) ;
#1634=FACE_OUTER_BOUND('',#1629,.T.) ;
#1653=FACE_OUTER_BOUND('',#1648,.T.) ;
#1672=FACE_OUTER_BOUND('',#1667,.T.) ;
#1691=FACE_OUTER_BOUND('',#1686,.T.) ;
#1746=FACE_OUTER_BOUND('',#1733,.T.) ;
#1765=FACE_OUTER_BOUND('',#1760,.T.) ;
#1784=FACE_OUTER_BOUND('',#1779,.T.) ;
#1796=FACE_OUTER_BOUND('',#1791,.T.) ;
#1883=FACE_OUTER_BOUND('',#1874,.T.) ;
#1902=FACE_OUTER_BOUND('',#1897,.T.) ;
#1931=FACE_OUTER_BOUND('',#1921,.T.) ;
#1961=FACE_OUTER_BOUND('',#1952,.T.) ;
#1973=FACE_OUTER_BOUND('',#1968,.T.) ;
#2055=FACE_OUTER_BOUND('',#2046,.T.) ;
#2067=FACE_OUTER_BOUND('',#2062,.T.) ;
#2079=FACE_OUTER_BOUND('',#2074,.T.) ;
#2121=FACE_OUTER_BOUND('',#2114,.T.) ;
#2140=FACE_OUTER_BOUND('',#2135,.T.) ;
#2175=FACE_OUTER_BOUND('',#2168,.T.) ;
#2198=FACE_OUTER_BOUND('',#2189,.T.) ;
#2221=FACE_OUTER_BOUND('',#2212,.T.) ;
#2256=FACE_OUTER_BOUND('',#2249,.T.) ;
#2275=FACE_OUTER_BOUND('',#2270,.T.) ;
#2303=FACE_OUTER_BOUND('',#2296,.T.) ;
#2320=FACE_OUTER_BOUND('',#2315,.T.) ;
#2337=FACE_OUTER_BOUND('',#2332,.T.) ;
#2405=FACE_OUTER_BOUND('',#2396,.T.) ;
#2422=FACE_OUTER_BOUND('',#2417,.T.) ;
#2434=FACE_OUTER_BOUND('',#2429,.T.) ;
#2502=FACE_OUTER_BOUND('',#2493,.T.) ;
#2535=FACE_OUTER_BOUND('',#2528,.T.) ;
#2566=FACE_OUTER_BOUND('',#2561,.T.) ;
#2590=FACE_OUTER_BOUND('',#2585,.T.) ;
#2648=FACE_OUTER_BOUND('',#2637,.T.) ;
#2749=FACE_OUTER_BOUND('',#2742,.T.) ;
#2789=FACE_OUTER_BOUND('',#2782,.T.) ;
#2813=FACE_OUTER_BOUND('',#2808,.T.) ;
#2830=FACE_OUTER_BOUND('',#2825,.T.) ;
#2877=FACE_OUTER_BOUND('',#2870,.T.) ;
#2908=FACE_OUTER_BOUND('',#2903,.T.) ;
#2925=FACE_OUTER_BOUND('',#2920,.T.) ;
#2956=FACE_OUTER_BOUND('',#2951,.T.) ;
#2973=FACE_OUTER_BOUND('',#2968,.T.) ;
#2997=FACE_OUTER_BOUND('',#2992,.T.) ;
#3078=FACE_OUTER_BOUND('',#3065,.T.) ;
#3175=FACE_OUTER_BOUND('',#3170,.T.) ;
#3199=FACE_OUTER_BOUND('',#3194,.T.) ;
#3223=FACE_OUTER_BOUND('',#3218,.T.) ;
#3240=FACE_OUTER_BOUND('',#3235,.T.) ;
#3266=FACE_OUTER_BOUND('',#3261,.T.) ;
#3290=FACE_OUTER_BOUND('',#3285,.T.) ;
#3309=FACE_OUTER_BOUND('',#3304,.T.) ;
#3326=FACE_OUTER_BOUND('',#3321,.T.) ;
#3337=FACE_OUTER_BOUND('',#3333,.T.) ;
#3416=FACE_OUTER_BOUND('',#3401,.T.) ;
#3501=FACE_OUTER_BOUND('',#3496,.T.) ;
#3525=FACE_OUTER_BOUND('',#3520,.T.) ;
#3536=FACE_OUTER_BOUND('',#3532,.T.) ;
#3553=FACE_OUTER_BOUND('',#3548,.T.) ;
#3626=FACE_OUTER_BOUND('',#3614,.T.) ;
#3650=FACE_OUTER_BOUND('',#3645,.T.) ;
#3716=FACE_OUTER_BOUND('',#3704,.T.) ;
#3733=FACE_OUTER_BOUND('',#3728,.T.) ;
#3750=FACE_OUTER_BOUND('',#3745,.T.) ;
#3762=FACE_OUTER_BOUND('',#3757,.T.) ;
#3774=FACE_OUTER_BOUND('',#3769,.T.) ;
#3798=FACE_OUTER_BOUND('',#3793,.T.) ;
#3822=FACE_OUTER_BOUND('',#3817,.T.) ;
#3839=FACE_OUTER_BOUND('',#3834,.T.) ;
#3870=FACE_OUTER_BOUND('',#3865,.T.) ;
#3910=FACE_OUTER_BOUND('',#3903,.T.) ;
#3934=FACE_OUTER_BOUND('',#3929,.T.) ;
#4214=FACE_OUTER_BOUND('',#4177,.T.) ;
#4272=FACE_OUTER_BOUND('',#4267,.T.) ;
#4312=FACE_OUTER_BOUND('',#4305,.T.) ;
#4336=FACE_OUTER_BOUND('',#4331,.T.) ;
#4385=FACE_OUTER_BOUND('',#4376,.T.) ;
#4397=FACE_OUTER_BOUND('',#4392,.T.) ;
#4404=FACE_OUTER_BOUND('',#4399,.T.) ;
#4421=FACE_OUTER_BOUND('',#4416,.T.) ;
#4433=FACE_OUTER_BOUND('',#4428,.T.) ;
#4464=FACE_OUTER_BOUND('',#4459,.T.) ;
#4488=FACE_OUTER_BOUND('',#4483,.T.) ;
#4512=FACE_OUTER_BOUND('',#4507,.T.) ;
#4529=FACE_OUTER_BOUND('',#4524,.T.) ;
#4555=FACE_OUTER_BOUND('',#4550,.T.) ;
#4579=FACE_OUTER_BOUND('',#4574,.T.) ;
#4598=FACE_OUTER_BOUND('',#4593,.T.) ;
#4615=FACE_OUTER_BOUND('',#4610,.T.) ;
#4632=FACE_OUTER_BOUND('',#4627,.T.) ;
#4649=FACE_OUTER_BOUND('',#4644,.T.) ;
#4732=FACE_OUTER_BOUND('',#4727,.T.) ;
#4851=FACE_OUTER_BOUND('',#4846,.T.) ;
#4868=FACE_OUTER_BOUND('',#4863,.T.) ;
#4880=FACE_OUTER_BOUND('',#4875,.T.) ;
#4905=FACE_OUTER_BOUND('',#4899,.T.) ;
#4929=FACE_OUTER_BOUND('',#4924,.T.) ;
#5221=FACE_OUTER_BOUND('',#5170,.T.) ;
#5245=FACE_OUTER_BOUND('',#5240,.T.) ;
#5277=FACE_OUTER_BOUND('',#5271,.T.) ;
#5294=FACE_OUTER_BOUND('',#5289,.T.) ;
#5318=FACE_OUTER_BOUND('',#5313,.T.) ;
#5345=FACE_OUTER_BOUND('',#5339,.T.) ;
#5362=FACE_OUTER_BOUND('',#5357,.T.) ;
#5386=FACE_OUTER_BOUND('',#5381,.T.) ;
#5413=FACE_OUTER_BOUND('',#5407,.T.) ;
#5430=FACE_OUTER_BOUND('',#5425,.T.) ;
#5454=FACE_OUTER_BOUND('',#5449,.T.) ;
#5481=FACE_OUTER_BOUND('',#5475,.T.) ;
#5493=FACE_OUTER_BOUND('',#5488,.T.) ;
#5517=FACE_OUTER_BOUND('',#5512,.T.) ;
#5544=FACE_OUTER_BOUND('',#5538,.T.) ;
#5556=FACE_OUTER_BOUND('',#5551,.T.) ;
#5580=FACE_OUTER_BOUND('',#5575,.T.) ;
#5607=FACE_OUTER_BOUND('',#5601,.T.) ;
#5624=FACE_OUTER_BOUND('',#5619,.T.) ;
#5648=FACE_OUTER_BOUND('',#5643,.T.) ;
#5675=FACE_OUTER_BOUND('',#5669,.T.) ;
#5692=FACE_OUTER_BOUND('',#5687,.T.) ;
#5716=FACE_OUTER_BOUND('',#5711,.T.) ;
#5743=FACE_OUTER_BOUND('',#5737,.T.) ;
#5760=FACE_OUTER_BOUND('',#5755,.T.) ;
#5791=FACE_OUTER_BOUND('',#5786,.T.) ;
#5815=FACE_OUTER_BOUND('',#5810,.T.) ;
#5839=FACE_OUTER_BOUND('',#5834,.T.) ;
#5856=FACE_OUTER_BOUND('',#5851,.T.) ;
#5875=FACE_OUTER_BOUND('',#5870,.T.) ;
#5888=FACE_OUTER_BOUND('',#5882,.T.) ;
#5954=FACE_OUTER_BOUND('',#5942,.T.) ;
#6010=FACE_OUTER_BOUND('',#6001,.T.) ;
#6069=FACE_OUTER_BOUND('',#6057,.T.) ;
#6076=FACE_OUTER_BOUND('',#6071,.T.) ;
#6083=FACE_OUTER_BOUND('',#6078,.T.) ;
#6114=FACE_OUTER_BOUND('',#6109,.T.) ;
#6138=FACE_OUTER_BOUND('',#6133,.T.) ;
#6162=FACE_OUTER_BOUND('',#6157,.T.) ;
#6181=FACE_OUTER_BOUND('',#6176,.T.) ;
#6205=FACE_OUTER_BOUND('',#6200,.T.) ;
#6224=FACE_OUTER_BOUND('',#6219,.T.) ;
#6248=FACE_OUTER_BOUND('',#6243,.T.) ;
#6265=FACE_OUTER_BOUND('',#6260,.T.) ;
#6302=FACE_OUTER_BOUND('',#6297,.T.) ;
#6329=FACE_OUTER_BOUND('',#6324,.T.) ;
#6356=FACE_OUTER_BOUND('',#6351,.T.) ;
#6373=FACE_OUTER_BOUND('',#6368,.T.) ;
#6410=FACE_OUTER_BOUND('',#6405,.T.) ;
#6437=FACE_OUTER_BOUND('',#6432,.T.) ;
#6464=FACE_OUTER_BOUND('',#6459,.T.) ;
#6481=FACE_OUTER_BOUND('',#6476,.T.) ;
#6518=FACE_OUTER_BOUND('',#6513,.T.) ;
#6545=FACE_OUTER_BOUND('',#6540,.T.) ;
#6572=FACE_OUTER_BOUND('',#6567,.T.) ;
#6589=FACE_OUTER_BOUND('',#6584,.T.) ;
#6606=FACE_OUTER_BOUND('',#6601,.T.) ;
#6623=FACE_OUTER_BOUND('',#6618,.T.) ;
#6635=FACE_OUTER_BOUND('',#6630,.T.) ;
#6652=FACE_OUTER_BOUND('',#6647,.T.) ;
#6664=FACE_OUTER_BOUND('',#6659,.T.) ;
#6681=FACE_OUTER_BOUND('',#6676,.T.) ;
#6693=FACE_OUTER_BOUND('',#6688,.T.) ;
#6710=FACE_OUTER_BOUND('',#6705,.T.) ;
#6722=FACE_OUTER_BOUND('',#6717,.T.) ;
#6739=FACE_OUTER_BOUND('',#6734,.T.) ;
#6751=FACE_OUTER_BOUND('',#6746,.T.) ;
#6768=FACE_OUTER_BOUND('',#6763,.T.) ;
#6780=FACE_OUTER_BOUND('',#6775,.T.) ;
#6797=FACE_OUTER_BOUND('',#6792,.T.) ;
#6809=FACE_OUTER_BOUND('',#6804,.T.) ;
#6826=FACE_OUTER_BOUND('',#6821,.T.) ;
#6838=FACE_OUTER_BOUND('',#6833,.T.) ;
#6850=FACE_OUTER_BOUND('',#6845,.T.) ;
#6904=FACE_OUTER_BOUND('',#6895,.T.) ;
#6921=FACE_OUTER_BOUND('',#6916,.T.) ;
#6938=FACE_OUTER_BOUND('',#6933,.T.) ;
#6950=FACE_OUTER_BOUND('',#6945,.T.) ;
#6996=FACE_OUTER_BOUND('',#6991,.T.) ;
#7026=FACE_OUTER_BOUND('',#7020,.T.) ;
#7033=FACE_OUTER_BOUND('',#7028,.T.) ;
#7058=FACE_OUTER_BOUND('',#7052,.T.) ;
#7075=FACE_OUTER_BOUND('',#7070,.T.) ;
#7091=FACE_OUTER_BOUND('',#7082,.T.) ;
#7103=FACE_OUTER_BOUND('',#7098,.T.) ;
#7110=FACE_OUTER_BOUND('',#7105,.T.) ;
#7117=FACE_OUTER_BOUND('',#7112,.T.) ;
#7129=FACE_OUTER_BOUND('',#7124,.T.) ;
#7160=FACE_OUTER_BOUND('',#7155,.T.) ;
#7184=FACE_OUTER_BOUND('',#7179,.T.) ;
#7208=FACE_OUTER_BOUND('',#7203,.T.) ;
#7225=FACE_OUTER_BOUND('',#7220,.T.) ;
#7232=FACE_OUTER_BOUND('',#7227,.T.) ;
#7391=FACE_OUTER_BOUND('',#7386,.T.) ;
#7487=FACE_OUTER_BOUND('',#7482,.T.) ;
#7497=FACE_OUTER_BOUND('',#7494,.T.) ;
#7617=FACE_OUTER_BOUND('',#7612,.T.) ;
#7705=FACE_OUTER_BOUND('',#7700,.T.) ;
#7825=FACE_OUTER_BOUND('',#7820,.T.) ;
#7913=FACE_OUTER_BOUND('',#7908,.T.) ;
#7923=FACE_OUTER_BOUND('',#7920,.T.) ;
#50=UNCERTAINTY_MEASURE_WITH_UNIT(LENGTH_MEASURE(0.005),#46,'distance_accuracy_value','CONFUSED CURVE UNCERTAINTY') ;
#52=UNCERTAINTY_MEASURE_WITH_UNIT(LENGTH_MEASURE(0.005),#46,'distance_accuracy_value','CONFUSED CURVE UNCERTAINTY') ;
#7250=UNCERTAINTY_MEASURE_WITH_UNIT(LENGTH_MEASURE(0.005),#46,'distance_accuracy_value','CONFUSED CURVE UNCERTAINTY') ;
#7941=UNCERTAINTY_MEASURE_WITH_UNIT(LENGTH_MEASURE(0.005),#46,'distance_accuracy_value','CONFUSED CURVE UNCERTAINTY') ;
#71=LINE('Line',#68,#70) ;
#87=LINE('Line',#84,#86) ;
#133=LINE('Line',#130,#132) ;
#149=LINE('Line',#146,#148) ;
#163=LINE('Line',#160,#162) ;
#177=LINE('Line',#174,#176) ;
#219=LINE('Line',#216,#218) ;
#228=LINE('Line',#225,#227) ;
#233=LINE('Line',#230,#232) ;
#250=LINE('Line',#247,#249) ;
#274=LINE('Line',#271,#273) ;
#283=LINE('Line',#280,#282) ;
#290=LINE('Line',#287,#289) ;
#297=LINE('Line',#294,#296) ;
#304=LINE('Line',#301,#303) ;
#311=LINE('Line',#308,#310) ;
#316=LINE('Line',#313,#315) ;
#323=LINE('Line',#320,#322) ;
#330=LINE('Line',#327,#329) ;
#337=LINE('Line',#334,#336) ;
#362=LINE('Line',#359,#361) ;
#386=LINE('Line',#383,#385) ;
#393=LINE('Line',#390,#392) ;
#410=LINE('Line',#407,#409) ;
#434=LINE('Line',#431,#433) ;
#443=LINE('Line',#440,#442) ;
#450=LINE('Line',#447,#449) ;
#457=LINE('Line',#454,#456) ;
#464=LINE('Line',#461,#463) ;
#471=LINE('Line',#468,#470) ;
#476=LINE('Line',#473,#475) ;
#483=LINE('Line',#480,#482) ;
#490=LINE('Line',#487,#489) ;
#497=LINE('Line',#494,#496) ;
#539=LINE('Line',#536,#538) ;
#553=LINE('Line',#550,#552) ;
#574=LINE('Line',#571,#573) ;
#590=LINE('Line',#587,#589) ;
#597=LINE('Line',#594,#596) ;
#640=LINE('Line',#637,#639) ;
#656=LINE('Line',#653,#655) ;
#680=LINE('Line',#677,#679) ;
#692=LINE('Line',#689,#691) ;
#713=LINE('Line',#710,#712) ;
#735=LINE('Line',#732,#734) ;
#742=LINE('Line',#739,#741) ;
#768=LINE('Line',#765,#767) ;
#790=LINE('Line',#787,#789) ;
#797=LINE('Line',#794,#796) ;
#816=LINE('Line',#813,#815) ;
#835=LINE('Line',#832,#834) ;
#851=LINE('Line',#848,#850) ;
#863=LINE('Line',#860,#862) ;
#879=LINE('Line',#876,#878) ;
#886=LINE('Line',#883,#885) ;
#929=LINE('Line',#926,#928) ;
#945=LINE('Line',#942,#944) ;
#957=LINE('Line',#954,#956) ;
#969=LINE('Line',#966,#968) ;
#981=LINE('Line',#978,#980) ;
#1010=LINE('Line',#1007,#1009) ;
#1017=LINE('Line',#1014,#1016) ;
#1024=LINE('Line',#1021,#1023) ;
#1048=LINE('Line',#1045,#1047) ;
#1060=LINE('Line',#1057,#1059) ;
#1067=LINE('Line',#1064,#1066) ;
#1079=LINE('Line',#1076,#1078) ;
#1088=LINE('Line',#1085,#1087) ;
#1095=LINE('Line',#1092,#1094) ;
#1102=LINE('Line',#1099,#1101) ;
#1107=LINE('Line',#1104,#1106) ;
#1114=LINE('Line',#1111,#1113) ;
#1134=LINE('Line',#1131,#1133) ;
#1143=LINE('Line',#1140,#1142) ;
#1150=LINE('Line',#1147,#1149) ;
#1155=LINE('Line',#1152,#1154) ;
#1162=LINE('Line',#1159,#1161) ;
#1169=LINE('Line',#1166,#1168) ;
#1194=LINE('Line',#1191,#1193) ;
#1218=LINE('Line',#1215,#1217) ;
#1225=LINE('Line',#1222,#1224) ;
#1244=LINE('Line',#1241,#1243) ;
#1256=LINE('Line',#1253,#1255) ;
#1280=LINE('Line',#1277,#1279) ;
#1308=LINE('Line',#1305,#1307) ;
#1331=LINE('Line',#1328,#1330) ;
#1338=LINE('Line',#1335,#1337) ;
#1381=LINE('Line',#1378,#1380) ;
#1398=LINE('Line',#1395,#1397) ;
#1417=LINE('Line',#1414,#1416) ;
#1440=LINE('Line',#1437,#1439) ;
#1452=LINE('Line',#1449,#1451) ;
#1468=LINE('Line',#1465,#1467) ;
#1475=LINE('Line',#1472,#1474) ;
#1518=LINE('Line',#1515,#1517) ;
#1534=LINE('Line',#1531,#1533) ;
#1546=LINE('Line',#1543,#1545) ;
#1558=LINE('Line',#1555,#1557) ;
#1567=LINE('Line',#1564,#1566) ;
#1574=LINE('Line',#1571,#1573) ;
#1581=LINE('Line',#1578,#1580) ;
#1586=LINE('Line',#1583,#1585) ;
#1593=LINE('Line',#1590,#1592) ;
#1600=LINE('Line',#1597,#1599) ;
#1620=LINE('Line',#1617,#1619) ;
#1627=LINE('Line',#1624,#1626) ;
#1639=LINE('Line',#1636,#1638) ;
#1665=LINE('Line',#1662,#1664) ;
#1677=LINE('Line',#1674,#1676) ;
#1684=LINE('Line',#1681,#1683) ;
#1696=LINE('Line',#1693,#1695) ;
#1705=LINE('Line',#1702,#1704) ;
#1712=LINE('Line',#1709,#1711) ;
#1719=LINE('Line',#1716,#1718) ;
#1724=LINE('Line',#1721,#1723) ;
#1731=LINE('Line',#1728,#1730) ;
#1751=LINE('Line',#1748,#1750) ;
#1758=LINE('Line',#1755,#1757) ;
#1777=LINE('Line',#1774,#1776) ;
#1789=LINE('Line',#1786,#1788) ;
#1806=LINE('Line',#1803,#1805) ;
#1822=LINE('Line',#1819,#1821) ;
#1829=LINE('Line',#1826,#1828) ;
#1872=LINE('Line',#1869,#1871) ;
#1888=LINE('Line',#1885,#1887) ;
#1912=LINE('Line',#1909,#1911) ;
#1943=LINE('Line',#1940,#1942) ;
#1966=LINE('Line',#1963,#1965) ;
#1978=LINE('Line',#1975,#1977) ;
#1994=LINE('Line',#1991,#1993) ;
#2001=LINE('Line',#1998,#2000) ;
#2044=LINE('Line',#2041,#2043) ;
#2060=LINE('Line',#2057,#2059) ;
#2072=LINE('Line',#2069,#2071) ;
#2084=LINE('Line',#2081,#2083) ;
#2093=LINE('Line',#2090,#2092) ;
#2100=LINE('Line',#2097,#2099) ;
#2107=LINE('Line',#2104,#2106) ;
#2112=LINE('Line',#2109,#2111) ;
#2133=LINE('Line',#2130,#2132) ;
#2145=LINE('Line',#2142,#2144) ;
#2154=LINE('Line',#2151,#2153) ;
#2159=LINE('Line',#2156,#2158) ;
#2166=LINE('Line',#2163,#2165) ;
#2180=LINE('Line',#2177,#2179) ;
#2187=LINE('Line',#2184,#2186) ;
#2203=LINE('Line',#2200,#2202) ;
#2210=LINE('Line',#2207,#2209) ;
#2226=LINE('Line',#2223,#2225) ;
#2235=LINE('Line',#2232,#2234) ;
#2242=LINE('Line',#2239,#2241) ;
#2247=LINE('Line',#2244,#2246) ;
#2268=LINE('Line',#2265,#2267) ;
#2280=LINE('Line',#2277,#2279) ;
#2287=LINE('Line',#2284,#2286) ;
#2294=LINE('Line',#2291,#2293) ;
#2313=LINE('Line',#2310,#2312) ;
#2330=LINE('Line',#2327,#2329) ;
#2342=LINE('Line',#2339,#2341) ;
#2370=LINE('Line',#2367,#2369) ;
#2375=LINE('Line',#2372,#2374) ;
#2415=LINE('Line',#2412,#2414) ;
#2427=LINE('Line',#2424,#2426) ;
#2460=LINE('Line',#2457,#2459) ;
#2465=LINE('Line',#2462,#2464) ;
#2491=LINE('Line',#2488,#2490) ;
#2512=LINE('Line',#2509,#2511) ;
#2521=LINE('Line',#2518,#2520) ;
#2526=LINE('Line',#2523,#2525) ;
#2545=LINE('Line',#2542,#2544) ;
#2552=LINE('Line',#2549,#2551) ;
#2559=LINE('Line',#2556,#2558) ;
#2583=LINE('Line',#2580,#2582) ;
#2600=LINE('Line',#2597,#2599) ;
#2616=LINE('Line',#2613,#2615) ;
#2628=LINE('Line',#2625,#2627) ;
#2635=LINE('Line',#2632,#2634) ;
#2652=LINE('Line',#2649,#2651) ;
#2661=LINE('Line',#2658,#2660) ;
#2668=LINE('Line',#2665,#2667) ;
#2675=LINE('Line',#2672,#2674) ;
#2686=LINE('Line',#2683,#2685) ;
#2695=LINE('Line',#2692,#2694) ;
#2702=LINE('Line',#2699,#2701) ;
#2709=LINE('Line',#2706,#2708) ;
#2726=LINE('Line',#2723,#2725) ;
#2733=LINE('Line',#2730,#2732) ;
#2759=LINE('Line',#2756,#2758) ;
#2773=LINE('Line',#2770,#2772) ;
#2780=LINE('Line',#2777,#2779) ;
#2806=LINE('Line',#2803,#2805) ;
#2823=LINE('Line',#2820,#2822) ;
#2840=LINE('Line',#2837,#2839) ;
#2847=LINE('Line',#2844,#2846) ;
#2854=LINE('Line',#2851,#2853) ;
#2861=LINE('Line',#2858,#2860) ;
#2868=LINE('Line',#2865,#2867) ;
#2894=LINE('Line',#2891,#2893) ;
#2935=LINE('Line',#2932,#2934) ;
#2983=LINE('Line',#2980,#2982) ;
#3007=LINE('Line',#3004,#3006) ;
#3023=LINE('Line',#3020,#3022) ;
#3028=LINE('Line',#3025,#3027) ;
#3042=LINE('Line',#3039,#3041) ;
#3049=LINE('Line',#3046,#3048) ;
#3056=LINE('Line',#3053,#3055) ;
#3063=LINE('Line',#3060,#3062) ;
#3091=LINE('Line',#3088,#3090) ;
#3105=LINE('Line',#3102,#3104) ;
#3119=LINE('Line',#3116,#3118) ;
#3133=LINE('Line',#3130,#3132) ;
#3154=LINE('Line',#3151,#3153) ;
#3161=LINE('Line',#3158,#3160) ;
#3168=LINE('Line',#3165,#3167) ;
#3185=LINE('Line',#3182,#3184) ;
#3192=LINE('Line',#3189,#3191) ;
#3209=LINE('Line',#3206,#3208) ;
#3216=LINE('Line',#3213,#3215) ;
#3233=LINE('Line',#3230,#3232) ;
#3245=LINE('Line',#3242,#3244) ;
#3252=LINE('Line',#3249,#3251) ;
#3259=LINE('Line',#3256,#3258) ;
#3276=LINE('Line',#3273,#3275) ;
#3283=LINE('Line',#3280,#3282) ;
#3295=LINE('Line',#3292,#3294) ;
#3302=LINE('Line',#3299,#3301) ;
#3319=LINE('Line',#3316,#3318) ;
#3331=LINE('Line',#3328,#3330) ;
#3342=LINE('Line',#3339,#3341) ;
#3349=LINE('Line',#3346,#3348) ;
#3356=LINE('Line',#3353,#3355) ;
#3368=LINE('Line',#3365,#3367) ;
#3373=LINE('Line',#3370,#3372) ;
#3380=LINE('Line',#3377,#3379) ;
#3387=LINE('Line',#3384,#3386) ;
#3392=LINE('Line',#3389,#3391) ;
#3420=LINE('Line',#3417,#3419) ;
#3429=LINE('Line',#3426,#3428) ;
#3436=LINE('Line',#3433,#3435) ;
#3443=LINE('Line',#3440,#3442) ;
#3454=LINE('Line',#3451,#3453) ;
#3463=LINE('Line',#3460,#3462) ;
#3470=LINE('Line',#3467,#3469) ;
#3477=LINE('Line',#3474,#3476) ;
#3530=LINE('Line',#3527,#3529) ;
#3546=LINE('Line',#3543,#3545) ;
#3572=LINE('Line',#3569,#3571) ;
#3579=LINE('Line',#3576,#3578) ;
#3586=LINE('Line',#3583,#3585) ;
#3593=LINE('Line',#3590,#3592) ;
#3600=LINE('Line',#3597,#3599) ;
#3607=LINE('Line',#3604,#3606) ;
#3612=LINE('Line',#3609,#3611) ;
#3636=LINE('Line',#3633,#3635) ;
#3643=LINE('Line',#3640,#3642) ;
#3660=LINE('Line',#3657,#3659) ;
#3667=LINE('Line',#3664,#3666) ;
#3674=LINE('Line',#3671,#3673) ;
#3681=LINE('Line',#3678,#3680) ;
#3688=LINE('Line',#3685,#3687) ;
#3695=LINE('Line',#3692,#3694) ;
#3726=LINE('Line',#3723,#3725) ;
#3743=LINE('Line',#3740,#3742) ;
#3784=LINE('Line',#3781,#3783) ;
#3791=LINE('Line',#3788,#3790) ;
#3808=LINE('Line',#3805,#3807) ;
#3815=LINE('Line',#3812,#3814) ;
#3832=LINE('Line',#3829,#3831) ;
#3858=LINE('Line',#3855,#3857) ;
#3863=LINE('Line',#3860,#3862) ;
#3880=LINE('Line',#3877,#3879) ;
#3887=LINE('Line',#3884,#3886) ;
#3894=LINE('Line',#3891,#3893) ;
#3901=LINE('Line',#3898,#3900) ;
#3927=LINE('Line',#3924,#3926) ;
#3944=LINE('Line',#3941,#3943) ;
#3951=LINE('Line',#3948,#3950) ;
#3958=LINE('Line',#3955,#3957) ;
#3965=LINE('Line',#3962,#3964) ;
#3972=LINE('Line',#3969,#3971) ;
#3979=LINE('Line',#3976,#3978) ;
#3986=LINE('Line',#3983,#3985) ;
#3993=LINE('Line',#3990,#3992) ;
#4000=LINE('Line',#3997,#3999) ;
#4007=LINE('Line',#4004,#4006) ;
#4014=LINE('Line',#4011,#4013) ;
#4021=LINE('Line',#4018,#4020) ;
#4028=LINE('Line',#4025,#4027) ;
#4035=LINE('Line',#4032,#4034) ;
#4042=LINE('Line',#4039,#4041) ;
#4049=LINE('Line',#4046,#4048) ;
#4056=LINE('Line',#4053,#4055) ;
#4063=LINE('Line',#4060,#4062) ;
#4070=LINE('Line',#4067,#4069) ;
#4077=LINE('Line',#4074,#4076) ;
#4084=LINE('Line',#4081,#4083) ;
#4091=LINE('Line',#4088,#4090) ;
#4098=LINE('Line',#4095,#4097) ;
#4105=LINE('Line',#4102,#4104) ;
#4112=LINE('Line',#4109,#4111) ;
#4119=LINE('Line',#4116,#4118) ;
#4126=LINE('Line',#4123,#4125) ;
#4133=LINE('Line',#4130,#4132) ;
#4140=LINE('Line',#4137,#4139) ;
#4147=LINE('Line',#4144,#4146) ;
#4154=LINE('Line',#4151,#4153) ;
#4161=LINE('Line',#4158,#4160) ;
#4168=LINE('Line',#4165,#4167) ;
#4175=LINE('Line',#4172,#4174) ;
#4218=LINE('Line',#4215,#4217) ;
#4227=LINE('Line',#4224,#4226) ;
#4234=LINE('Line',#4231,#4233) ;
#4241=LINE('Line',#4238,#4240) ;
#4265=LINE('Line',#4262,#4264) ;
#4282=LINE('Line',#4279,#4281) ;
#4289=LINE('Line',#4286,#4288) ;
#4296=LINE('Line',#4293,#4295) ;
#4303=LINE('Line',#4300,#4302) ;
#4329=LINE('Line',#4326,#4328) ;
#4346=LINE('Line',#4343,#4345) ;
#4353=LINE('Line',#4350,#4352) ;
#4360=LINE('Line',#4357,#4359) ;
#4367=LINE('Line',#4364,#4366) ;
#4374=LINE('Line',#4371,#4373) ;
#4414=LINE('Line',#4411,#4413) ;
#4443=LINE('Line',#4440,#4442) ;
#4450=LINE('Line',#4447,#4449) ;
#4457=LINE('Line',#4454,#4456) ;
#4474=LINE('Line',#4471,#4473) ;
#4481=LINE('Line',#4478,#4480) ;
#4498=LINE('Line',#4495,#4497) ;
#4505=LINE('Line',#4502,#4504) ;
#4522=LINE('Line',#4519,#4521) ;
#4534=LINE('Line',#4531,#4533) ;
#4541=LINE('Line',#4538,#4540) ;
#4548=LINE('Line',#4545,#4547) ;
#4565=LINE('Line',#4562,#4564) ;
#4572=LINE('Line',#4569,#4571) ;
#4584=LINE('Line',#4581,#4583) ;
#4591=LINE('Line',#4588,#4590) ;
#4608=LINE('Line',#4605,#4607) ;
#4625=LINE('Line',#4622,#4624) ;
#4642=LINE('Line',#4639,#4641) ;
#4653=LINE('Line',#4650,#4652) ;
#4662=LINE('Line',#4659,#4661) ;
#4669=LINE('Line',#4666,#4668) ;
#4676=LINE('Line',#4673,#4675) ;
#4683=LINE('Line',#4680,#4682) ;
#4690=LINE('Line',#4687,#4689) ;
#4697=LINE('Line',#4694,#4696) ;
#4704=LINE('Line',#4701,#4703) ;
#4725=LINE('Line',#4722,#4724) ;
#4736=LINE('Line',#4733,#4735) ;
#4745=LINE('Line',#4742,#4744) ;
#4752=LINE('Line',#4749,#4751) ;
#4759=LINE('Line',#4756,#4758) ;
#4770=LINE('Line',#4767,#4769) ;
#4779=LINE('Line',#4776,#4778) ;
#4786=LINE('Line',#4783,#4785) ;
#4793=LINE('Line',#4790,#4792) ;
#4804=LINE('Line',#4801,#4803) ;
#4813=LINE('Line',#4810,#4812) ;
#4820=LINE('Line',#4817,#4819) ;
#4827=LINE('Line',#4824,#4826) ;
#4844=LINE('Line',#4841,#4843) ;
#4861=LINE('Line',#4858,#4860) ;
#4890=LINE('Line',#4887,#4889) ;
#4897=LINE('Line',#4894,#4896) ;
#4915=LINE('Line',#4912,#4914) ;
#4922=LINE('Line',#4919,#4921) ;
#4939=LINE('Line',#4936,#4938) ;
#4946=LINE('Line',#4943,#4945) ;
#4953=LINE('Line',#4950,#4952) ;
#4960=LINE('Line',#4957,#4959) ;
#4965=LINE('Line',#4962,#4964) ;
#4972=LINE('Line',#4969,#4971) ;
#4979=LINE('Line',#4976,#4978) ;
#4986=LINE('Line',#4983,#4985) ;
#4991=LINE('Line',#4988,#4990) ;
#4998=LINE('Line',#4995,#4997) ;
#5005=LINE('Line',#5002,#5004) ;
#5012=LINE('Line',#5009,#5011) ;
#5017=LINE('Line',#5014,#5016) ;
#5024=LINE('Line',#5021,#5023) ;
#5031=LINE('Line',#5028,#5030) ;
#5038=LINE('Line',#5035,#5037) ;
#5043=LINE('Line',#5040,#5042) ;
#5050=LINE('Line',#5047,#5049) ;
#5057=LINE('Line',#5054,#5056) ;
#5064=LINE('Line',#5061,#5063) ;
#5069=LINE('Line',#5066,#5068) ;
#5076=LINE('Line',#5073,#5075) ;
#5083=LINE('Line',#5080,#5082) ;
#5090=LINE('Line',#5087,#5089) ;
#5095=LINE('Line',#5092,#5094) ;
#5102=LINE('Line',#5099,#5101) ;
#5109=LINE('Line',#5106,#5108) ;
#5116=LINE('Line',#5113,#5115) ;
#5121=LINE('Line',#5118,#5120) ;
#5128=LINE('Line',#5125,#5127) ;
#5135=LINE('Line',#5132,#5134) ;
#5142=LINE('Line',#5139,#5141) ;
#5147=LINE('Line',#5144,#5146) ;
#5154=LINE('Line',#5151,#5153) ;
#5161=LINE('Line',#5158,#5160) ;
#5168=LINE('Line',#5165,#5167) ;
#5231=LINE('Line',#5228,#5230) ;
#5238=LINE('Line',#5235,#5237) ;
#5255=LINE('Line',#5252,#5254) ;
#5262=LINE('Line',#5259,#5261) ;
#5269=LINE('Line',#5266,#5268) ;
#5287=LINE('Line',#5284,#5286) ;
#5304=LINE('Line',#5301,#5303) ;
#5311=LINE('Line',#5308,#5310) ;
#5323=LINE('Line',#5320,#5322) ;
#5330=LINE('Line',#5327,#5329) ;
#5337=LINE('Line',#5334,#5336) ;
#5355=LINE('Line',#5352,#5354) ;
#5372=LINE('Line',#5369,#5371) ;
#5379=LINE('Line',#5376,#5378) ;
#5391=LINE('Line',#5388,#5390) ;
#5398=LINE('Line',#5395,#5397) ;
#5405=LINE('Line',#5402,#5404) ;
#5423=LINE('Line',#5420,#5422) ;
#5440=LINE('Line',#5437,#5439) ;
#5447=LINE('Line',#5444,#5446) ;
#5459=LINE('Line',#5456,#5458) ;
#5466=LINE('Line',#5463,#5465) ;
#5473=LINE('Line',#5470,#5472) ;
#5486=LINE('Line',#5483,#5485) ;
#5503=LINE('Line',#5500,#5502) ;
#5510=LINE('Line',#5507,#5509) ;
#5522=LINE('Line',#5519,#5521) ;
#5529=LINE('Line',#5526,#5528) ;
#5536=LINE('Line',#5533,#5535) ;
#5549=LINE('Line',#5546,#5548) ;
#5566=LINE('Line',#5563,#5565) ;
#5573=LINE('Line',#5570,#5572) ;
#5585=LINE('Line',#5582,#5584) ;
#5592=LINE('Line',#5589,#5591) ;
#5599=LINE('Line',#5596,#5598) ;
#5617=LINE('Line',#5614,#5616) ;
#5634=LINE('Line',#5631,#5633) ;
#5641=LINE('Line',#5638,#5640) ;
#5653=LINE('Line',#5650,#5652) ;
#5660=LINE('Line',#5657,#5659) ;
#5667=LINE('Line',#5664,#5666) ;
#5685=LINE('Line',#5682,#5684) ;
#5702=LINE('Line',#5699,#5701) ;
#5709=LINE('Line',#5706,#5708) ;
#5721=LINE('Line',#5718,#5720) ;
#5728=LINE('Line',#5725,#5727) ;
#5735=LINE('Line',#5732,#5734) ;
#5753=LINE('Line',#5750,#5752) ;
#5770=LINE('Line',#5767,#5769) ;
#5777=LINE('Line',#5774,#5776) ;
#5784=LINE('Line',#5781,#5783) ;
#5801=LINE('Line',#5798,#5800) ;
#5808=LINE('Line',#5805,#5807) ;
#5825=LINE('Line',#5822,#5824) ;
#5832=LINE('Line',#5829,#5831) ;
#5849=LINE('Line',#5846,#5848) ;
#5861=LINE('Line',#5858,#5860) ;
#5868=LINE('Line',#5865,#5867) ;
#5880=LINE('Line',#5877,#5879) ;
#5898=LINE('Line',#5895,#5897) ;
#5907=LINE('Line',#5904,#5906) ;
#5914=LINE('Line',#5911,#5913) ;
#5919=LINE('Line',#5916,#5918) ;
#5926=LINE('Line',#5923,#5925) ;
#5933=LINE('Line',#5930,#5932) ;
#5964=LINE('Line',#5961,#5963) ;
#5973=LINE('Line',#5970,#5972) ;
#5980=LINE('Line',#5977,#5979) ;
#5985=LINE('Line',#5982,#5984) ;
#5992=LINE('Line',#5989,#5991) ;
#5999=LINE('Line',#5996,#5998) ;
#6029=LINE('Line',#6026,#6028) ;
#6036=LINE('Line',#6033,#6035) ;
#6043=LINE('Line',#6040,#6042) ;
#6048=LINE('Line',#6045,#6047) ;
#6055=LINE('Line',#6052,#6054) ;
#6093=LINE('Line',#6090,#6092) ;
#6100=LINE('Line',#6097,#6099) ;
#6107=LINE('Line',#6104,#6106) ;
#6124=LINE('Line',#6121,#6123) ;
#6131=LINE('Line',#6128,#6130) ;
#6148=LINE('Line',#6145,#6147) ;
#6155=LINE('Line',#6152,#6154) ;
#6167=LINE('Line',#6164,#6166) ;
#6174=LINE('Line',#6171,#6173) ;
#6191=LINE('Line',#6188,#6190) ;
#6198=LINE('Line',#6195,#6197) ;
#6210=LINE('Line',#6207,#6209) ;
#6217=LINE('Line',#6214,#6216) ;
#6234=LINE('Line',#6231,#6233) ;
#6241=LINE('Line',#6238,#6240) ;
#6258=LINE('Line',#6255,#6257) ;
#6285=LINE('Line',#6282,#6284) ;
#6312=LINE('Line',#6309,#6311) ;
#6339=LINE('Line',#6336,#6338) ;
#6366=LINE('Line',#6363,#6365) ;
#6393=LINE('Line',#6390,#6392) ;
#6420=LINE('Line',#6417,#6419) ;
#6447=LINE('Line',#6444,#6446) ;
#6474=LINE('Line',#6471,#6473) ;
#6501=LINE('Line',#6498,#6500) ;
#6528=LINE('Line',#6525,#6527) ;
#6555=LINE('Line',#6552,#6554) ;
#6582=LINE('Line',#6579,#6581) ;
#6599=LINE('Line',#6596,#6598) ;
#6616=LINE('Line',#6613,#6615) ;
#6645=LINE('Line',#6642,#6644) ;
#6674=LINE('Line',#6671,#6673) ;
#6703=LINE('Line',#6700,#6702) ;
#6732=LINE('Line',#6729,#6731) ;
#6761=LINE('Line',#6758,#6760) ;
#6790=LINE('Line',#6787,#6789) ;
#6819=LINE('Line',#6816,#6818) ;
#6860=LINE('Line',#6857,#6859) ;
#6869=LINE('Line',#6866,#6868) ;
#6876=LINE('Line',#6873,#6875) ;
#6881=LINE('Line',#6878,#6880) ;
#6886=LINE('Line',#6883,#6885) ;
#6893=LINE('Line',#6890,#6892) ;
#6914=LINE('Line',#6911,#6913) ;
#6931=LINE('Line',#6928,#6930) ;
#6943=LINE('Line',#6940,#6942) ;
#6954=LINE('Line',#6951,#6953) ;
#6963=LINE('Line',#6960,#6962) ;
#6970=LINE('Line',#6967,#6969) ;
#6977=LINE('Line',#6974,#6976) ;
#7006=LINE('Line',#7003,#7005) ;
#7013=LINE('Line',#7010,#7012) ;
#7018=LINE('Line',#7015,#7017) ;
#7043=LINE('Line',#7040,#7042) ;
#7050=LINE('Line',#7047,#7049) ;
#7068=LINE('Line',#7065,#7067) ;
#7139=LINE('Line',#7136,#7138) ;
#7146=LINE('Line',#7143,#7145) ;
#7153=LINE('Line',#7150,#7152) ;
#7170=LINE('Line',#7167,#7169) ;
#7177=LINE('Line',#7174,#7176) ;
#7194=LINE('Line',#7191,#7193) ;
#7201=LINE('Line',#7198,#7200) ;
#7218=LINE('Line',#7215,#7217) ;
#2=MECHANICAL_CONTEXT(' ',#1,'mechanical') ;
#7237=NEXT_ASSEMBLY_USAGE_OCCURRENCE('Part1.1','Part1.1','',#17,#58,' ') ;
#7928=NEXT_ASSEMBLY_USAGE_OCCURRENCE('Part2.1','Part2.1','',#17,#7256,' ') ;
#7943=NEXT_ASSEMBLY_USAGE_OCCURRENCE('Part1.2','Part1.2','',#17,#58,' ') ;
#27=PERSONAL_ADDRESS(' ',' ',' ',' ',' ',' ',' ',' ',' ',' ',' ',' ',(#25),' ') ;
#129=PLANE('',#128) ;
#205=PLANE('',#204) ;
#215=PLANE('',#214) ;
#270=PLANE('',#269) ;
#382=PLANE('',#381) ;
#430=PLANE('',#429) ;
#535=PLANE('',#534) ;
#570=PLANE('',#569) ;
#676=PLANE('',#675) ;
#731=PLANE('',#730) ;
#786=PLANE('',#785) ;
#1006=PLANE('',#1005) ;
#1214=PLANE('',#1213) ;
#1269=PLANE('',#1268) ;
#1304=PLANE('',#1303) ;
#1802=PLANE('',#1801) ;
#1908=PLANE('',#1907) ;
#2309=PLANE('',#2308) ;
#2326=PLANE('',#2325) ;
#2411=PLANE('',#2410) ;
#2508=PLANE('',#2507) ;
#2541=PLANE('',#2540) ;
#2596=PLANE('',#2595) ;
#2819=PLANE('',#2818) ;
#2836=PLANE('',#2835) ;
#3003=PLANE('',#3002) ;
#3150=PLANE('',#3149) ;
#3181=PLANE('',#3180) ;
#3205=PLANE('',#3204) ;
#3229=PLANE('',#3228) ;
#3272=PLANE('',#3271) ;
#3315=PLANE('',#3314) ;
#3559=PLANE('',#3558) ;
#3632=PLANE('',#3631) ;
#3656=PLANE('',#3655) ;
#3722=PLANE('',#3721) ;
#3739=PLANE('',#3738) ;
#3780=PLANE('',#3779) ;
#3804=PLANE('',#3803) ;
#3828=PLANE('',#3827) ;
#3876=PLANE('',#3875) ;
#3940=PLANE('',#3939) ;
#4278=PLANE('',#4277) ;
#4342=PLANE('',#4341) ;
#4391=PLANE('',#4390) ;
#4410=PLANE('',#4409) ;
#4427=PLANE('',#4426) ;
#4439=PLANE('',#4438) ;
#4470=PLANE('',#4469) ;
#4494=PLANE('',#4493) ;
#4518=PLANE('',#4517) ;
#4561=PLANE('',#4560) ;
#4604=PLANE('',#4603) ;
#4638=PLANE('',#4637) ;
#4721=PLANE('',#4720) ;
#4840=PLANE('',#4839) ;
#4857=PLANE('',#4856) ;
#4874=PLANE('',#4873) ;
#4886=PLANE('',#4885) ;
#4911=PLANE('',#4910) ;
#4935=PLANE('',#4934) ;
#5227=PLANE('',#5226) ;
#5251=PLANE('',#5250) ;
#5283=PLANE('',#5282) ;
#5300=PLANE('',#5299) ;
#5351=PLANE('',#5350) ;
#5368=PLANE('',#5367) ;
#5419=PLANE('',#5418) ;
#5436=PLANE('',#5435) ;
#5499=PLANE('',#5498) ;
#5562=PLANE('',#5561) ;
#5613=PLANE('',#5612) ;
#5630=PLANE('',#5629) ;
#5681=PLANE('',#5680) ;
#5698=PLANE('',#5697) ;
#5749=PLANE('',#5748) ;
#5766=PLANE('',#5765) ;
#5797=PLANE('',#5796) ;
#5821=PLANE('',#5820) ;
#5845=PLANE('',#5844) ;
#5894=PLANE('',#5893) ;
#5960=PLANE('',#5959) ;
#6016=PLANE('',#6015) ;
#6089=PLANE('',#6088) ;
#6120=PLANE('',#6119) ;
#6144=PLANE('',#6143) ;
#6187=PLANE('',#6186) ;
#6230=PLANE('',#6229) ;
#6254=PLANE('',#6253) ;
#6595=PLANE('',#6594) ;
#6612=PLANE('',#6611) ;
#6629=PLANE('',#6628) ;
#6641=PLANE('',#6640) ;
#6658=PLANE('',#6657) ;
#6670=PLANE('',#6669) ;
#6687=PLANE('',#6686) ;
#6699=PLANE('',#6698) ;
#6716=PLANE('',#6715) ;
#6728=PLANE('',#6727) ;
#6745=PLANE('',#6744) ;
#6757=PLANE('',#6756) ;
#6774=PLANE('',#6773) ;
#6786=PLANE('',#6785) ;
#6803=PLANE('',#6802) ;
#6815=PLANE('',#6814) ;
#6832=PLANE('',#6831) ;
#6844=PLANE('',#6843) ;
#6856=PLANE('',#6855) ;
#6910=PLANE('',#6909) ;
#6927=PLANE('',#6926) ;
#7002=PLANE('',#7001) ;
#7039=PLANE('',#7038) ;
#7064=PLANE('',#7063) ;
#7081=PLANE('',#7080) ;
#7097=PLANE('',#7096) ;
#7123=PLANE('',#7122) ;
#7135=PLANE('',#7134) ;
#7166=PLANE('',#7165) ;
#7190=PLANE('',#7189) ;
#7214=PLANE('',#7213) ;
#7493=PLANE('',#7492) ;
#7919=PLANE('',#7918) ;
#48=PLANE_ANGLE_MEASURE_WITH_UNIT(PLANE_ANGLE_MEASURE(0.0174532925199),#47) ;
#7=PRODUCT_CATEGORY('part',$) ;
#14=PRODUCT_CATEGORY('part',$) ;
#9=PRODUCT_CATEGORY_RELATIONSHIP(' ',' ',#7,#8) ;
#16=PRODUCT_CATEGORY_RELATIONSHIP(' ',' ',#14,#15) ;
#6=PRODUCT_DEFINITION_FORMATION_WITH_SPECIFIED_SOURCE('',' ',#5,.NOT_KNOWN.) ;
#57=PRODUCT_DEFINITION_FORMATION_WITH_SPECIFIED_SOURCE('',' ',#56,.NOT_KNOWN.) ;
#7255=PRODUCT_DEFINITION_FORMATION_WITH_SPECIFIED_SOURCE('',' ',#7254,.NOT_KNOWN.) ;
#58=PRODUCT_DEFINITION_WITH_ASSOCIATED_DOCUMENTS('',' ',#57,#3,(#60)) ;
#7256=PRODUCT_DEFINITION_WITH_ASSOCIATED_DOCUMENTS('',' ',#7255,#3,(#7258)) ;
#8=PRODUCT_RELATED_PRODUCT_CATEGORY('detail',$,(#56,#7254)) ;
#15=PRODUCT_RELATED_PRODUCT_CATEGORY('part',$,(#5)) ;
#43=SHAPE_DEFINITION_REPRESENTATION(#45,#44) ;
#55=SHAPE_DEFINITION_REPRESENTATION(#61,#54) ;
#7253=SHAPE_DEFINITION_REPRESENTATION(#7259,#7252) ;
#73=VERTEX_POINT('',#72) ;
#75=VERTEX_POINT('',#74) ;
#82=VERTEX_POINT('',#81) ;
#89=VERTEX_POINT('',#88) ;
#135=VERTEX_POINT('',#134) ;
#137=VERTEX_POINT('',#136) ;
#144=VERTEX_POINT('',#143) ;
#151=VERTEX_POINT('',#150) ;
#158=VERTEX_POINT('',#157) ;
#165=VERTEX_POINT('',#164) ;
#172=VERTEX_POINT('',#171) ;
#179=VERTEX_POINT('',#178) ;
#221=VERTEX_POINT('',#220) ;
#223=VERTEX_POINT('',#222) ;
#252=VERTEX_POINT('',#251) ;
#276=VERTEX_POINT('',#275) ;
#278=VERTEX_POINT('',#277) ;
#285=VERTEX_POINT('',#284) ;
#292=VERTEX_POINT('',#291) ;
#299=VERTEX_POINT('',#298) ;
#306=VERTEX_POINT('',#305) ;
#318=VERTEX_POINT('',#317) ;
#325=VERTEX_POINT('',#324) ;
#332=VERTEX_POINT('',#331) ;
#364=VERTEX_POINT('',#363) ;
#388=VERTEX_POINT('',#387) ;
#412=VERTEX_POINT('',#411) ;
#436=VERTEX_POINT('',#435) ;
#438=VERTEX_POINT('',#437) ;
#445=VERTEX_POINT('',#444) ;
#452=VERTEX_POINT('',#451) ;
#459=VERTEX_POINT('',#458) ;
#466=VERTEX_POINT('',#465) ;
#478=VERTEX_POINT('',#477) ;
#485=VERTEX_POINT('',#484) ;
#492=VERTEX_POINT('',#491) ;
#541=VERTEX_POINT('',#540) ;
#548=VERTEX_POINT('',#547) ;
#576=VERTEX_POINT('',#575) ;
#578=VERTEX_POINT('',#577) ;
#585=VERTEX_POINT('',#584) ;
#592=VERTEX_POINT('',#591) ;
#599=VERTEX_POINT('',#598) ;
#635=VERTEX_POINT('',#634) ;
#658=VERTEX_POINT('',#657) ;
#682=VERTEX_POINT('',#681) ;
#694=VERTEX_POINT('',#693) ;
#701=VERTEX_POINT('',#700) ;
#708=VERTEX_POINT('',#707) ;
#737=VERTEX_POINT('',#736) ;
#756=VERTEX_POINT('',#755) ;
#763=VERTEX_POINT('',#762) ;
#792=VERTEX_POINT('',#791) ;
#811=VERTEX_POINT('',#810) ;
#818=VERTEX_POINT('',#817) ;
#830=VERTEX_POINT('',#829) ;
#865=VERTEX_POINT('',#864) ;
#867=VERTEX_POINT('',#866) ;
#874=VERTEX_POINT('',#873) ;
#881=VERTEX_POINT('',#880) ;
#888=VERTEX_POINT('',#887) ;
#924=VERTEX_POINT('',#923) ;
#1012=VERTEX_POINT('',#1011) ;
#1019=VERTEX_POINT('',#1018) ;
#1043=VERTEX_POINT('',#1042) ;
#1062=VERTEX_POINT('',#1061) ;
#1081=VERTEX_POINT('',#1080) ;
#1083=VERTEX_POINT('',#1082) ;
#1090=VERTEX_POINT('',#1089) ;
#1097=VERTEX_POINT('',#1096) ;
#1109=VERTEX_POINT('',#1108) ;
#1136=VERTEX_POINT('',#1135) ;
#1138=VERTEX_POINT('',#1137) ;
#1145=VERTEX_POINT('',#1144) ;
#1157=VERTEX_POINT('',#1156) ;
#1164=VERTEX_POINT('',#1163) ;
#1220=VERTEX_POINT('',#1219) ;
#1239=VERTEX_POINT('',#1238) ;
#1275=VERTEX_POINT('',#1274) ;
#1282=VERTEX_POINT('',#1281) ;
#1310=VERTEX_POINT('',#1309) ;
#1312=VERTEX_POINT('',#1311) ;
#1319=VERTEX_POINT('',#1318) ;
#1326=VERTEX_POINT('',#1325) ;
#1333=VERTEX_POINT('',#1332) ;
#1340=VERTEX_POINT('',#1339) ;
#1376=VERTEX_POINT('',#1375) ;
#1400=VERTEX_POINT('',#1399) ;
#1419=VERTEX_POINT('',#1418) ;
#1454=VERTEX_POINT('',#1453) ;
#1456=VERTEX_POINT('',#1455) ;
#1463=VERTEX_POINT('',#1462) ;
#1470=VERTEX_POINT('',#1469) ;
#1477=VERTEX_POINT('',#1476) ;
#1513=VERTEX_POINT('',#1512) ;
#1560=VERTEX_POINT('',#1559) ;
#1562=VERTEX_POINT('',#1561) ;
#1569=VERTEX_POINT('',#1568) ;
#1576=VERTEX_POINT('',#1575) ;
#1588=VERTEX_POINT('',#1587) ;
#1595=VERTEX_POINT('',#1594) ;
#1622=VERTEX_POINT('',#1621) ;
#1641=VERTEX_POINT('',#1640) ;
#1660=VERTEX_POINT('',#1659) ;
#1679=VERTEX_POINT('',#1678) ;
#1698=VERTEX_POINT('',#1697) ;
#1700=VERTEX_POINT('',#1699) ;
#1707=VERTEX_POINT('',#1706) ;
#1714=VERTEX_POINT('',#1713) ;
#1726=VERTEX_POINT('',#1725) ;
#1753=VERTEX_POINT('',#1752) ;
#1772=VERTEX_POINT('',#1771) ;
#1808=VERTEX_POINT('',#1807) ;
#1810=VERTEX_POINT('',#1809) ;
#1817=VERTEX_POINT('',#1816) ;
#1824=VERTEX_POINT('',#1823) ;
#1831=VERTEX_POINT('',#1830) ;
#1867=VERTEX_POINT('',#1866) ;
#1890=VERTEX_POINT('',#1889) ;
#1914=VERTEX_POINT('',#1913) ;
#1938=VERTEX_POINT('',#1937) ;
#1945=VERTEX_POINT('',#1944) ;
#1980=VERTEX_POINT('',#1979) ;
#1982=VERTEX_POINT('',#1981) ;
#1989=VERTEX_POINT('',#1988) ;
#1996=VERTEX_POINT('',#1995) ;
#2003=VERTEX_POINT('',#2002) ;
#2039=VERTEX_POINT('',#2038) ;
#2086=VERTEX_POINT('',#2085) ;
#2088=VERTEX_POINT('',#2087) ;
#2095=VERTEX_POINT('',#2094) ;
#2102=VERTEX_POINT('',#2101) ;
#2128=VERTEX_POINT('',#2127) ;
#2147=VERTEX_POINT('',#2146) ;
#2149=VERTEX_POINT('',#2148) ;
#2161=VERTEX_POINT('',#2160) ;
#2182=VERTEX_POINT('',#2181) ;
#2205=VERTEX_POINT('',#2204) ;
#2228=VERTEX_POINT('',#2227) ;
#2230=VERTEX_POINT('',#2229) ;
#2237=VERTEX_POINT('',#2236) ;
#2263=VERTEX_POINT('',#2262) ;
#2282=VERTEX_POINT('',#2281) ;
#2289=VERTEX_POINT('',#2288) ;
#2344=VERTEX_POINT('',#2343) ;
#2346=VERTEX_POINT('',#2345) ;
#2365=VERTEX_POINT('',#2364) ;
#2377=VERTEX_POINT('',#2376) ;
#2453=VERTEX_POINT('',#2452) ;
#2455=VERTEX_POINT('',#2454) ;
#2467=VERTEX_POINT('',#2466) ;
#2486=VERTEX_POINT('',#2485) ;
#2514=VERTEX_POINT('',#2513) ;
#2516=VERTEX_POINT('',#2515) ;
#2547=VERTEX_POINT('',#2546) ;
#2554=VERTEX_POINT('',#2553) ;
#2578=VERTEX_POINT('',#2577) ;
#2602=VERTEX_POINT('',#2601) ;
#2604=VERTEX_POINT('',#2603) ;
#2611=VERTEX_POINT('',#2610) ;
#2623=VERTEX_POINT('',#2622) ;
#2630=VERTEX_POINT('',#2629) ;
#2654=VERTEX_POINT('',#2653) ;
#2656=VERTEX_POINT('',#2655) ;
#2663=VERTEX_POINT('',#2662) ;
#2670=VERTEX_POINT('',#2669) ;
#2688=VERTEX_POINT('',#2687) ;
#2690=VERTEX_POINT('',#2689) ;
#2697=VERTEX_POINT('',#2696) ;
#2704=VERTEX_POINT('',#2703) ;
#2728=VERTEX_POINT('',#2727) ;
#2735=VERTEX_POINT('',#2734) ;
#2761=VERTEX_POINT('',#2760) ;
#2768=VERTEX_POINT('',#2767) ;
#2775=VERTEX_POINT('',#2774) ;
#2801=VERTEX_POINT('',#2800) ;
#2842=VERTEX_POINT('',#2841) ;
#2849=VERTEX_POINT('',#2848) ;
#2856=VERTEX_POINT('',#2855) ;
#2863=VERTEX_POINT('',#2862) ;
#2889=VERTEX_POINT('',#2888) ;
#2896=VERTEX_POINT('',#2895) ;
#2937=VERTEX_POINT('',#2936) ;
#2939=VERTEX_POINT('',#2938) ;
#2985=VERTEX_POINT('',#2984) ;
#3009=VERTEX_POINT('',#3008) ;
#3011=VERTEX_POINT('',#3010) ;
#3018=VERTEX_POINT('',#3017) ;
#3030=VERTEX_POINT('',#3029) ;
#3037=VERTEX_POINT('',#3036) ;
#3044=VERTEX_POINT('',#3043) ;
#3051=VERTEX_POINT('',#3050) ;
#3058=VERTEX_POINT('',#3057) ;
#3084=VERTEX_POINT('',#3083) ;
#3086=VERTEX_POINT('',#3085) ;
#3093=VERTEX_POINT('',#3092) ;
#3100=VERTEX_POINT('',#3099) ;
#3107=VERTEX_POINT('',#3106) ;
#3114=VERTEX_POINT('',#3113) ;
#3121=VERTEX_POINT('',#3120) ;
#3128=VERTEX_POINT('',#3127) ;
#3156=VERTEX_POINT('',#3155) ;
#3163=VERTEX_POINT('',#3162) ;
#3187=VERTEX_POINT('',#3186) ;
#3211=VERTEX_POINT('',#3210) ;
#3247=VERTEX_POINT('',#3246) ;
#3254=VERTEX_POINT('',#3253) ;
#3278=VERTEX_POINT('',#3277) ;
#3297=VERTEX_POINT('',#3296) ;
#3344=VERTEX_POINT('',#3343) ;
#3351=VERTEX_POINT('',#3350) ;
#3363=VERTEX_POINT('',#3362) ;
#3375=VERTEX_POINT('',#3374) ;
#3382=VERTEX_POINT('',#3381) ;
#3394=VERTEX_POINT('',#3393) ;
#3422=VERTEX_POINT('',#3421) ;
#3424=VERTEX_POINT('',#3423) ;
#3431=VERTEX_POINT('',#3430) ;
#3438=VERTEX_POINT('',#3437) ;
#3456=VERTEX_POINT('',#3455) ;
#3458=VERTEX_POINT('',#3457) ;
#3465=VERTEX_POINT('',#3464) ;
#3472=VERTEX_POINT('',#3471) ;
#3513=VERTEX_POINT('',#3512) ;
#3565=VERTEX_POINT('',#3564) ;
#3567=VERTEX_POINT('',#3566) ;
#3574=VERTEX_POINT('',#3573) ;
#3581=VERTEX_POINT('',#3580) ;
#3588=VERTEX_POINT('',#3587) ;
#3595=VERTEX_POINT('',#3594) ;
#3602=VERTEX_POINT('',#3601) ;
#3638=VERTEX_POINT('',#3637) ;
#3662=VERTEX_POINT('',#3661) ;
#3669=VERTEX_POINT('',#3668) ;
#3676=VERTEX_POINT('',#3675) ;
#3683=VERTEX_POINT('',#3682) ;
#3690=VERTEX_POINT('',#3689) ;
#3697=VERTEX_POINT('',#3696) ;
#3786=VERTEX_POINT('',#3785) ;
#3810=VERTEX_POINT('',#3809) ;
#3851=VERTEX_POINT('',#3850) ;
#3853=VERTEX_POINT('',#3852) ;
#3882=VERTEX_POINT('',#3881) ;
#3889=VERTEX_POINT('',#3888) ;
#3896=VERTEX_POINT('',#3895) ;
#3922=VERTEX_POINT('',#3921) ;
#3946=VERTEX_POINT('',#3945) ;
#3953=VERTEX_POINT('',#3952) ;
#3960=VERTEX_POINT('',#3959) ;
#3967=VERTEX_POINT('',#3966) ;
#3974=VERTEX_POINT('',#3973) ;
#3981=VERTEX_POINT('',#3980) ;
#3988=VERTEX_POINT('',#3987) ;
#3995=VERTEX_POINT('',#3994) ;
#4002=VERTEX_POINT('',#4001) ;
#4009=VERTEX_POINT('',#4008) ;
#4016=VERTEX_POINT('',#4015) ;
#4023=VERTEX_POINT('',#4022) ;
#4030=VERTEX_POINT('',#4029) ;
#4037=VERTEX_POINT('',#4036) ;
#4044=VERTEX_POINT('',#4043) ;
#4051=VERTEX_POINT('',#4050) ;
#4058=VERTEX_POINT('',#4057) ;
#4065=VERTEX_POINT('',#4064) ;
#4072=VERTEX_POINT('',#4071) ;
#4079=VERTEX_POINT('',#4078) ;
#4086=VERTEX_POINT('',#4085) ;
#4093=VERTEX_POINT('',#4092) ;
#4100=VERTEX_POINT('',#4099) ;
#4107=VERTEX_POINT('',#4106) ;
#4114=VERTEX_POINT('',#4113) ;
#4121=VERTEX_POINT('',#4120) ;
#4128=VERTEX_POINT('',#4127) ;
#4135=VERTEX_POINT('',#4134) ;
#4142=VERTEX_POINT('',#4141) ;
#4149=VERTEX_POINT('',#4148) ;
#4156=VERTEX_POINT('',#4155) ;
#4163=VERTEX_POINT('',#4162) ;
#4170=VERTEX_POINT('',#4169) ;
#4220=VERTEX_POINT('',#4219) ;
#4222=VERTEX_POINT('',#4221) ;
#4229=VERTEX_POINT('',#4228) ;
#4236=VERTEX_POINT('',#4235) ;
#4260=VERTEX_POINT('',#4259) ;
#4284=VERTEX_POINT('',#4283) ;
#4291=VERTEX_POINT('',#4290) ;
#4298=VERTEX_POINT('',#4297) ;
#4324=VERTEX_POINT('',#4323) ;
#4348=VERTEX_POINT('',#4347) ;
#4355=VERTEX_POINT('',#4354) ;
#4362=VERTEX_POINT('',#4361) ;
#4369=VERTEX_POINT('',#4368) ;
#4445=VERTEX_POINT('',#4444) ;
#4452=VERTEX_POINT('',#4451) ;
#4476=VERTEX_POINT('',#4475) ;
#4500=VERTEX_POINT('',#4499) ;
#4536=VERTEX_POINT('',#4535) ;
#4543=VERTEX_POINT('',#4542) ;
#4567=VERTEX_POINT('',#4566) ;
#4586=VERTEX_POINT('',#4585) ;
#4655=VERTEX_POINT('',#4654) ;
#4657=VERTEX_POINT('',#4656) ;
#4664=VERTEX_POINT('',#4663) ;
#4671=VERTEX_POINT('',#4670) ;
#4678=VERTEX_POINT('',#4677) ;
#4685=VERTEX_POINT('',#4684) ;
#4692=VERTEX_POINT('',#4691) ;
#4699=VERTEX_POINT('',#4698) ;
#4738=VERTEX_POINT('',#4737) ;
#4740=VERTEX_POINT('',#4739) ;
#4747=VERTEX_POINT('',#4746) ;
#4754=VERTEX_POINT('',#4753) ;
#4772=VERTEX_POINT('',#4771) ;
#4774=VERTEX_POINT('',#4773) ;
#4781=VERTEX_POINT('',#4780) ;
#4788=VERTEX_POINT('',#4787) ;
#4806=VERTEX_POINT('',#4805) ;
#4808=VERTEX_POINT('',#4807) ;
#4815=VERTEX_POINT('',#4814) ;
#4822=VERTEX_POINT('',#4821) ;
#4892=VERTEX_POINT('',#4891) ;
#4917=VERTEX_POINT('',#4916) ;
#4941=VERTEX_POINT('',#4940) ;
#4948=VERTEX_POINT('',#4947) ;
#4955=VERTEX_POINT('',#4954) ;
#4967=VERTEX_POINT('',#4966) ;
#4974=VERTEX_POINT('',#4973) ;
#4981=VERTEX_POINT('',#4980) ;
#4993=VERTEX_POINT('',#4992) ;
#5000=VERTEX_POINT('',#4999) ;
#5007=VERTEX_POINT('',#5006) ;
#5019=VERTEX_POINT('',#5018) ;
#5026=VERTEX_POINT('',#5025) ;
#5033=VERTEX_POINT('',#5032) ;
#5045=VERTEX_POINT('',#5044) ;
#5052=VERTEX_POINT('',#5051) ;
#5059=VERTEX_POINT('',#5058) ;
#5071=VERTEX_POINT('',#5070) ;
#5078=VERTEX_POINT('',#5077) ;
#5085=VERTEX_POINT('',#5084) ;
#5097=VERTEX_POINT('',#5096) ;
#5104=VERTEX_POINT('',#5103) ;
#5111=VERTEX_POINT('',#5110) ;
#5123=VERTEX_POINT('',#5122) ;
#5130=VERTEX_POINT('',#5129) ;
#5137=VERTEX_POINT('',#5136) ;
#5149=VERTEX_POINT('',#5148) ;
#5156=VERTEX_POINT('',#5155) ;
#5163=VERTEX_POINT('',#5162) ;
#5233=VERTEX_POINT('',#5232) ;
#5257=VERTEX_POINT('',#5256) ;
#5264=VERTEX_POINT('',#5263) ;
#5306=VERTEX_POINT('',#5305) ;
#5325=VERTEX_POINT('',#5324) ;
#5332=VERTEX_POINT('',#5331) ;
#5374=VERTEX_POINT('',#5373) ;
#5393=VERTEX_POINT('',#5392) ;
#5400=VERTEX_POINT('',#5399) ;
#5442=VERTEX_POINT('',#5441) ;
#5461=VERTEX_POINT('',#5460) ;
#5468=VERTEX_POINT('',#5467) ;
#5505=VERTEX_POINT('',#5504) ;
#5524=VERTEX_POINT('',#5523) ;
#5531=VERTEX_POINT('',#5530) ;
#5568=VERTEX_POINT('',#5567) ;
#5587=VERTEX_POINT('',#5586) ;
#5594=VERTEX_POINT('',#5593) ;
#5636=VERTEX_POINT('',#5635) ;
#5655=VERTEX_POINT('',#5654) ;
#5662=VERTEX_POINT('',#5661) ;
#5704=VERTEX_POINT('',#5703) ;
#5723=VERTEX_POINT('',#5722) ;
#5730=VERTEX_POINT('',#5729) ;
#5772=VERTEX_POINT('',#5771) ;
#5779=VERTEX_POINT('',#5778) ;
#5803=VERTEX_POINT('',#5802) ;
#5827=VERTEX_POINT('',#5826) ;
#5863=VERTEX_POINT('',#5862) ;
#5900=VERTEX_POINT('',#5899) ;
#5902=VERTEX_POINT('',#5901) ;
#5909=VERTEX_POINT('',#5908) ;
#5921=VERTEX_POINT('',#5920) ;
#5928=VERTEX_POINT('',#5927) ;
#5935=VERTEX_POINT('',#5934) ;
#5966=VERTEX_POINT('',#5965) ;
#5968=VERTEX_POINT('',#5967) ;
#5975=VERTEX_POINT('',#5974) ;
#5987=VERTEX_POINT('',#5986) ;
#5994=VERTEX_POINT('',#5993) ;
#6022=VERTEX_POINT('',#6021) ;
#6024=VERTEX_POINT('',#6023) ;
#6031=VERTEX_POINT('',#6030) ;
#6038=VERTEX_POINT('',#6037) ;
#6050=VERTEX_POINT('',#6049) ;
#6095=VERTEX_POINT('',#6094) ;
#6102=VERTEX_POINT('',#6101) ;
#6126=VERTEX_POINT('',#6125) ;
#6150=VERTEX_POINT('',#6149) ;
#6169=VERTEX_POINT('',#6168) ;
#6193=VERTEX_POINT('',#6192) ;
#6212=VERTEX_POINT('',#6211) ;
#6236=VERTEX_POINT('',#6235) ;
#6280=VERTEX_POINT('',#6279) ;
#6287=VERTEX_POINT('',#6286) ;
#6314=VERTEX_POINT('',#6313) ;
#6341=VERTEX_POINT('',#6340) ;
#6388=VERTEX_POINT('',#6387) ;
#6395=VERTEX_POINT('',#6394) ;
#6422=VERTEX_POINT('',#6421) ;
#6449=VERTEX_POINT('',#6448) ;
#6496=VERTEX_POINT('',#6495) ;
#6503=VERTEX_POINT('',#6502) ;
#6530=VERTEX_POINT('',#6529) ;
#6557=VERTEX_POINT('',#6556) ;
#6862=VERTEX_POINT('',#6861) ;
#6864=VERTEX_POINT('',#6863) ;
#6871=VERTEX_POINT('',#6870) ;
#6888=VERTEX_POINT('',#6887) ;
#6956=VERTEX_POINT('',#6955) ;
#6958=VERTEX_POINT('',#6957) ;
#6965=VERTEX_POINT('',#6964) ;
#6972=VERTEX_POINT('',#6971) ;
#7008=VERTEX_POINT('',#7007) ;
#7045=VERTEX_POINT('',#7044) ;
#7141=VERTEX_POINT('',#7140) ;
#7148=VERTEX_POINT('',#7147) ;
#7172=VERTEX_POINT('',#7171) ;
#7196=VERTEX_POINT('',#7195) ;
#7348=VERTEX_POINT('',#7347) ;
#7350=VERTEX_POINT('',#7349) ;
#7360=VERTEX_POINT('',#7359) ;
#7376=VERTEX_POINT('',#7375) ;
#7586=VERTEX_POINT('',#7585) ;
#7602=VERTEX_POINT('',#7601) ;
#7794=VERTEX_POINT('',#7793) ;
#7810=VERTEX_POINT('',#7809) ;
#7334=(BOUNDED_CURVE()B_SPLINE_CURVE(5,(#7335,#7336,#7337,#7338,#7339,#7340,#7341,#7342,#7343,#7344,#7345,#7346),.UNSPECIFIED.,.F.,.U.)B_SPLINE_CURVE_WITH_KNOTS((6,3,3,6),(0.,38.4005090406,76.9893932409,115.766535092),.UNSPECIFIED.)CURVE()GEOMETRIC_REPRESENTATION_ITEM()RATIONAL_B_SPLINE_CURVE((1.,1.,1.,1.,1.,1.,1.,1.,1.,1.,1.,1.))REPRESENTATION_ITEM('')) ;
#7352=(BOUNDED_CURVE()B_SPLINE_CURVE(5,(#7353,#7354,#7355,#7356,#7357,#7358),.UNSPECIFIED.,.F.,.U.)B_SPLINE_CURVE_WITH_KNOTS((6,6),(0.,31.7371345389),.UNSPECIFIED.)CURVE()GEOMETRIC_REPRESENTATION_ITEM()RATIONAL_B_SPLINE_CURVE((1.,0.6,0.4,0.3,0.25,0.25))REPRESENTATION_ITEM('')) ;
#7362=(BOUNDED_CURVE()B_SPLINE_CURVE(5,(#7363,#7364,#7365,#7366,#7367,#7368,#7369,#7370,#7371,#7372,#7373,#7374),.UNSPECIFIED.,.F.,.U.)B_SPLINE_CURVE_WITH_KNOTS((6,3,3,6),(0.,38.4005090406,76.9893932409,115.766535092),.UNSPECIFIED.)CURVE()GEOMETRIC_REPRESENTATION_ITEM()RATIONAL_B_SPLINE_CURVE((0.25,0.25,0.25,0.25,0.25,0.25,0.25,0.25,0.25,0.25,0.25,0.25))REPRESENTATION_ITEM('')) ;
#7378=(BOUNDED_CURVE()B_SPLINE_CURVE(5,(#7379,#7380,#7381,#7382,#7383,#7384),.UNSPECIFIED.,.F.,.U.)B_SPLINE_CURVE_WITH_KNOTS((6,6),(0.,31.7371345389),.UNSPECIFIED.)CURVE()GEOMETRIC_REPRESENTATION_ITEM()RATIONAL_B_SPLINE_CURVE((1.,0.6,0.4,0.3,0.25,0.25))REPRESENTATION_ITEM('')) ;
#7466=(BOUNDED_CURVE()B_SPLINE_CURVE(5,(#7467,#7468,#7469,#7470,#7471,#7472),.UNSPECIFIED.,.F.,.U.)B_SPLINE_CURVE_WITH_KNOTS((6,6),(31.7371345389,63.4742690779),.UNSPECIFIED.)CURVE()GEOMETRIC_REPRESENTATION_ITEM()RATIONAL_B_SPLINE_CURVE((0.25,0.25,0.3,0.4,0.6,1.))REPRESENTATION_ITEM('')) ;
#7474=(BOUNDED_CURVE()B_SPLINE_CURVE(5,(#7475,#7476,#7477,#7478,#7479,#7480),.UNSPECIFIED.,.F.,.U.)B_SPLINE_CURVE_WITH_KNOTS((6,6),(31.7371345389,63.4742690779),.UNSPECIFIED.)CURVE()GEOMETRIC_REPRESENTATION_ITEM()RATIONAL_B_SPLINE_CURVE((0.25,0.25,0.3,0.4,0.6,1.))REPRESENTATION_ITEM('')) ;
#7572=(BOUNDED_CURVE()B_SPLINE_CURVE(5,(#7573,#7574,#7575,#7576,#7577,#7578,#7579,#7580,#7581,#7582,#7583,#7584),.UNSPECIFIED.,.F.,.U.)B_SPLINE_CURVE_WITH_KNOTS((6,3,3,6),(0.,38.3953014166,76.9784569546,115.749234954),.UNSPECIFIED.)CURVE()GEOMETRIC_REPRESENTATION_ITEM()RATIONAL_B_SPLINE_CURVE((1.,1.,1.,1.,1.,1.,1.,1.,1.,1.,1.,1.))REPRESENTATION_ITEM('')) ;
#7588=(BOUNDED_CURVE()B_SPLINE_CURVE(5,(#7589,#7590,#7591,#7592,#7593,#7594,#7595,#7596,#7597,#7598,#7599,#7600),.UNSPECIFIED.,.F.,.U.)B_SPLINE_CURVE_WITH_KNOTS((6,3,3,6),(0.,38.3953014166,76.9784569546,115.749234954),.UNSPECIFIED.)CURVE()GEOMETRIC_REPRESENTATION_ITEM()RATIONAL_B_SPLINE_CURVE((0.25,0.25,0.25,0.25,0.25,0.25,0.25,0.25,0.25,0.25,0.25,0.25))REPRESENTATION_ITEM('')) ;
#7604=(BOUNDED_CURVE()B_SPLINE_CURVE(5,(#7605,#7606,#7607,#7608,#7609,#7610),.UNSPECIFIED.,.F.,.U.)B_SPLINE_CURVE_WITH_KNOTS((6,6),(0.,31.7403857984),.UNSPECIFIED.)CURVE()GEOMETRIC_REPRESENTATION_ITEM()RATIONAL_B_SPLINE_CURVE((1.,0.6,0.4,0.3,0.25,0.25))REPRESENTATION_ITEM('')) ;
#7692=(BOUNDED_CURVE()B_SPLINE_CURVE(5,(#7693,#7694,#7695,#7696,#7697,#7698),.UNSPECIFIED.,.F.,.U.)B_SPLINE_CURVE_WITH_KNOTS((6,6),(31.7403857984,63.4807715969),.UNSPECIFIED.)CURVE()GEOMETRIC_REPRESENTATION_ITEM()RATIONAL_B_SPLINE_CURVE((0.25,0.25,0.3,0.4,0.6,1.))REPRESENTATION_ITEM('')) ;
#7780=(BOUNDED_CURVE()B_SPLINE_CURVE(5,(#7781,#7782,#7783,#7784,#7785,#7786,#7787,#7788,#7789,#7790,#7791,#7792),.UNSPECIFIED.,.F.,.U.)B_SPLINE_CURVE_WITH_KNOTS((6,3,3,6),(0.,38.3843784978,76.9560161584,115.714732268),.UNSPECIFIED.)CURVE()GEOMETRIC_REPRESENTATION_ITEM()RATIONAL_B_SPLINE_CURVE((1.,1.,1.,1.,1.,1.,1.,1.,1.,1.,1.,1.))REPRESENTATION_ITEM('')) ;
#7796=(BOUNDED_CURVE()B_SPLINE_CURVE(5,(#7797,#7798,#7799,#7800,#7801,#7802,#7803,#7804,#7805,#7806,#7807,#7808),.UNSPECIFIED.,.F.,.U.)B_SPLINE_CURVE_WITH_KNOTS((6,3,3,6),(0.,38.3843784978,76.9560161584,115.714732268),.UNSPECIFIED.)CURVE()GEOMETRIC_REPRESENTATION_ITEM()RATIONAL_B_SPLINE_CURVE((0.25,0.25,0.25,0.25,0.25,0.25,0.25,0.25,0.25,0.25,0.25,0.25))REPRESENTATION_ITEM('')) ;
#7812=(BOUNDED_CURVE()B_SPLINE_CURVE(5,(#7813,#7814,#7815,#7816,#7817,#7818),.UNSPECIFIED.,.F.,.U.)B_SPLINE_CURVE_WITH_KNOTS((6,6),(0.,31.7468111795),.UNSPECIFIED.)CURVE()GEOMETRIC_REPRESENTATION_ITEM()RATIONAL_B_SPLINE_CURVE((1.,0.6,0.4,0.3,0.25,0.25))REPRESENTATION_ITEM('')) ;
#7900=(BOUNDED_CURVE()B_SPLINE_CURVE(5,(#7901,#7902,#7903,#7904,#7905,#7906),.UNSPECIFIED.,.F.,.U.)B_SPLINE_CURVE_WITH_KNOTS((6,6),(31.7468111795,63.493622359),.UNSPECIFIED.)CURVE()GEOMETRIC_REPRESENTATION_ITEM()RATIONAL_B_SPLINE_CURVE((0.25,0.25,0.3,0.4,0.6,1.))REPRESENTATION_ITEM('')) ;
#7261=(BOUNDED_SURFACE()B_SPLINE_SURFACE(5,5,((#7262,#7263,#7264,#7265,#7266,#7267),(#7268,#7269,#7270,#7271,#7272,#7273),(#7274,#7275,#7276,#7277,#7278,#7279),(#7280,#7281,#7282,#7283,#7284,#7285),(#7286,#7287,#7288,#7289,#7290,#7291),(#7292,#7293,#7294,#7295,#7296,#7297),(#7298,#7299,#7300,#7301,#7302,#7303),(#7304,#7305,#7306,#7307,#7308,#7309),(#7310,#7311,#7312,#7313,#7314,#7315),(#7316,#7317,#7318,#7319,#7320,#7321),(#7322,#7323,#7324,#7325,#7326,#7327),(#7328,#7329,#7330,#7331,#7332,#7333)),.UNSPECIFIED.,.F.,.F.,.U.)B_SPLINE_SURFACE_WITH_KNOTS((6,3,3,6),(6,6),(0.,38.4005090406,76.9893932409,115.766535092),(0.,31.7371345389),.UNSPECIFIED.)GEOMETRIC_REPRESENTATION_ITEM()RATIONAL_B_SPLINE_SURFACE(((1.,0.6,0.4,0.3,0.25,0.25),(1.,0.6,0.4,0.3,0.25,0.25),(1.,0.6,0.4,0.3,0.25,0.25),(1.,0.6,0.4,0.3,0.25,0.25),(1.,0.6,0.4,0.3,0.25,0.25),(1.,0.6,0.4,0.3,0.25,0.25),(1.,0.6,0.4,0.3,0.25,0.25),(1.,0.6,0.4,0.3,0.25,0.25),(1.,0.6,0.4,0.3,0.25,0.25),(1.,0.6,0.4,0.3,0.25,0.25),(1.,0.6,0.4,0.3,0.25,0.25),(1.,0.6,0.4,0.3,0.25,0.25)))REPRESENTATION_ITEM('Rational BSpline Surface')SURFACE()) ;
#7393=(BOUNDED_SURFACE()B_SPLINE_SURFACE(5,5,((#7394,#7395,#7396,#7397,#7398,#7399),(#7400,#7401,#7402,#7403,#7404,#7405),(#7406,#7407,#7408,#7409,#7410,#7411),(#7412,#7413,#7414,#7415,#7416,#7417),(#7418,#7419,#7420,#7421,#7422,#7423),(#7424,#7425,#7426,#7427,#7428,#7429),(#7430,#7431,#7432,#7433,#7434,#7435),(#7436,#7437,#7438,#7439,#7440,#7441),(#7442,#7443,#7444,#7445,#7446,#7447),(#7448,#7449,#7450,#7451,#7452,#7453),(#7454,#7455,#7456,#7457,#7458,#7459),(#7460,#7461,#7462,#7463,#7464,#7465)),.UNSPECIFIED.,.F.,.F.,.U.)B_SPLINE_SURFACE_WITH_KNOTS((6,3,3,6),(6,6),(0.,38.4005090406,76.9893932409,115.766535092),(31.7371345389,63.4742690779),.UNSPECIFIED.)GEOMETRIC_REPRESENTATION_ITEM()RATIONAL_B_SPLINE_SURFACE(((0.25,0.25,0.3,0.4,0.6,1.),(0.25,0.25,0.3,0.4,0.6,1.),(0.25,0.25,0.3,0.4,0.6,1.),(0.25,0.25,0.3,0.4,0.6,1.),(0.25,0.25,0.3,0.4,0.6,1.),(0.25,0.25,0.3,0.4,0.6,1.),(0.25,0.25,0.3,0.4,0.6,1.),(0.25,0.25,0.3,0.4,0.6,1.),(0.25,0.25,0.3,0.4,0.6,1.),(0.25,0.25,0.3,0.4,0.6,1.),(0.25,0.25,0.3,0.4,0.6,1.),(0.25,0.25,0.3,0.4,0.6,1.)))REPRESENTATION_ITEM('Rational BSpline Surface')SURFACE()) ;
#7499=(BOUNDED_SURFACE()B_SPLINE_SURFACE(5,5,((#7500,#7501,#7502,#7503,#7504,#7505),(#7506,#7507,#7508,#7509,#7510,#7511),(#7512,#7513,#7514,#7515,#7516,#7517),(#7518,#7519,#7520,#7521,#7522,#7523),(#7524,#7525,#7526,#7527,#7528,#7529),(#7530,#7531,#7532,#7533,#7534,#7535),(#7536,#7537,#7538,#7539,#7540,#7541),(#7542,#7543,#7544,#7545,#7546,#7547),(#7548,#7549,#7550,#7551,#7552,#7553),(#7554,#7555,#7556,#7557,#7558,#7559),(#7560,#7561,#7562,#7563,#7564,#7565),(#7566,#7567,#7568,#7569,#7570,#7571)),.UNSPECIFIED.,.F.,.F.,.U.)B_SPLINE_SURFACE_WITH_KNOTS((6,3,3,6),(6,6),(0.,38.3953014166,76.9784569546,115.749234954),(0.,31.7403857984),.UNSPECIFIED.)GEOMETRIC_REPRESENTATION_ITEM()RATIONAL_B_SPLINE_SURFACE(((1.,0.6,0.4,0.3,0.25,0.25),(1.,0.6,0.4,0.3,0.25,0.25),(1.,0.6,0.4,0.3,0.25,0.25),(1.,0.6,0.4,0.3,0.25,0.25),(1.,0.6,0.4,0.3,0.25,0.25),(1.,0.6,0.4,0.3,0.25,0.25),(1.,0.6,0.4,0.3,0.25,0.25),(1.,0.6,0.4,0.3,0.25,0.25),(1.,0.6,0.4,0.3,0.25,0.25),(1.,0.6,0.4,0.3,0.25,0.25),(1.,0.6,0.4,0.3,0.25,0.25),(1.,0.6,0.4,0.3,0.25,0.25)))REPRESENTATION_ITEM('Rational BSpline Surface')SURFACE()) ;
#7619=(BOUNDED_SURFACE()B_SPLINE_SURFACE(5,5,((#7620,#7621,#7622,#7623,#7624,#7625),(#7626,#7627,#7628,#7629,#7630,#7631),(#7632,#7633,#7634,#7635,#7636,#7637),(#7638,#7639,#7640,#7641,#7642,#7643),(#7644,#7645,#7646,#7647,#7648,#7649),(#7650,#7651,#7652,#7653,#7654,#7655),(#7656,#7657,#7658,#7659,#7660,#7661),(#7662,#7663,#7664,#7665,#7666,#7667),(#7668,#7669,#7670,#7671,#7672,#7673),(#7674,#7675,#7676,#7677,#7678,#7679),(#7680,#7681,#7682,#7683,#7684,#7685),(#7686,#7687,#7688,#7689,#7690,#7691)),.UNSPECIFIED.,.F.,.F.,.U.)B_SPLINE_SURFACE_WITH_KNOTS((6,3,3,6),(6,6),(0.,38.3953014166,76.9784569546,115.749234954),(31.7403857984,63.4807715969),.UNSPECIFIED.)GEOMETRIC_REPRESENTATION_ITEM()RATIONAL_B_SPLINE_SURFACE(((0.25,0.25,0.3,0.4,0.6,1.),(0.25,0.25,0.3,0.4,0.6,1.),(0.25,0.25,0.3,0.4,0.6,1.),(0.25,0.25,0.3,0.4,0.6,1.),(0.25,0.25,0.3,0.4,0.6,1.),(0.25,0.25,0.3,0.4,0.6,1.),(0.25,0.25,0.3,0.4,0.6,1.),(0.25,0.25,0.3,0.4,0.6,1.),(0.25,0.25,0.3,0.4,0.6,1.),(0.25,0.25,0.3,0.4,0.6,1.),(0.25,0.25,0.3,0.4,0.6,1.),(0.25,0.25,0.3,0.4,0.6,1.)))REPRESENTATION_ITEM('Rational BSpline Surface')SURFACE()) ;
#7707=(BOUNDED_SURFACE()B_SPLINE_SURFACE(5,5,((#7708,#7709,#7710,#7711,#7712,#7713),(#7714,#7715,#7716,#7717,#7718,#7719),(#7720,#7721,#7722,#7723,#7724,#7725),(#7726,#7727,#7728,#7729,#7730,#7731),(#7732,#7733,#7734,#7735,#7736,#7737),(#7738,#7739,#7740,#7741,#7742,#7743),(#7744,#7745,#7746,#7747,#7748,#7749),(#7750,#7751,#7752,#7753,#7754,#7755),(#7756,#7757,#7758,#7759,#7760,#7761),(#7762,#7763,#7764,#7765,#7766,#7767),(#7768,#7769,#7770,#7771,#7772,#7773),(#7774,#7775,#7776,#7777,#7778,#7779)),.UNSPECIFIED.,.F.,.F.,.U.)B_SPLINE_SURFACE_WITH_KNOTS((6,3,3,6),(6,6),(0.,38.3843784978,76.9560161584,115.714732268),(0.,31.7468111795),.UNSPECIFIED.)GEOMETRIC_REPRESENTATION_ITEM()RATIONAL_B_SPLINE_SURFACE(((1.,0.6,0.4,0.3,0.25,0.25),(1.,0.6,0.4,0.3,0.25,0.25),(1.,0.6,0.4,0.3,0.25,0.25),(1.,0.6,0.4,0.3,0.25,0.25),(1.,0.6,0.4,0.3,0.25,0.25),(1.,0.6,0.4,0.3,0.25,0.25),(1.,0.6,0.4,0.3,0.25,0.25),(1.,0.6,0.4,0.3,0.25,0.25),(1.,0.6,0.4,0.3,0.25,0.25),(1.,0.6,0.4,0.3,0.25,0.25),(1.,0.6,0.4,0.3,0.25,0.25),(1.,0.6,0.4,0.3,0.25,0.25)))REPRESENTATION_ITEM('Rational BSpline Surface')SURFACE()) ;
#7827=(BOUNDED_SURFACE()B_SPLINE_SURFACE(5,5,((#7828,#7829,#7830,#7831,#7832,#7833),(#7834,#7835,#7836,#7837,#7838,#7839),(#7840,#7841,#7842,#7843,#7844,#7845),(#7846,#7847,#7848,#7849,#7850,#7851),(#7852,#7853,#7854,#7855,#7856,#7857),(#7858,#7859,#7860,#7861,#7862,#7863),(#7864,#7865,#7866,#7867,#7868,#7869),(#7870,#7871,#7872,#7873,#7874,#7875),(#7876,#7877,#7878,#7879,#7880,#7881),(#7882,#7883,#7884,#7885,#7886,#7887),(#7888,#7889,#7890,#7891,#7892,#7893),(#7894,#7895,#7896,#7897,#7898,#7899)),.UNSPECIFIED.,.F.,.F.,.U.)B_SPLINE_SURFACE_WITH_KNOTS((6,3,3,6),(6,6),(0.,38.3843784978,76.9560161584,115.714732268),(31.7468111795,63.493622359),.UNSPECIFIED.)GEOMETRIC_REPRESENTATION_ITEM()RATIONAL_B_SPLINE_SURFACE(((0.25,0.25,0.3,0.4,0.6,1.),(0.25,0.25,0.3,0.4,0.6,1.),(0.25,0.25,0.3,0.4,0.6,1.),(0.25,0.25,0.3,0.4,0.6,1.),(0.25,0.25,0.3,0.4,0.6,1.),(0.25,0.25,0.3,0.4,0.6,1.),(0.25,0.25,0.3,0.4,0.6,1.),(0.25,0.25,0.3,0.4,0.6,1.),(0.25,0.25,0.3,0.4,0.6,1.),(0.25,0.25,0.3,0.4,0.6,1.),(0.25,0.25,0.3,0.4,0.6,1.),(0.25,0.25,0.3,0.4,0.6,1.)))REPRESENTATION_ITEM('Rational BSpline Surface')SURFACE()) ;
#46=(LENGTH_UNIT()NAMED_UNIT(*)SI_UNIT(.MILLI.,.METRE.)) ;
#47=(NAMED_UNIT(*)PLANE_ANGLE_UNIT()SI_UNIT($,.RADIAN.)) ;
#49=(NAMED_UNIT(*)SI_UNIT($,.STERADIAN.)SOLID_ANGLE_UNIT()) ;
#51=(GEOMETRIC_REPRESENTATION_CONTEXT(3)GLOBAL_UNCERTAINTY_ASSIGNED_CONTEXT((#50))GLOBAL_UNIT_ASSIGNED_CONTEXT((#46,#47,#49))REPRESENTATION_CONTEXT(' ',' ')) ;
#53=(GEOMETRIC_REPRESENTATION_CONTEXT(3)GLOBAL_UNCERTAINTY_ASSIGNED_CONTEXT((#52))GLOBAL_UNIT_ASSIGNED_CONTEXT((#46,#47,#49))REPRESENTATION_CONTEXT(' ',' ')) ;
#7251=(GEOMETRIC_REPRESENTATION_CONTEXT(3)GLOBAL_UNCERTAINTY_ASSIGNED_CONTEXT((#7250))GLOBAL_UNIT_ASSIGNED_CONTEXT((#46,#47,#49))REPRESENTATION_CONTEXT(' ',' ')) ;
#7942=(GEOMETRIC_REPRESENTATION_CONTEXT(3)GLOBAL_UNCERTAINTY_ASSIGNED_CONTEXT((#7941))GLOBAL_UNIT_ASSIGNED_CONTEXT((#46,#47,#49))REPRESENTATION_CONTEXT(' ',' ')) ;
#7240=(REPRESENTATION_RELATIONSHIP(' ',' ',#54,#44)REPRESENTATION_RELATIONSHIP_WITH_TRANSFORMATION(#7241)SHAPE_REPRESENTATION_RELATIONSHIP()) ;
#7931=(REPRESENTATION_RELATIONSHIP(' ',' ',#7252,#44)REPRESENTATION_RELATIONSHIP_WITH_TRANSFORMATION(#7932)SHAPE_REPRESENTATION_RELATIONSHIP()) ;
#7946=(REPRESENTATION_RELATIONSHIP(' ',' ',#54,#44)REPRESENTATION_RELATIONSHIP_WITH_TRANSFORMATION(#7947)SHAPE_REPRESENTATION_RELATIONSHIP()) ;
ENDSEC;
END-ISO-10303-21;
